{"IPA":{"words":[{"x":"alcohol","value":115175},{"x":"sweetness","value":116725},{"x":"floral","value":117310},{"x":"hoppy","value":118542},{"x":"fruit","value":118895},{"x":"caramel","value":144788},{"x":"nose","value":147053},{"x":"great","value":158205},{"x":"lacing","value":195802},{"x":"white","value":202436},{"x":"bitter","value":209962},{"x":"grapefruit","value":213962},{"x":"sweet","value":220079},{"x":"pine","value":227207},{"x":"light","value":230014},{"x":"bitterness","value":231322},{"x":"orange","value":239832},{"x":"citrus","value":338567},{"x":"hop","value":343219},{"x":"ipa","value":355327}]},"Lager":{"words":[{"x":"sweetness","value":28757},{"x":"clean","value":28961},{"x":"bad","value":29151},{"x":"slightly","value":29473},{"x":"bitterness","value":29616},{"x":"crisp","value":30102},{"x":"malts","value":30103},{"x":"thin","value":31787},{"x":"corn","value":32010},{"x":"pretty","value":32187},{"x":"yellow","value":32823},{"x":"drink","value":35275},{"x":"pale","value":36284},{"x":"lacing","value":37029},{"x":"hop","value":38195},{"x":"clear","value":43991},{"x":"white","value":52955},{"x":"sweet","value":66439},{"x":"lager","value":74383},{"x":"light","value":131332}]},"Ale":{"words":[{"x":"sweetness","value":161656},{"x":"fruit","value":162421},{"x":"slightly","value":164358},{"x":"smooth","value":165655},{"x":"flavors","value":173769},{"x":"great","value":177868},{"x":"alcohol","value":178737},{"x":"bitterness","value":181866},{"x":"malts","value":184409},{"x":"nose","value":192348},{"x":"citrus","value":199827},{"x":"white","value":225681},{"x":"hop","value":241970},{"x":"lacing","value":243051},{"x":"caramel","value":262356},{"x":"brown","value":273552},{"x":"ale","value":287442},{"x":"dark","value":298249},{"x":"sweet","value":376189},{"x":"light","value":463355}]},"Stout":{"words":[{"x":"great","value":97684},{"x":"bitter","value":98334},{"x":"flavors","value":103069},{"x":"bourbon","value":107168},{"x":"malts","value":111018},{"x":"lacing","value":111717},{"x":"thick","value":114940},{"x":"creamy","value":117970},{"x":"smooth","value":122051},{"x":"alcohol","value":127354},{"x":"vanilla","value":132964},{"x":"brown","value":150820},{"x":"light","value":151876},{"x":"sweet","value":168854},{"x":"roasted","value":218100},{"x":"stout","value":255488},{"x":"black","value":255555},{"x":"coffee","value":367834},{"x":"dark","value":379359},{"x":"chocolate","value":443778}]},"Pilsner":{"words":[{"x":"slightly","value":14876},{"x":"pale","value":14991},{"x":"bitter","value":15144},{"x":"floral","value":15144},{"x":"dry","value":16120},{"x":"yellow","value":16292},{"x":"grassy","value":16615},{"x":"style","value":17903},{"x":"clean","value":19306},{"x":"lacing","value":19449},{"x":"bitterness","value":20514},{"x":"clear","value":21196},{"x":"pils","value":21229},{"x":"golden","value":21730},{"x":"sweet","value":23886},{"x":"crisp","value":25296},{"x":"hop","value":31371},{"x":"white","value":32534},{"x":"pilsner","value":35235},{"x":"light","value":51075}]},"Porter":{"words":[{"x":"caramel","value":30712},{"x":"bitter","value":31195},{"x":"nose","value":31819},{"x":"great","value":32097},{"x":"flavors","value":34885},{"x":"creamy","value":36019},{"x":"vanilla","value":38778},{"x":"smooth","value":40206},{"x":"tan","value":40596},{"x":"lacing","value":41623},{"x":"malts","value":44958},{"x":"sweet","value":53890},{"x":"black","value":65132},{"x":"light","value":71082},{"x":"brown","value":74439},{"x":"roasted","value":81359},{"x":"porter","value":100837},{"x":"coffee","value":118149},{"x":"chocolate","value":131624},{"x":"dark","value":134195}]},"Fruit":{"words":[{"x":"flavors","value":13637},{"x":"great","value":13727},{"x":"slightly","value":13817},{"x":"cherries","value":14179},{"x":"fruity","value":14498},{"x":"pretty","value":14540},{"x":"drink","value":14985},{"x":"nose","value":16012},{"x":"sweetness","value":16625},{"x":"red","value":16628},{"x":"wheat","value":16672},{"x":"lacing","value":17820},{"x":"white","value":21679},{"x":"raspberry","value":22410},{"x":"sour","value":24255},{"x":"cherry","value":26611},{"x":"tart","value":27783},{"x":"fruit","value":37319},{"x":"light","value":46716},{"x":"sweet","value":48155}]},"Roggenbier":{"words":[{"x":"spice","value":3761},{"x":"flavors","value":3869},{"x":"amber","value":3895},{"x":"malts","value":3962},{"x":"brown","value":4047},{"x":"dry","value":4244},{"x":"white","value":4285},{"x":"great","value":4372},{"x":"bitter","value":4378},{"x":"nose","value":4432},{"x":"bitterness","value":4979},{"x":"dark","value":5058},{"x":"citrus","value":5990},{"x":"lacing","value":6000},{"x":"caramel","value":6382},{"x":"sweet","value":6436},{"x":"hop","value":6760},{"x":"spicy","value":7203},{"x":"light","value":8289},{"x":"rye","value":33815}]},"Smoke":{"words":[{"x":"smokiness","value":3399},{"x":"nose","value":3444},{"x":"tan","value":3472},{"x":"smooth","value":3636},{"x":"flavors","value":3835},{"x":"smokey","value":4166},{"x":"lacing","value":4379},{"x":"smoky","value":4461},{"x":"malts","value":4865},{"x":"coffee","value":4938},{"x":"black","value":4984},{"x":"sweet","value":5051},{"x":"roasted","value":5552},{"x":"porter","value":6473},{"x":"brown","value":6676},{"x":"light","value":8264},{"x":"chocolate","value":8391},{"x":"dark","value":10888},{"x":"smoked","value":11397},{"x":"smoke","value":17502}]},"Barleywine":{"words":[{"x":"malts","value":17560},{"x":"sugar","value":17806},{"x":"vanilla","value":17983},{"x":"smooth","value":18226},{"x":"big","value":18891},{"x":"bourbon","value":18897},{"x":"flavors","value":18947},{"x":"nose","value":19745},{"x":"lacing","value":20149},{"x":"sweetness","value":20221},{"x":"fruit","value":20380},{"x":"hop","value":21117},{"x":"toffee","value":21269},{"x":"light","value":26439},{"x":"brown","value":31552},{"x":"barleywine","value":33089},{"x":"dark","value":41850},{"x":"caramel","value":49512},{"x":"alcohol","value":50082},{"x":"sweet","value":53089}]},"Herb":{"words":[{"x":"pretty","value":4557},{"x":"brown","value":4579},{"x":"brew","value":4590},{"x":"slightly","value":4706},{"x":"orange","value":4926},{"x":"quite","value":4956},{"x":"dark","value":5103},{"x":"sweetness","value":5172},{"x":"nose","value":5185},{"x":"interesting","value":5248},{"x":"flavors","value":5277},{"x":"spices","value":5417},{"x":"spice","value":5571},{"x":"ale","value":5814},{"x":"lacing","value":6052},{"x":"honey","value":7608},{"x":"white","value":8013},{"x":"ginger","value":9767},{"x":"sweet","value":12961},{"x":"light","value":14576}]}}