[{"brewery":"Cerveses Alpha SL","city":"La Cortinada","lat":42.5755678,"long":1.5193446,"best_beer_IPA":"Alpha Sant Corneli","best_beer_score_IPA":2.6766666667,"most_popular_beer_IPA":"Alpha Sant Corneli","popularity_IPA":4.0,"n_beers_IPA":1.0,"avg_abv_IPA":6.4,"max_abv_beer_IPA":"Alpha Sant Corneli","max_abv_IPA":6.4,"best_beer_Ale":"Alpha Eagle","best_beer_score_Ale":3.205,"most_popular_beer_Ale":"Alpha La Font Del Bisbe","popularity_Ale":6.0,"n_beers_Ale":4.0,"avg_abv_Ale":5.55,"max_abv_beer_Ale":"Alpha Sant Corneli","max_abv_Ale":6.4,"best_beer_Lager":null,"best_beer_score_Lager":null,"most_popular_beer_Lager":null,"popularity_Lager":null,"n_beers_Lager":null,"avg_abv_Lager":null,"max_abv_beer_Lager":null,"max_abv_Lager":null,"best_beer_Stout":"Alpha Crepuscle","best_beer_score_Stout":2.912,"most_popular_beer_Stout":"Alpha Crepuscle","popularity_Stout":3.0,"n_beers_Stout":1.0,"avg_abv_Stout":8.5,"max_abv_beer_Stout":"Alpha Crepuscle","max_abv_Stout":8.5,"best_beer_Pilsner":"Alpha Pilsener","best_beer_score_Pilsner":2.596,"most_popular_beer_Pilsner":"Alpha Pilsener","popularity_Pilsner":3.0,"n_beers_Pilsner":1.0,"avg_abv_Pilsner":5.1,"max_abv_beer_Pilsner":"Alpha Pilsener","max_abv_Pilsner":5.1,"best_beer_Porter":null,"best_beer_score_Porter":null,"most_popular_beer_Porter":null,"popularity_Porter":null,"n_beers_Porter":null,"avg_abv_Porter":null,"max_abv_beer_Porter":null,"max_abv_Porter":null,"best_beer_Fruit":null,"best_beer_score_Fruit":null,"most_popular_beer_Fruit":null,"popularity_Fruit":null,"n_beers_Fruit":null,"avg_abv_Fruit":null,"max_abv_beer_Fruit":null,"max_abv_Fruit":null,"best_beer_Roggenbier":null,"best_beer_score_Roggenbier":null,"most_popular_beer_Roggenbier":null,"popularity_Roggenbier":null,"n_beers_Roggenbier":null,"avg_abv_Roggenbier":null,"max_abv_beer_Roggenbier":null,"max_abv_Roggenbier":null,"best_beer_Herb":null,"best_beer_score_Herb":null,"most_popular_beer_Herb":null,"popularity_Herb":null,"n_beers_Herb":null,"avg_abv_Herb":null,"max_abv_beer_Herb":null,"max_abv_Herb":null,"best_beer_Smoke":"Alpha Fums","best_beer_score_Smoke":3.3525,"most_popular_beer_Smoke":"Alpha Fums","popularity_Smoke":2.0,"n_beers_Smoke":1.0,"avg_abv_Smoke":7.5,"max_abv_beer_Smoke":"Alpha Fums","max_abv_Smoke":7.5,"best_beer_Barleywine":null,"best_beer_score_Barleywine":null,"most_popular_beer_Barleywine":null,"popularity_Barleywine":null,"n_beers_Barleywine":null,"avg_abv_Barleywine":null,"max_abv_beer_Barleywine":null,"max_abv_Barleywine":null,"best_beer":"Alpha Fums","best_beer_score":3.3525,"most_popular_beer":"Alpha La Font Del Bisbe","popularity":6.0,"n_beers":9.0,"avg_abv":6.1888888889,"max_abv_beer":"Alpha Crepuscle","max_abv":8.5}]