[{"brewery":"Banks (Barbados) Breweries Limited","city":"Christ Church","lat":13.08946485,"long":-59.5352144384,"best_beer_IPA":null,"best_beer_score_IPA":null,"most_popular_beer_IPA":null,"popularity_IPA":null,"n_beers_IPA":null,"avg_abv_IPA":null,"max_abv_beer_IPA":null,"max_abv_IPA":null,"best_beer_Ale":"Banks Amber Ale","best_beer_score_Ale":3.284,"most_popular_beer_Ale":"Banks Amber Ale","popularity_Ale":8.0,"n_beers_Ale":2.0,"avg_abv_Ale":5.2,"max_abv_beer_Ale":"Hard Ears Golden Ram","max_abv_Ale":5.4,"best_beer_Lager":"Banks Caribbean Lager","best_beer_score_Lager":2.8592237443,"most_popular_beer_Lager":"Banks Caribbean Lager","popularity_Lager":217.0,"n_beers_Lager":5.0,"avg_abv_Lager":5.14,"max_abv_beer_Lager":"Seven Strong Lager","max_abv_Lager":7.0,"best_beer_Stout":"Stallion Stout","best_beer_score_Stout":3.6465217391,"most_popular_beer_Stout":"Stallion Stout","popularity_Stout":21.0,"n_beers_Stout":3.0,"avg_abv_Stout":5.8,"max_abv_beer_Stout":"Guinness Foreign Extra Stout (Barbados)","max_abv_Stout":7.5,"best_beer_Pilsner":"Deputy","best_beer_score_Pilsner":3.081,"most_popular_beer_Pilsner":"Deputy","popularity_Pilsner":8.0,"n_beers_Pilsner":1.0,"avg_abv_Pilsner":4.6,"max_abv_beer_Pilsner":"Deputy","max_abv_Pilsner":4.6,"best_beer_Porter":null,"best_beer_score_Porter":null,"most_popular_beer_Porter":null,"popularity_Porter":null,"n_beers_Porter":null,"avg_abv_Porter":null,"max_abv_beer_Porter":null,"max_abv_Porter":null,"best_beer_Fruit":"Twist Shandy","best_beer_score_Fruit":2.915,"most_popular_beer_Fruit":"Banks Shandy Sorrel","popularity_Fruit":6.0,"n_beers_Fruit":3.0,"avg_abv_Fruit":1.0,"max_abv_beer_Fruit":"Banks Shandy Sorrel","max_abv_Fruit":1.2,"best_beer_Roggenbier":null,"best_beer_score_Roggenbier":null,"most_popular_beer_Roggenbier":null,"popularity_Roggenbier":null,"n_beers_Roggenbier":null,"avg_abv_Roggenbier":null,"max_abv_beer_Roggenbier":null,"max_abv_Roggenbier":null,"best_beer_Herb":null,"best_beer_score_Herb":null,"most_popular_beer_Herb":null,"popularity_Herb":null,"n_beers_Herb":null,"avg_abv_Herb":null,"max_abv_beer_Herb":null,"max_abv_Herb":null,"best_beer_Smoke":null,"best_beer_score_Smoke":null,"most_popular_beer_Smoke":null,"popularity_Smoke":null,"n_beers_Smoke":null,"avg_abv_Smoke":null,"max_abv_beer_Smoke":null,"max_abv_Smoke":null,"best_beer_Barleywine":null,"best_beer_score_Barleywine":null,"most_popular_beer_Barleywine":null,"popularity_Barleywine":null,"n_beers_Barleywine":null,"avg_abv_Barleywine":null,"max_abv_beer_Barleywine":null,"max_abv_Barleywine":null,"best_beer":"Stallion Stout","best_beer_score":3.6465217391,"most_popular_beer":"Banks Caribbean Lager","popularity":217.0,"n_beers":14.0,"avg_abv":4.3642857143,"max_abv_beer":"Guinness Foreign Extra Stout (Barbados)","max_abv":7.5},{"brewery":"10 Saints Brewing Company","city":"Speightstown","lat":13.25072,"long":-59.64396,"best_beer_IPA":null,"best_beer_score_IPA":null,"most_popular_beer_IPA":null,"popularity_IPA":null,"n_beers_IPA":null,"avg_abv_IPA":null,"max_abv_beer_IPA":null,"max_abv_IPA":null,"best_beer_Ale":null,"best_beer_score_Ale":null,"most_popular_beer_Ale":null,"popularity_Ale":null,"n_beers_Ale":null,"avg_abv_Ale":null,"max_abv_beer_Ale":null,"max_abv_Ale":null,"best_beer_Lager":"10 Saints Beer Aged In Rum Casks Bajan Style","best_beer_score_Lager":3.0994444444,"most_popular_beer_Lager":"10 Saints Beer Aged In Rum Casks Bajan Style","popularity_Lager":16.0,"n_beers_Lager":1.0,"avg_abv_Lager":4.8,"max_abv_beer_Lager":"10 Saints Beer Aged In Rum Casks Bajan Style","max_abv_Lager":4.8,"best_beer_Stout":null,"best_beer_score_Stout":null,"most_popular_beer_Stout":null,"popularity_Stout":null,"n_beers_Stout":null,"avg_abv_Stout":null,"max_abv_beer_Stout":null,"max_abv_Stout":null,"best_beer_Pilsner":null,"best_beer_score_Pilsner":null,"most_popular_beer_Pilsner":null,"popularity_Pilsner":null,"n_beers_Pilsner":null,"avg_abv_Pilsner":null,"max_abv_beer_Pilsner":null,"max_abv_Pilsner":null,"best_beer_Porter":null,"best_beer_score_Porter":null,"most_popular_beer_Porter":null,"popularity_Porter":null,"n_beers_Porter":null,"avg_abv_Porter":null,"max_abv_beer_Porter":null,"max_abv_Porter":null,"best_beer_Fruit":null,"best_beer_score_Fruit":null,"most_popular_beer_Fruit":null,"popularity_Fruit":null,"n_beers_Fruit":null,"avg_abv_Fruit":null,"max_abv_beer_Fruit":null,"max_abv_Fruit":null,"best_beer_Roggenbier":null,"best_beer_score_Roggenbier":null,"most_popular_beer_Roggenbier":null,"popularity_Roggenbier":null,"n_beers_Roggenbier":null,"avg_abv_Roggenbier":null,"max_abv_beer_Roggenbier":null,"max_abv_Roggenbier":null,"best_beer_Herb":null,"best_beer_score_Herb":null,"most_popular_beer_Herb":null,"popularity_Herb":null,"n_beers_Herb":null,"avg_abv_Herb":null,"max_abv_beer_Herb":null,"max_abv_Herb":null,"best_beer_Smoke":null,"best_beer_score_Smoke":null,"most_popular_beer_Smoke":null,"popularity_Smoke":null,"n_beers_Smoke":null,"avg_abv_Smoke":null,"max_abv_beer_Smoke":null,"max_abv_Smoke":null,"best_beer_Barleywine":null,"best_beer_score_Barleywine":null,"most_popular_beer_Barleywine":null,"popularity_Barleywine":null,"n_beers_Barleywine":null,"avg_abv_Barleywine":null,"max_abv_beer_Barleywine":null,"max_abv_Barleywine":null,"best_beer":"10 Saints Beer Aged In Rum Casks Bajan Style","best_beer_score":3.0994444444,"most_popular_beer":"10 Saints Beer Aged In Rum Casks Bajan Style","popularity":16.0,"n_beers":1.0,"avg_abv":4.8,"max_abv_beer":"10 Saints Beer Aged In Rum Casks Bajan Style","max_abv":4.8}]