[{"brewery":"On De Rock Craft Brewery","city":"Hamilton","lat":32.2949,"long":-64.78303,"best_beer_IPA":"SMASH IPA","best_beer_score_IPA":2.3466666667,"most_popular_beer_IPA":"SMASH IPA","popularity_IPA":1.0,"n_beers_IPA":1.0,"avg_abv_IPA":7.0,"max_abv_beer_IPA":"SMASH IPA","max_abv_IPA":7.0,"best_beer_Ale":"Onderock Pale Ale","best_beer_score_Ale":2.86,"most_popular_beer_Ale":"Onderock Pale Ale","popularity_Ale":1.0,"n_beers_Ale":2.0,"avg_abv_Ale":6.3,"max_abv_beer_Ale":"Onderock Belgian Blonde","max_abv_Ale":7.5,"best_beer_Lager":null,"best_beer_score_Lager":null,"most_popular_beer_Lager":null,"popularity_Lager":null,"n_beers_Lager":null,"avg_abv_Lager":null,"max_abv_beer_Lager":null,"max_abv_Lager":null,"best_beer_Stout":null,"best_beer_score_Stout":null,"most_popular_beer_Stout":null,"popularity_Stout":null,"n_beers_Stout":null,"avg_abv_Stout":null,"max_abv_beer_Stout":null,"max_abv_Stout":null,"best_beer_Pilsner":null,"best_beer_score_Pilsner":null,"most_popular_beer_Pilsner":null,"popularity_Pilsner":null,"n_beers_Pilsner":null,"avg_abv_Pilsner":null,"max_abv_beer_Pilsner":null,"max_abv_Pilsner":null,"best_beer_Porter":null,"best_beer_score_Porter":null,"most_popular_beer_Porter":null,"popularity_Porter":null,"n_beers_Porter":null,"avg_abv_Porter":null,"max_abv_beer_Porter":null,"max_abv_Porter":null,"best_beer_Fruit":null,"best_beer_score_Fruit":null,"most_popular_beer_Fruit":null,"popularity_Fruit":null,"n_beers_Fruit":null,"avg_abv_Fruit":null,"max_abv_beer_Fruit":null,"max_abv_Fruit":null,"best_beer_Roggenbier":null,"best_beer_score_Roggenbier":null,"most_popular_beer_Roggenbier":null,"popularity_Roggenbier":null,"n_beers_Roggenbier":null,"avg_abv_Roggenbier":null,"max_abv_beer_Roggenbier":null,"max_abv_Roggenbier":null,"best_beer_Herb":null,"best_beer_score_Herb":null,"most_popular_beer_Herb":null,"popularity_Herb":null,"n_beers_Herb":null,"avg_abv_Herb":null,"max_abv_beer_Herb":null,"max_abv_Herb":null,"best_beer_Smoke":null,"best_beer_score_Smoke":null,"most_popular_beer_Smoke":null,"popularity_Smoke":null,"n_beers_Smoke":null,"avg_abv_Smoke":null,"max_abv_beer_Smoke":null,"max_abv_Smoke":null,"best_beer_Barleywine":null,"best_beer_score_Barleywine":null,"most_popular_beer_Barleywine":null,"popularity_Barleywine":null,"n_beers_Barleywine":null,"avg_abv_Barleywine":null,"max_abv_beer_Barleywine":null,"max_abv_Barleywine":null,"best_beer":"Onderock Pale Ale","best_beer_score":2.86,"most_popular_beer":"Onderock Pale Ale","popularity":1.0,"n_beers":3.0,"avg_abv":6.5333333333,"max_abv_beer":"Onderock Belgian Blonde","max_abv":7.5},{"brewery":"The Frog & Onion Pub","city":"Somerset Island","lat":32.2944065,"long":-64.8700899404,"best_beer_IPA":"Trunk Island Pale Ale","best_beer_score_IPA":3.3037142857,"most_popular_beer_IPA":"Trunk Island Pale Ale","popularity_IPA":33.0,"n_beers_IPA":1.0,"avg_abv_IPA":5.8,"max_abv_beer_IPA":"Trunk Island Pale Ale","max_abv_IPA":5.8,"best_beer_Ale":"Trunk Island Pale Ale","best_beer_score_Ale":3.3037142857,"most_popular_beer_Ale":"Trunk Island Pale Ale","popularity_Ale":33.0,"n_beers_Ale":1.0,"avg_abv_Ale":5.8,"max_abv_beer_Ale":"Trunk Island Pale Ale","max_abv_Ale":5.8,"best_beer_Lager":null,"best_beer_score_Lager":null,"most_popular_beer_Lager":null,"popularity_Lager":null,"n_beers_Lager":null,"avg_abv_Lager":null,"max_abv_beer_Lager":null,"max_abv_Lager":null,"best_beer_Stout":null,"best_beer_score_Stout":null,"most_popular_beer_Stout":null,"popularity_Stout":null,"n_beers_Stout":null,"avg_abv_Stout":null,"max_abv_beer_Stout":null,"max_abv_Stout":null,"best_beer_Pilsner":"St. David's Lager","best_beer_score_Pilsner":2.9395238095,"most_popular_beer_Pilsner":"St. David's Lager","popularity_Pilsner":19.0,"n_beers_Pilsner":1.0,"avg_abv_Pilsner":4.8,"max_abv_beer_Pilsner":"St. David's Lager","max_abv_Pilsner":4.8,"best_beer_Porter":"Black Anchor Porter","best_beer_score_Porter":3.4519354839,"most_popular_beer_Porter":"Black Anchor Porter","popularity_Porter":29.0,"n_beers_Porter":1.0,"avg_abv_Porter":6.2,"max_abv_beer_Porter":"Black Anchor Porter","max_abv_Porter":6.2,"best_beer_Fruit":null,"best_beer_score_Fruit":null,"most_popular_beer_Fruit":null,"popularity_Fruit":null,"n_beers_Fruit":null,"avg_abv_Fruit":null,"max_abv_beer_Fruit":null,"max_abv_Fruit":null,"best_beer_Roggenbier":null,"best_beer_score_Roggenbier":null,"most_popular_beer_Roggenbier":null,"popularity_Roggenbier":null,"n_beers_Roggenbier":null,"avg_abv_Roggenbier":null,"max_abv_beer_Roggenbier":null,"max_abv_Roggenbier":null,"best_beer_Herb":null,"best_beer_score_Herb":null,"most_popular_beer_Herb":null,"popularity_Herb":null,"n_beers_Herb":null,"avg_abv_Herb":null,"max_abv_beer_Herb":null,"max_abv_Herb":null,"best_beer_Smoke":null,"best_beer_score_Smoke":null,"most_popular_beer_Smoke":null,"popularity_Smoke":null,"n_beers_Smoke":null,"avg_abv_Smoke":null,"max_abv_beer_Smoke":null,"max_abv_Smoke":null,"best_beer_Barleywine":null,"best_beer_score_Barleywine":null,"most_popular_beer_Barleywine":null,"popularity_Barleywine":null,"n_beers_Barleywine":null,"avg_abv_Barleywine":null,"max_abv_beer_Barleywine":null,"max_abv_Barleywine":null,"best_beer":"Black Anchor Porter","best_beer_score":3.4519354839,"most_popular_beer":"Trunk Island Pale Ale","popularity":33.0,"n_beers":5.0,"avg_abv":5.52,"max_abv_beer":"Black Anchor Porter","max_abv":6.2}]