[{"brewery":"Pirate Republic Brewing","city":"Nassau","lat":25.05823,"long":-77.34306,"best_beer_IPA":"Island Pirate Ale","best_beer_score_IPA":3.6783333333,"most_popular_beer_IPA":"Island Pirate Ale","popularity_IPA":22.0,"n_beers_IPA":3.0,"avg_abv_IPA":6.0666666667,"max_abv_beer_IPA":"Take No Quarter IPA","max_abv_IPA":7.3,"best_beer_Ale":"B'Limey Ale","best_beer_score_Ale":2.8333333333,"most_popular_beer_Ale":"B'Limey Ale","popularity_Ale":1.0,"n_beers_Ale":1.0,"avg_abv_Ale":5.7,"max_abv_beer_Ale":"B'Limey Ale","max_abv_Ale":5.7,"best_beer_Lager":null,"best_beer_score_Lager":null,"most_popular_beer_Lager":null,"popularity_Lager":null,"n_beers_Lager":null,"avg_abv_Lager":null,"max_abv_beer_Lager":null,"max_abv_Lager":null,"best_beer_Stout":"Black Beer'd Stout","best_beer_score_Stout":3.8294444444,"most_popular_beer_Stout":"Black Beer'd Stout","popularity_Stout":16.0,"n_beers_Stout":2.0,"avg_abv_Stout":8.7,"max_abv_beer_Stout":"FCCK Imperial Stout","max_abv_Stout":10.5,"best_beer_Pilsner":"Long John Pilsner","best_beer_score_Pilsner":2.985,"most_popular_beer_Pilsner":"Long John Pilsner","popularity_Pilsner":2.0,"n_beers_Pilsner":1.0,"avg_abv_Pilsner":4.5,"max_abv_beer_Pilsner":"Long John Pilsner","max_abv_Pilsner":4.5,"best_beer_Porter":"Toasted Coconut Porter","best_beer_score_Porter":3.336,"most_popular_beer_Porter":"Toasted Coconut Porter","popularity_Porter":3.0,"n_beers_Porter":2.0,"avg_abv_Porter":5.95,"max_abv_beer_Porter":"Toasted Coconut Porter","max_abv_Porter":6.3,"best_beer_Fruit":null,"best_beer_score_Fruit":null,"most_popular_beer_Fruit":null,"popularity_Fruit":null,"n_beers_Fruit":null,"avg_abv_Fruit":null,"max_abv_beer_Fruit":null,"max_abv_Fruit":null,"best_beer_Roggenbier":null,"best_beer_score_Roggenbier":null,"most_popular_beer_Roggenbier":null,"popularity_Roggenbier":null,"n_beers_Roggenbier":null,"avg_abv_Roggenbier":null,"max_abv_beer_Roggenbier":null,"max_abv_Roggenbier":null,"best_beer_Herb":"Yo Ho Ho","best_beer_score_Herb":2.9733333333,"most_popular_beer_Herb":"Yo Ho Ho","popularity_Herb":1.0,"n_beers_Herb":1.0,"avg_abv_Herb":4.8,"max_abv_beer_Herb":"Yo Ho Ho","max_abv_Herb":4.8,"best_beer_Smoke":null,"best_beer_score_Smoke":null,"most_popular_beer_Smoke":null,"popularity_Smoke":null,"n_beers_Smoke":null,"avg_abv_Smoke":null,"max_abv_beer_Smoke":null,"max_abv_Smoke":null,"best_beer_Barleywine":null,"best_beer_score_Barleywine":null,"most_popular_beer_Barleywine":null,"popularity_Barleywine":null,"n_beers_Barleywine":null,"avg_abv_Barleywine":null,"max_abv_beer_Barleywine":null,"max_abv_Barleywine":null,"best_beer":"Black Beer'd Stout","best_beer_score":3.8294444444,"most_popular_beer":"Island Pirate Ale","popularity":22.0,"n_beers":12.0,"avg_abv":6.0216666667,"max_abv_beer":"FCCK Imperial Stout","max_abv":10.5},{"brewery":"Commonwealth Brewery Ltd.","city":"Nassau","lat":25.05823,"long":-77.34306,"best_beer_IPA":null,"best_beer_score_IPA":null,"most_popular_beer_IPA":null,"popularity_IPA":null,"n_beers_IPA":null,"avg_abv_IPA":null,"max_abv_beer_IPA":null,"max_abv_IPA":null,"best_beer_Ale":null,"best_beer_score_Ale":null,"most_popular_beer_Ale":null,"popularity_Ale":null,"n_beers_Ale":null,"avg_abv_Ale":null,"max_abv_beer_Ale":null,"max_abv_Ale":null,"best_beer_Lager":"Kalik Gold","best_beer_score_Lager":3.0707368421,"most_popular_beer_Lager":"Kalik","popularity_Lager":343.0,"n_beers_Lager":4.0,"avg_abv_Lager":5.125,"max_abv_beer_Lager":"Kalik Gold","max_abv_Lager":7.0,"best_beer_Stout":"Guinness Foreign Extra Stout (Bahamas)","best_beer_score_Stout":3.6705263158,"most_popular_beer_Stout":"Guinness Foreign Extra Stout (Bahamas)","popularity_Stout":17.0,"n_beers_Stout":1.0,"avg_abv_Stout":7.5,"max_abv_beer_Stout":"Guinness Foreign Extra Stout (Bahamas)","max_abv_Stout":7.5,"best_beer_Pilsner":null,"best_beer_score_Pilsner":null,"most_popular_beer_Pilsner":null,"popularity_Pilsner":null,"n_beers_Pilsner":null,"avg_abv_Pilsner":null,"max_abv_beer_Pilsner":null,"max_abv_Pilsner":null,"best_beer_Porter":null,"best_beer_score_Porter":null,"most_popular_beer_Porter":null,"popularity_Porter":null,"n_beers_Porter":null,"avg_abv_Porter":null,"max_abv_beer_Porter":null,"max_abv_Porter":null,"best_beer_Fruit":null,"best_beer_score_Fruit":null,"most_popular_beer_Fruit":null,"popularity_Fruit":null,"n_beers_Fruit":null,"avg_abv_Fruit":null,"max_abv_beer_Fruit":null,"max_abv_Fruit":null,"best_beer_Roggenbier":null,"best_beer_score_Roggenbier":null,"most_popular_beer_Roggenbier":null,"popularity_Roggenbier":null,"n_beers_Roggenbier":null,"avg_abv_Roggenbier":null,"max_abv_beer_Roggenbier":null,"max_abv_Roggenbier":null,"best_beer_Herb":null,"best_beer_score_Herb":null,"most_popular_beer_Herb":null,"popularity_Herb":null,"n_beers_Herb":null,"avg_abv_Herb":null,"max_abv_beer_Herb":null,"max_abv_Herb":null,"best_beer_Smoke":null,"best_beer_score_Smoke":null,"most_popular_beer_Smoke":null,"popularity_Smoke":null,"n_beers_Smoke":null,"avg_abv_Smoke":null,"max_abv_beer_Smoke":null,"max_abv_Smoke":null,"best_beer_Barleywine":null,"best_beer_score_Barleywine":null,"most_popular_beer_Barleywine":null,"popularity_Barleywine":null,"n_beers_Barleywine":null,"avg_abv_Barleywine":null,"max_abv_beer_Barleywine":null,"max_abv_Barleywine":null,"best_beer":"Guinness Foreign Extra Stout (Bahamas)","best_beer_score":3.6705263158,"most_popular_beer":"Kalik","popularity":343.0,"n_beers":5.0,"avg_abv":5.6,"max_abv_beer":"Guinness Foreign Extra Stout (Bahamas)","max_abv":7.5},{"brewery":"Bahamian Brewery Beverage & Co. Ltd.","city":"Freeport","lat":26.53333,"long":-78.7,"best_beer_IPA":null,"best_beer_score_IPA":null,"most_popular_beer_IPA":null,"popularity_IPA":null,"n_beers_IPA":null,"avg_abv_IPA":null,"max_abv_beer_IPA":null,"max_abv_IPA":null,"best_beer_Ale":"Virgil Ale","best_beer_score_Ale":3.4133333333,"most_popular_beer_Ale":"Virgil Ale","popularity_Ale":7.0,"n_beers_Ale":1.0,"avg_abv_Ale":6.7,"max_abv_beer_Ale":"Virgil Ale","max_abv_Ale":6.7,"best_beer_Lager":"High Rock Lager","best_beer_score_Lager":2.8395833333,"most_popular_beer_Lager":"Sands Beer","popularity_Lager":109.0,"n_beers_Lager":3.0,"avg_abv_Lager":5.0,"max_abv_beer_Lager":"High Rock Lager","max_abv_Lager":5.6,"best_beer_Stout":"Strong Back Stout","best_beer_score_Stout":3.7193650794,"most_popular_beer_Stout":"Strong Back Stout","popularity_Stout":61.0,"n_beers_Stout":1.0,"avg_abv_Stout":7.6,"max_abv_beer_Stout":"Strong Back Stout","max_abv_Stout":7.6,"best_beer_Pilsner":null,"best_beer_score_Pilsner":null,"most_popular_beer_Pilsner":null,"popularity_Pilsner":null,"n_beers_Pilsner":null,"avg_abv_Pilsner":null,"max_abv_beer_Pilsner":null,"max_abv_Pilsner":null,"best_beer_Porter":null,"best_beer_score_Porter":null,"most_popular_beer_Porter":null,"popularity_Porter":null,"n_beers_Porter":null,"avg_abv_Porter":null,"max_abv_beer_Porter":null,"max_abv_Porter":null,"best_beer_Fruit":"Sands Pink Radler","best_beer_score_Fruit":2.5325,"most_popular_beer_Fruit":"Sands Pink Radler","popularity_Fruit":2.0,"n_beers_Fruit":1.0,"avg_abv_Fruit":2.3,"max_abv_beer_Fruit":"Sands Pink Radler","max_abv_Fruit":2.3,"best_beer_Roggenbier":null,"best_beer_score_Roggenbier":null,"most_popular_beer_Roggenbier":null,"popularity_Roggenbier":null,"n_beers_Roggenbier":null,"avg_abv_Roggenbier":null,"max_abv_beer_Roggenbier":null,"max_abv_Roggenbier":null,"best_beer_Herb":null,"best_beer_score_Herb":null,"most_popular_beer_Herb":null,"popularity_Herb":null,"n_beers_Herb":null,"avg_abv_Herb":null,"max_abv_beer_Herb":null,"max_abv_Herb":null,"best_beer_Smoke":null,"best_beer_score_Smoke":null,"most_popular_beer_Smoke":null,"popularity_Smoke":null,"n_beers_Smoke":null,"avg_abv_Smoke":null,"max_abv_beer_Smoke":null,"max_abv_Smoke":null,"best_beer_Barleywine":null,"best_beer_score_Barleywine":null,"most_popular_beer_Barleywine":null,"popularity_Barleywine":null,"n_beers_Barleywine":null,"avg_abv_Barleywine":null,"max_abv_beer_Barleywine":null,"max_abv_Barleywine":null,"best_beer":"Strong Back Stout","best_beer_score":3.7193650794,"most_popular_beer":"Sands Beer","popularity":109.0,"n_beers":7.0,"avg_abv":5.3571428571,"max_abv_beer":"Strong Back Stout","max_abv":7.6}]