[{"brewery":"Krinitsa","city":"Minsk","lat":53.9,"long":27.56667,"best_beer_IPA":"Mosaic IPA","best_beer_score_IPA":2.9975,"most_popular_beer_IPA":"Mosaic IPA","popularity_IPA":2.0,"n_beers_IPA":1.0,"avg_abv_IPA":4.5,"max_abv_beer_IPA":"Mosaic IPA","max_abv_IPA":4.5,"best_beer_Ale":"APA","best_beer_score_Ale":2.985,"most_popular_beer_Ale":"APA","popularity_Ale":2.0,"n_beers_Ale":1.0,"avg_abv_Ale":5.0,"max_abv_beer_Ale":"APA","max_abv_Ale":5.0,"best_beer_Lager":"Krynitsa Mocnae","best_beer_score_Lager":2.98,"most_popular_beer_Lager":"Krynitsa Eksportnae","popularity_Lager":5.0,"n_beers_Lager":16.0,"avg_abv_Lager":4.94375,"max_abv_beer_Lager":"Krynitsa Mocnae","max_abv_Lager":6.5,"best_beer_Stout":"Pivnaya Karta Stout","best_beer_score_Stout":2.9025,"most_popular_beer_Stout":"Pivnaya Karta Stout","popularity_Stout":2.0,"n_beers_Stout":1.0,"avg_abv_Stout":5.5,"max_abv_beer_Stout":"Pivnaya Karta Stout","max_abv_Stout":5.5,"best_beer_Pilsner":"Star\u00e1 Pivnice Sv\u011btl\u00e9","best_beer_score_Pilsner":2.7075,"most_popular_beer_Pilsner":"Star\u00e1 Pivnice Sv\u011btl\u00e9","popularity_Pilsner":2.0,"n_beers_Pilsner":1.0,"avg_abv_Pilsner":5.0,"max_abv_beer_Pilsner":"Star\u00e1 Pivnice Sv\u011btl\u00e9","max_abv_Pilsner":5.0,"best_beer_Porter":"8\/20","best_beer_score_Porter":2.9425,"most_popular_beer_Porter":"8\/20","popularity_Porter":2.0,"n_beers_Porter":2.0,"avg_abv_Porter":7.4,"max_abv_beer_Porter":"8\/20","max_abv_Porter":8.0,"best_beer_Fruit":null,"best_beer_score_Fruit":null,"most_popular_beer_Fruit":null,"popularity_Fruit":null,"n_beers_Fruit":null,"avg_abv_Fruit":null,"max_abv_beer_Fruit":null,"max_abv_Fruit":null,"best_beer_Roggenbier":null,"best_beer_score_Roggenbier":null,"most_popular_beer_Roggenbier":null,"popularity_Roggenbier":null,"n_beers_Roggenbier":null,"avg_abv_Roggenbier":null,"max_abv_beer_Roggenbier":null,"max_abv_Roggenbier":null,"best_beer_Herb":null,"best_beer_score_Herb":null,"most_popular_beer_Herb":null,"popularity_Herb":null,"n_beers_Herb":null,"avg_abv_Herb":null,"max_abv_beer_Herb":null,"max_abv_Herb":null,"best_beer_Smoke":null,"best_beer_score_Smoke":null,"most_popular_beer_Smoke":null,"popularity_Smoke":null,"n_beers_Smoke":null,"avg_abv_Smoke":null,"max_abv_beer_Smoke":null,"max_abv_Smoke":null,"best_beer_Barleywine":null,"best_beer_score_Barleywine":null,"most_popular_beer_Barleywine":null,"popularity_Barleywine":null,"n_beers_Barleywine":null,"avg_abv_Barleywine":null,"max_abv_beer_Barleywine":null,"max_abv_Barleywine":null,"best_beer":"Kult Weissbier","best_beer_score":3.005,"most_popular_beer":"Krynitsa Eksportnae","popularity":5.0,"n_beers":25.0,"avg_abv":4.948,"max_abv_beer":"8\/20","max_abv":8.0},{"brewery":"Dvinskiy Brovar","city":"Vitebsk","lat":55.1904,"long":30.2049,"best_beer_IPA":null,"best_beer_score_IPA":null,"most_popular_beer_IPA":null,"popularity_IPA":null,"n_beers_IPA":null,"avg_abv_IPA":null,"max_abv_beer_IPA":null,"max_abv_IPA":null,"best_beer_Ale":null,"best_beer_score_Ale":null,"most_popular_beer_Ale":null,"popularity_Ale":null,"n_beers_Ale":null,"avg_abv_Ale":null,"max_abv_beer_Ale":null,"max_abv_Ale":null,"best_beer_Lager":"Temnoe Zoloto","best_beer_score_Lager":2.9475,"most_popular_beer_Lager":"Temnoe Zoloto","popularity_Lager":2.0,"n_beers_Lager":6.0,"avg_abv_Lager":4.4333333333,"max_abv_beer_Lager":"Temnoe Zoloto","max_abv_Lager":4.6,"best_beer_Stout":null,"best_beer_score_Stout":null,"most_popular_beer_Stout":null,"popularity_Stout":null,"n_beers_Stout":null,"avg_abv_Stout":null,"max_abv_beer_Stout":null,"max_abv_Stout":null,"best_beer_Pilsner":"Nikolayevskoye Pilsner","best_beer_score_Pilsner":2.82,"most_popular_beer_Pilsner":"Nikolayevskoye Pilsner","popularity_Pilsner":1.0,"n_beers_Pilsner":1.0,"avg_abv_Pilsner":4.5,"max_abv_beer_Pilsner":"Nikolayevskoye Pilsner","max_abv_Pilsner":4.5,"best_beer_Porter":null,"best_beer_score_Porter":null,"most_popular_beer_Porter":null,"popularity_Porter":null,"n_beers_Porter":null,"avg_abv_Porter":null,"max_abv_beer_Porter":null,"max_abv_Porter":null,"best_beer_Fruit":null,"best_beer_score_Fruit":null,"most_popular_beer_Fruit":null,"popularity_Fruit":null,"n_beers_Fruit":null,"avg_abv_Fruit":null,"max_abv_beer_Fruit":null,"max_abv_Fruit":null,"best_beer_Roggenbier":null,"best_beer_score_Roggenbier":null,"most_popular_beer_Roggenbier":null,"popularity_Roggenbier":null,"n_beers_Roggenbier":null,"avg_abv_Roggenbier":null,"max_abv_beer_Roggenbier":null,"max_abv_Roggenbier":null,"best_beer_Herb":null,"best_beer_score_Herb":null,"most_popular_beer_Herb":null,"popularity_Herb":null,"n_beers_Herb":null,"avg_abv_Herb":null,"max_abv_beer_Herb":null,"max_abv_Herb":null,"best_beer_Smoke":null,"best_beer_score_Smoke":null,"most_popular_beer_Smoke":null,"popularity_Smoke":null,"n_beers_Smoke":null,"avg_abv_Smoke":null,"max_abv_beer_Smoke":null,"max_abv_Smoke":null,"best_beer_Barleywine":null,"best_beer_score_Barleywine":null,"most_popular_beer_Barleywine":null,"popularity_Barleywine":null,"n_beers_Barleywine":null,"avg_abv_Barleywine":null,"max_abv_beer_Barleywine":null,"max_abv_Barleywine":null,"best_beer":"Temnoe Zoloto","best_beer_score":2.9475,"most_popular_beer":"Temnoe Zoloto","popularity":2.0,"n_beers":7.0,"avg_abv":4.4428571429,"max_abv_beer":"Temnoe Zoloto","max_abv":4.6},{"brewery":"Varnitsa (\u0412\u0430\u0440\u043d\u0438\u0446\u0430)","city":"Mahilio\u016d","lat":53.9168,"long":30.3449,"best_beer_IPA":null,"best_beer_score_IPA":null,"most_popular_beer_IPA":null,"popularity_IPA":null,"n_beers_IPA":null,"avg_abv_IPA":null,"max_abv_beer_IPA":null,"max_abv_IPA":null,"best_beer_Ale":"Irlandsky Ale (\u0418\u0440\u043b\u0430\u043d\u0434\u0441\u043a\u0438\u0439 \u042d\u043b\u044c)","best_beer_score_Ale":2.8625,"most_popular_beer_Ale":"Irlandsky Ale (\u0418\u0440\u043b\u0430\u043d\u0434\u0441\u043a\u0438\u0439 \u042d\u043b\u044c)","popularity_Ale":2.0,"n_beers_Ale":2.0,"avg_abv_Ale":5.6,"max_abv_beer_Ale":"Irlandsky Ale (\u0418\u0440\u043b\u0430\u043d\u0434\u0441\u043a\u0438\u0439 \u042d\u043b\u044c)","max_abv_Ale":6.5,"best_beer_Lager":"Barkhatnoye","best_beer_score_Lager":2.58,"most_popular_beer_Lager":"Cheshskoye Dlya Barov","popularity_Lager":1.0,"n_beers_Lager":2.0,"avg_abv_Lager":5.0,"max_abv_beer_Lager":"Cheshskoye Dlya Barov","max_abv_Lager":5.5,"best_beer_Stout":null,"best_beer_score_Stout":null,"most_popular_beer_Stout":null,"popularity_Stout":null,"n_beers_Stout":null,"avg_abv_Stout":null,"max_abv_beer_Stout":null,"max_abv_Stout":null,"best_beer_Pilsner":"Cheshskoye","best_beer_score_Pilsner":2.79,"most_popular_beer_Pilsner":"Nemetskoye","popularity_Pilsner":1.0,"n_beers_Pilsner":3.0,"avg_abv_Pilsner":4.7,"max_abv_beer_Pilsner":"Nemetskoye","max_abv_Pilsner":4.7,"best_beer_Porter":null,"best_beer_score_Porter":null,"most_popular_beer_Porter":null,"popularity_Porter":null,"n_beers_Porter":null,"avg_abv_Porter":null,"max_abv_beer_Porter":null,"max_abv_Porter":null,"best_beer_Fruit":null,"best_beer_score_Fruit":null,"most_popular_beer_Fruit":null,"popularity_Fruit":null,"n_beers_Fruit":null,"avg_abv_Fruit":null,"max_abv_beer_Fruit":null,"max_abv_Fruit":null,"best_beer_Roggenbier":null,"best_beer_score_Roggenbier":null,"most_popular_beer_Roggenbier":null,"popularity_Roggenbier":null,"n_beers_Roggenbier":null,"avg_abv_Roggenbier":null,"max_abv_beer_Roggenbier":null,"max_abv_Roggenbier":null,"best_beer_Herb":null,"best_beer_score_Herb":null,"most_popular_beer_Herb":null,"popularity_Herb":null,"n_beers_Herb":null,"avg_abv_Herb":null,"max_abv_beer_Herb":null,"max_abv_Herb":null,"best_beer_Smoke":null,"best_beer_score_Smoke":null,"most_popular_beer_Smoke":null,"popularity_Smoke":null,"n_beers_Smoke":null,"avg_abv_Smoke":null,"max_abv_beer_Smoke":null,"max_abv_Smoke":null,"best_beer_Barleywine":null,"best_beer_score_Barleywine":null,"most_popular_beer_Barleywine":null,"popularity_Barleywine":null,"n_beers_Barleywine":null,"avg_abv_Barleywine":null,"max_abv_beer_Barleywine":null,"max_abv_Barleywine":null,"best_beer":"Irlandsky Ale (\u0418\u0440\u043b\u0430\u043d\u0434\u0441\u043a\u0438\u0439 \u042d\u043b\u044c)","best_beer_score":2.8625,"most_popular_beer":"Irlandsky Ale (\u0418\u0440\u043b\u0430\u043d\u0434\u0441\u043a\u0438\u0439 \u042d\u043b\u044c)","popularity":2.0,"n_beers":10.0,"avg_abv":5.0,"max_abv_beer":"Irlandsky Ale (\u0418\u0440\u043b\u0430\u043d\u0434\u0441\u043a\u0438\u0439 \u042d\u043b\u044c)","max_abv":6.5},{"brewery":"Lidskoye Pivo OAO","city":"Lida","lat":53.88333,"long":25.29972,"best_beer_IPA":null,"best_beer_score_IPA":null,"most_popular_beer_IPA":null,"popularity_IPA":null,"n_beers_IPA":1.0,"avg_abv_IPA":5.2,"max_abv_beer_IPA":"India Pale Ale IPA","max_abv_IPA":5.2,"best_beer_Ale":null,"best_beer_score_Ale":null,"most_popular_beer_Ale":null,"popularity_Ale":null,"n_beers_Ale":2.0,"avg_abv_Ale":4.6,"max_abv_beer_Ale":"India Pale Ale IPA","max_abv_Ale":5.2,"best_beer_Lager":"Lidskaye Aksamitnoye","best_beer_score_Lager":3.3176923077,"most_popular_beer_Lager":"Lidskaye Aksamitnoye","popularity_Lager":11.0,"n_beers_Lager":13.0,"avg_abv_Lager":5.0615384615,"max_abv_beer_Lager":"Lidskoye Nasha Marka","max_abv_Lager":6.8,"best_beer_Stout":null,"best_beer_score_Stout":null,"most_popular_beer_Stout":null,"popularity_Stout":null,"n_beers_Stout":null,"avg_abv_Stout":null,"max_abv_beer_Stout":null,"max_abv_Stout":null,"best_beer_Pilsner":"Lidskoe Pilsner","best_beer_score_Pilsner":2.7183333333,"most_popular_beer_Pilsner":"Lidskoe Pilsner","popularity_Pilsner":4.0,"n_beers_Pilsner":1.0,"avg_abv_Pilsner":4.2,"max_abv_beer_Pilsner":"Lidskoe Pilsner","max_abv_Pilsner":4.2,"best_beer_Porter":null,"best_beer_score_Porter":null,"most_popular_beer_Porter":null,"popularity_Porter":null,"n_beers_Porter":null,"avg_abv_Porter":null,"max_abv_beer_Porter":null,"max_abv_Porter":null,"best_beer_Fruit":"Lidskoe Vecher V Brugge (Night In Brugge)","best_beer_score_Fruit":2.6316666667,"most_popular_beer_Fruit":"Lidskoe Vecher V Brugge (Night In Brugge)","popularity_Fruit":4.0,"n_beers_Fruit":2.0,"avg_abv_Fruit":4.4,"max_abv_beer_Fruit":"Framboise","max_abv_Fruit":4.6,"best_beer_Roggenbier":null,"best_beer_score_Roggenbier":null,"most_popular_beer_Roggenbier":null,"popularity_Roggenbier":null,"n_beers_Roggenbier":null,"avg_abv_Roggenbier":null,"max_abv_beer_Roggenbier":null,"max_abv_Roggenbier":null,"best_beer_Herb":null,"best_beer_score_Herb":null,"most_popular_beer_Herb":null,"popularity_Herb":null,"n_beers_Herb":3.0,"avg_abv_Herb":4.5333333333,"max_abv_beer_Herb":"Lidskae Zimovae (\u041bi\u0434\u0441\u043a\u0430\u0435 \u0417i\u043c\u043e\u0432\u0430\u0435)","max_abv_Herb":4.8,"best_beer_Smoke":null,"best_beer_score_Smoke":null,"most_popular_beer_Smoke":null,"popularity_Smoke":null,"n_beers_Smoke":1.0,"avg_abv_Smoke":5.1,"max_abv_beer_Smoke":"Jim Beer","max_abv_Smoke":5.1,"best_beer_Barleywine":null,"best_beer_score_Barleywine":null,"most_popular_beer_Barleywine":null,"popularity_Barleywine":null,"n_beers_Barleywine":null,"avg_abv_Barleywine":null,"max_abv_beer_Barleywine":null,"max_abv_Barleywine":null,"best_beer":"Lidskaye Aksamitnoye","best_beer_score":3.3176923077,"most_popular_beer":"Lidskaye Aksamitnoye","popularity":11.0,"n_beers":28.0,"avg_abv":4.3892857143,"max_abv_beer":"Lidskoye Nasha Marka","max_abv":6.8},{"brewery":"Alivaria Pivzavod","city":"Minsk","lat":53.9,"long":27.56667,"best_beer_IPA":null,"best_beer_score_IPA":null,"most_popular_beer_IPA":null,"popularity_IPA":null,"n_beers_IPA":null,"avg_abv_IPA":null,"max_abv_beer_IPA":null,"max_abv_IPA":null,"best_beer_Ale":null,"best_beer_score_Ale":null,"most_popular_beer_Ale":null,"popularity_Ale":null,"n_beers_Ale":null,"avg_abv_Ale":null,"max_abv_beer_Ale":null,"max_abv_Ale":null,"best_beer_Lager":"Alivariya Desyatka","best_beer_score_Lager":2.98,"most_popular_beer_Lager":"Alivariya Extra","popularity_Lager":3.0,"n_beers_Lager":4.0,"avg_abv_Lager":5.0,"max_abv_beer_Lager":"Alivariya Krepkoye","max_abv_Lager":6.8,"best_beer_Stout":null,"best_beer_score_Stout":null,"most_popular_beer_Stout":null,"popularity_Stout":null,"n_beers_Stout":null,"avg_abv_Stout":null,"max_abv_beer_Stout":null,"max_abv_Stout":null,"best_beer_Pilsner":null,"best_beer_score_Pilsner":null,"most_popular_beer_Pilsner":null,"popularity_Pilsner":null,"n_beers_Pilsner":null,"avg_abv_Pilsner":null,"max_abv_beer_Pilsner":null,"max_abv_Pilsner":null,"best_beer_Porter":"Alivariya Porter","best_beer_score_Porter":3.4066666667,"most_popular_beer_Porter":"Alivariya Porter","popularity_Porter":4.0,"n_beers_Porter":1.0,"avg_abv_Porter":6.5,"max_abv_beer_Porter":"Alivariya Porter","max_abv_Porter":6.5,"best_beer_Fruit":"Alivariya The Taste Of Manchester","best_beer_score_Fruit":2.19,"most_popular_beer_Fruit":"Alivariya The Taste Of Manchester","popularity_Fruit":1.0,"n_beers_Fruit":1.0,"avg_abv_Fruit":4.4,"max_abv_beer_Fruit":"Alivariya The Taste Of Manchester","max_abv_Fruit":4.4,"best_beer_Roggenbier":null,"best_beer_score_Roggenbier":null,"most_popular_beer_Roggenbier":null,"popularity_Roggenbier":null,"n_beers_Roggenbier":null,"avg_abv_Roggenbier":null,"max_abv_beer_Roggenbier":null,"max_abv_Roggenbier":null,"best_beer_Herb":null,"best_beer_score_Herb":null,"most_popular_beer_Herb":null,"popularity_Herb":null,"n_beers_Herb":null,"avg_abv_Herb":null,"max_abv_beer_Herb":null,"max_abv_Herb":null,"best_beer_Smoke":null,"best_beer_score_Smoke":null,"most_popular_beer_Smoke":null,"popularity_Smoke":null,"n_beers_Smoke":null,"avg_abv_Smoke":null,"max_abv_beer_Smoke":null,"max_abv_Smoke":null,"best_beer_Barleywine":null,"best_beer_score_Barleywine":null,"most_popular_beer_Barleywine":null,"popularity_Barleywine":null,"n_beers_Barleywine":null,"avg_abv_Barleywine":null,"max_abv_beer_Barleywine":null,"max_abv_Barleywine":null,"best_beer":"Alivariya Porter","best_beer_score":3.4066666667,"most_popular_beer":"Alivaria Beloe Zoloto","popularity":11.0,"n_beers":8.0,"avg_abv":5.1125,"max_abv_beer":"Alivariya Krepkoye","max_abv":6.8},{"brewery":"Brestskiy Kombinat Bezalkogolnych Napitkov","city":"\u0411\u0440\u044d\u0301\u0441\u0442 (Brest)","lat":52.093751,"long":23.6851851,"best_beer_IPA":null,"best_beer_score_IPA":null,"most_popular_beer_IPA":null,"popularity_IPA":null,"n_beers_IPA":null,"avg_abv_IPA":null,"max_abv_beer_IPA":null,"max_abv_IPA":null,"best_beer_Ale":null,"best_beer_score_Ale":null,"most_popular_beer_Ale":null,"popularity_Ale":null,"n_beers_Ale":null,"avg_abv_Ale":null,"max_abv_beer_Ale":null,"max_abv_Ale":null,"best_beer_Lager":"Brestskoye Dark","best_beer_score_Lager":2.94,"most_popular_beer_Lager":"Belovezhskoe Osoboe","popularity_Lager":2.0,"n_beers_Lager":10.0,"avg_abv_Lager":4.45,"max_abv_beer_Lager":"Belovezhskoe Osoboe","max_abv_Lager":5.2,"best_beer_Stout":null,"best_beer_score_Stout":null,"most_popular_beer_Stout":null,"popularity_Stout":null,"n_beers_Stout":null,"avg_abv_Stout":null,"max_abv_beer_Stout":null,"max_abv_Stout":null,"best_beer_Pilsner":null,"best_beer_score_Pilsner":null,"most_popular_beer_Pilsner":null,"popularity_Pilsner":null,"n_beers_Pilsner":null,"avg_abv_Pilsner":null,"max_abv_beer_Pilsner":null,"max_abv_Pilsner":null,"best_beer_Porter":"Brestskoe Porter","best_beer_score_Porter":2.7466666667,"most_popular_beer_Porter":"Brestskoe Porter","popularity_Porter":1.0,"n_beers_Porter":2.0,"avg_abv_Porter":6.85,"max_abv_beer_Porter":"Porter Brestskiy","max_abv_Porter":7.2,"best_beer_Fruit":null,"best_beer_score_Fruit":null,"most_popular_beer_Fruit":null,"popularity_Fruit":null,"n_beers_Fruit":null,"avg_abv_Fruit":null,"max_abv_beer_Fruit":null,"max_abv_Fruit":null,"best_beer_Roggenbier":null,"best_beer_score_Roggenbier":null,"most_popular_beer_Roggenbier":null,"popularity_Roggenbier":null,"n_beers_Roggenbier":null,"avg_abv_Roggenbier":null,"max_abv_beer_Roggenbier":null,"max_abv_Roggenbier":null,"best_beer_Herb":null,"best_beer_score_Herb":null,"most_popular_beer_Herb":null,"popularity_Herb":null,"n_beers_Herb":null,"avg_abv_Herb":null,"max_abv_beer_Herb":null,"max_abv_Herb":null,"best_beer_Smoke":null,"best_beer_score_Smoke":null,"most_popular_beer_Smoke":null,"popularity_Smoke":null,"n_beers_Smoke":null,"avg_abv_Smoke":null,"max_abv_beer_Smoke":null,"max_abv_Smoke":null,"best_beer_Barleywine":null,"best_beer_score_Barleywine":null,"most_popular_beer_Barleywine":null,"popularity_Barleywine":null,"n_beers_Barleywine":null,"avg_abv_Barleywine":null,"max_abv_beer_Barleywine":null,"max_abv_Barleywine":null,"best_beer":"Brestskoye Dark","best_beer_score":2.94,"most_popular_beer":"Belovezhskoe Osoboe","popularity":2.0,"n_beers":12.0,"avg_abv":4.85,"max_abv_beer":"Porter Brestskiy","max_abv":7.2},{"brewery":"Brestskoye Pivo","city":"Brest","lat":52.09755,"long":23.68775,"best_beer_IPA":null,"best_beer_score_IPA":null,"most_popular_beer_IPA":null,"popularity_IPA":null,"n_beers_IPA":null,"avg_abv_IPA":null,"max_abv_beer_IPA":null,"max_abv_IPA":null,"best_beer_Ale":null,"best_beer_score_Ale":null,"most_popular_beer_Ale":null,"popularity_Ale":null,"n_beers_Ale":null,"avg_abv_Ale":null,"max_abv_beer_Ale":null,"max_abv_Ale":null,"best_beer_Lager":"Rago Stiprusis Alus","best_beer_score_Lager":2.1733333333,"most_popular_beer_Lager":"Rago Stiprusis Alus","popularity_Lager":1.0,"n_beers_Lager":1.0,"avg_abv_Lager":7.5,"max_abv_beer_Lager":"Rago Stiprusis Alus","max_abv_Lager":7.5,"best_beer_Stout":null,"best_beer_score_Stout":null,"most_popular_beer_Stout":null,"popularity_Stout":null,"n_beers_Stout":null,"avg_abv_Stout":null,"max_abv_beer_Stout":null,"max_abv_Stout":null,"best_beer_Pilsner":null,"best_beer_score_Pilsner":null,"most_popular_beer_Pilsner":null,"popularity_Pilsner":null,"n_beers_Pilsner":null,"avg_abv_Pilsner":null,"max_abv_beer_Pilsner":null,"max_abv_Pilsner":null,"best_beer_Porter":null,"best_beer_score_Porter":null,"most_popular_beer_Porter":null,"popularity_Porter":null,"n_beers_Porter":null,"avg_abv_Porter":null,"max_abv_beer_Porter":null,"max_abv_Porter":null,"best_beer_Fruit":null,"best_beer_score_Fruit":null,"most_popular_beer_Fruit":null,"popularity_Fruit":null,"n_beers_Fruit":null,"avg_abv_Fruit":null,"max_abv_beer_Fruit":null,"max_abv_Fruit":null,"best_beer_Roggenbier":null,"best_beer_score_Roggenbier":null,"most_popular_beer_Roggenbier":null,"popularity_Roggenbier":null,"n_beers_Roggenbier":null,"avg_abv_Roggenbier":null,"max_abv_beer_Roggenbier":null,"max_abv_Roggenbier":null,"best_beer_Herb":null,"best_beer_score_Herb":null,"most_popular_beer_Herb":null,"popularity_Herb":null,"n_beers_Herb":null,"avg_abv_Herb":null,"max_abv_beer_Herb":null,"max_abv_Herb":null,"best_beer_Smoke":null,"best_beer_score_Smoke":null,"most_popular_beer_Smoke":null,"popularity_Smoke":null,"n_beers_Smoke":null,"avg_abv_Smoke":null,"max_abv_beer_Smoke":null,"max_abv_Smoke":null,"best_beer_Barleywine":null,"best_beer_score_Barleywine":null,"most_popular_beer_Barleywine":null,"popularity_Barleywine":null,"n_beers_Barleywine":null,"avg_abv_Barleywine":null,"max_abv_beer_Barleywine":null,"max_abv_Barleywine":null,"best_beer":"Rago Stiprusis Alus","best_beer_score":2.1733333333,"most_popular_beer":"Rago Stiprusis Alus","popularity":1.0,"n_beers":1.0,"avg_abv":7.5,"max_abv_beer":"Rago Stiprusis Alus","max_abv":7.5},{"brewery":"Restoran-pivovarnia Druzya","city":"Minsk","lat":53.9,"long":27.56667,"best_beer_IPA":null,"best_beer_score_IPA":null,"most_popular_beer_IPA":null,"popularity_IPA":null,"n_beers_IPA":null,"avg_abv_IPA":null,"max_abv_beer_IPA":null,"max_abv_IPA":null,"best_beer_Ale":null,"best_beer_score_Ale":null,"most_popular_beer_Ale":null,"popularity_Ale":null,"n_beers_Ale":1.0,"avg_abv_Ale":4.7,"max_abv_beer_Ale":"Citra Single Hop APA","max_abv_Ale":4.7,"best_beer_Lager":null,"best_beer_score_Lager":null,"most_popular_beer_Lager":null,"popularity_Lager":null,"n_beers_Lager":null,"avg_abv_Lager":null,"max_abv_beer_Lager":null,"max_abv_Lager":null,"best_beer_Stout":null,"best_beer_score_Stout":null,"most_popular_beer_Stout":null,"popularity_Stout":null,"n_beers_Stout":null,"avg_abv_Stout":null,"max_abv_beer_Stout":null,"max_abv_Stout":null,"best_beer_Pilsner":null,"best_beer_score_Pilsner":null,"most_popular_beer_Pilsner":null,"popularity_Pilsner":null,"n_beers_Pilsner":null,"avg_abv_Pilsner":null,"max_abv_beer_Pilsner":null,"max_abv_Pilsner":null,"best_beer_Porter":null,"best_beer_score_Porter":null,"most_popular_beer_Porter":null,"popularity_Porter":null,"n_beers_Porter":null,"avg_abv_Porter":null,"max_abv_beer_Porter":null,"max_abv_Porter":null,"best_beer_Fruit":null,"best_beer_score_Fruit":null,"most_popular_beer_Fruit":null,"popularity_Fruit":null,"n_beers_Fruit":null,"avg_abv_Fruit":null,"max_abv_beer_Fruit":null,"max_abv_Fruit":null,"best_beer_Roggenbier":null,"best_beer_score_Roggenbier":null,"most_popular_beer_Roggenbier":null,"popularity_Roggenbier":null,"n_beers_Roggenbier":null,"avg_abv_Roggenbier":null,"max_abv_beer_Roggenbier":null,"max_abv_Roggenbier":null,"best_beer_Herb":null,"best_beer_score_Herb":null,"most_popular_beer_Herb":null,"popularity_Herb":null,"n_beers_Herb":null,"avg_abv_Herb":null,"max_abv_beer_Herb":null,"max_abv_Herb":null,"best_beer_Smoke":null,"best_beer_score_Smoke":null,"most_popular_beer_Smoke":null,"popularity_Smoke":null,"n_beers_Smoke":null,"avg_abv_Smoke":null,"max_abv_beer_Smoke":null,"max_abv_Smoke":null,"best_beer_Barleywine":null,"best_beer_score_Barleywine":null,"most_popular_beer_Barleywine":null,"popularity_Barleywine":null,"n_beers_Barleywine":null,"avg_abv_Barleywine":null,"max_abv_beer_Barleywine":null,"max_abv_Barleywine":null,"best_beer":null,"best_beer_score":null,"most_popular_beer":null,"popularity":null,"n_beers":1.0,"avg_abv":4.7,"max_abv_beer":"Citra Single Hop APA","max_abv":4.7},{"brewery":"Pivovarni Heineken","city":"Minsk","lat":53.9,"long":27.56667,"best_beer_IPA":null,"best_beer_score_IPA":null,"most_popular_beer_IPA":null,"popularity_IPA":null,"n_beers_IPA":null,"avg_abv_IPA":null,"max_abv_beer_IPA":null,"max_abv_IPA":null,"best_beer_Ale":null,"best_beer_score_Ale":null,"most_popular_beer_Ale":null,"popularity_Ale":null,"n_beers_Ale":null,"avg_abv_Ale":null,"max_abv_beer_Ale":null,"max_abv_Ale":null,"best_beer_Lager":"Bobrov Svetloe","best_beer_score_Lager":2.7566666667,"most_popular_beer_Lager":"Bobrov Svetloe","popularity_Lager":1.0,"n_beers_Lager":1.0,"avg_abv_Lager":4.0,"max_abv_beer_Lager":"Bobrov Svetloe","max_abv_Lager":4.0,"best_beer_Stout":null,"best_beer_score_Stout":null,"most_popular_beer_Stout":null,"popularity_Stout":null,"n_beers_Stout":null,"avg_abv_Stout":null,"max_abv_beer_Stout":null,"max_abv_Stout":null,"best_beer_Pilsner":null,"best_beer_score_Pilsner":null,"most_popular_beer_Pilsner":null,"popularity_Pilsner":null,"n_beers_Pilsner":null,"avg_abv_Pilsner":null,"max_abv_beer_Pilsner":null,"max_abv_Pilsner":null,"best_beer_Porter":null,"best_beer_score_Porter":null,"most_popular_beer_Porter":null,"popularity_Porter":null,"n_beers_Porter":null,"avg_abv_Porter":null,"max_abv_beer_Porter":null,"max_abv_Porter":null,"best_beer_Fruit":null,"best_beer_score_Fruit":null,"most_popular_beer_Fruit":null,"popularity_Fruit":null,"n_beers_Fruit":null,"avg_abv_Fruit":null,"max_abv_beer_Fruit":null,"max_abv_Fruit":null,"best_beer_Roggenbier":null,"best_beer_score_Roggenbier":null,"most_popular_beer_Roggenbier":null,"popularity_Roggenbier":null,"n_beers_Roggenbier":null,"avg_abv_Roggenbier":null,"max_abv_beer_Roggenbier":null,"max_abv_Roggenbier":null,"best_beer_Herb":null,"best_beer_score_Herb":null,"most_popular_beer_Herb":null,"popularity_Herb":null,"n_beers_Herb":null,"avg_abv_Herb":null,"max_abv_beer_Herb":null,"max_abv_Herb":null,"best_beer_Smoke":null,"best_beer_score_Smoke":null,"most_popular_beer_Smoke":null,"popularity_Smoke":null,"n_beers_Smoke":null,"avg_abv_Smoke":null,"max_abv_beer_Smoke":null,"max_abv_Smoke":null,"best_beer_Barleywine":null,"best_beer_score_Barleywine":null,"most_popular_beer_Barleywine":null,"popularity_Barleywine":null,"n_beers_Barleywine":null,"avg_abv_Barleywine":null,"max_abv_beer_Barleywine":null,"max_abv_Barleywine":null,"best_beer":"Bobrov Svetloe","best_beer_score":2.7566666667,"most_popular_beer":"Bobrov Svetloe","popularity":1.0,"n_beers":1.0,"avg_abv":4.0,"max_abv_beer":"Bobrov Svetloe","max_abv":4.0},{"brewery":"Dednovo Brewery","city":"Bobruisk","lat":53.1384,"long":29.2214,"best_beer_IPA":null,"best_beer_score_IPA":null,"most_popular_beer_IPA":null,"popularity_IPA":null,"n_beers_IPA":null,"avg_abv_IPA":null,"max_abv_beer_IPA":null,"max_abv_IPA":null,"best_beer_Ale":null,"best_beer_score_Ale":null,"most_popular_beer_Ale":null,"popularity_Ale":null,"n_beers_Ale":null,"avg_abv_Ale":null,"max_abv_beer_Ale":null,"max_abv_Ale":null,"best_beer_Lager":"Zhigulevskoye Lubitelskoye","best_beer_score_Lager":2.02,"most_popular_beer_Lager":"Zhigulevskoye Lubitelskoye","popularity_Lager":1.0,"n_beers_Lager":1.0,"avg_abv_Lager":3.7,"max_abv_beer_Lager":"Zhigulevskoye Lubitelskoye","max_abv_Lager":3.7,"best_beer_Stout":null,"best_beer_score_Stout":null,"most_popular_beer_Stout":null,"popularity_Stout":null,"n_beers_Stout":null,"avg_abv_Stout":null,"max_abv_beer_Stout":null,"max_abv_Stout":null,"best_beer_Pilsner":null,"best_beer_score_Pilsner":null,"most_popular_beer_Pilsner":null,"popularity_Pilsner":null,"n_beers_Pilsner":null,"avg_abv_Pilsner":null,"max_abv_beer_Pilsner":null,"max_abv_Pilsner":null,"best_beer_Porter":null,"best_beer_score_Porter":null,"most_popular_beer_Porter":null,"popularity_Porter":null,"n_beers_Porter":null,"avg_abv_Porter":null,"max_abv_beer_Porter":null,"max_abv_Porter":null,"best_beer_Fruit":null,"best_beer_score_Fruit":null,"most_popular_beer_Fruit":null,"popularity_Fruit":null,"n_beers_Fruit":null,"avg_abv_Fruit":null,"max_abv_beer_Fruit":null,"max_abv_Fruit":null,"best_beer_Roggenbier":null,"best_beer_score_Roggenbier":null,"most_popular_beer_Roggenbier":null,"popularity_Roggenbier":null,"n_beers_Roggenbier":null,"avg_abv_Roggenbier":null,"max_abv_beer_Roggenbier":null,"max_abv_Roggenbier":null,"best_beer_Herb":null,"best_beer_score_Herb":null,"most_popular_beer_Herb":null,"popularity_Herb":null,"n_beers_Herb":null,"avg_abv_Herb":null,"max_abv_beer_Herb":null,"max_abv_Herb":null,"best_beer_Smoke":null,"best_beer_score_Smoke":null,"most_popular_beer_Smoke":null,"popularity_Smoke":null,"n_beers_Smoke":null,"avg_abv_Smoke":null,"max_abv_beer_Smoke":null,"max_abv_Smoke":null,"best_beer_Barleywine":null,"best_beer_score_Barleywine":null,"most_popular_beer_Barleywine":null,"popularity_Barleywine":null,"n_beers_Barleywine":null,"avg_abv_Barleywine":null,"max_abv_beer_Barleywine":null,"max_abv_Barleywine":null,"best_beer":"Zhigulevskoye Lubitelskoye","best_beer_score":2.02,"most_popular_beer":"Zhigulevskoye Lubitelskoye","popularity":1.0,"n_beers":1.0,"avg_abv":3.7,"max_abv_beer":"Zhigulevskoye Lubitelskoye","max_abv":3.7},{"brewery":"Polotskiy Pivovarennyi Zavod","city":"\u041f\u043e\u0301\u043b\u0430\u0446\u043a (Polotsk)","lat":55.4854656,"long":28.7682339,"best_beer_IPA":null,"best_beer_score_IPA":null,"most_popular_beer_IPA":null,"popularity_IPA":null,"n_beers_IPA":null,"avg_abv_IPA":null,"max_abv_beer_IPA":null,"max_abv_IPA":null,"best_beer_Ale":null,"best_beer_score_Ale":null,"most_popular_beer_Ale":null,"popularity_Ale":null,"n_beers_Ale":null,"avg_abv_Ale":null,"max_abv_beer_Ale":null,"max_abv_Ale":null,"best_beer_Lager":"Polotskoe Zolotistoe","best_beer_score_Lager":2.5133333333,"most_popular_beer_Lager":"Polotskoe Zolotistoe","popularity_Lager":1.0,"n_beers_Lager":1.0,"avg_abv_Lager":4.7,"max_abv_beer_Lager":"Polotskoe Zolotistoe","max_abv_Lager":4.7,"best_beer_Stout":null,"best_beer_score_Stout":null,"most_popular_beer_Stout":null,"popularity_Stout":null,"n_beers_Stout":null,"avg_abv_Stout":null,"max_abv_beer_Stout":null,"max_abv_Stout":null,"best_beer_Pilsner":null,"best_beer_score_Pilsner":null,"most_popular_beer_Pilsner":null,"popularity_Pilsner":null,"n_beers_Pilsner":null,"avg_abv_Pilsner":null,"max_abv_beer_Pilsner":null,"max_abv_Pilsner":null,"best_beer_Porter":null,"best_beer_score_Porter":null,"most_popular_beer_Porter":null,"popularity_Porter":null,"n_beers_Porter":null,"avg_abv_Porter":null,"max_abv_beer_Porter":null,"max_abv_Porter":null,"best_beer_Fruit":null,"best_beer_score_Fruit":null,"most_popular_beer_Fruit":null,"popularity_Fruit":null,"n_beers_Fruit":null,"avg_abv_Fruit":null,"max_abv_beer_Fruit":null,"max_abv_Fruit":null,"best_beer_Roggenbier":null,"best_beer_score_Roggenbier":null,"most_popular_beer_Roggenbier":null,"popularity_Roggenbier":null,"n_beers_Roggenbier":null,"avg_abv_Roggenbier":null,"max_abv_beer_Roggenbier":null,"max_abv_Roggenbier":null,"best_beer_Herb":null,"best_beer_score_Herb":null,"most_popular_beer_Herb":null,"popularity_Herb":null,"n_beers_Herb":null,"avg_abv_Herb":null,"max_abv_beer_Herb":null,"max_abv_Herb":null,"best_beer_Smoke":null,"best_beer_score_Smoke":null,"most_popular_beer_Smoke":null,"popularity_Smoke":null,"n_beers_Smoke":null,"avg_abv_Smoke":null,"max_abv_beer_Smoke":null,"max_abv_Smoke":null,"best_beer_Barleywine":null,"best_beer_score_Barleywine":null,"most_popular_beer_Barleywine":null,"popularity_Barleywine":null,"n_beers_Barleywine":null,"avg_abv_Barleywine":null,"max_abv_beer_Barleywine":null,"max_abv_Barleywine":null,"best_beer":"Polotskoe Zolotistoe","best_beer_score":2.5133333333,"most_popular_beer":"Polotskoe Zolotistoe","popularity":1.0,"n_beers":1.0,"avg_abv":4.7,"max_abv_beer":"Polotskoe Zolotistoe","max_abv":4.7}]