[{"brewery":"Prime Microbrewery","city":"Ayia Napa","lat":34.98213,"long":34.00183,"best_beer_IPA":null,"best_beer_score_IPA":null,"most_popular_beer_IPA":null,"popularity_IPA":null,"n_beers_IPA":null,"avg_abv_IPA":null,"max_abv_beer_IPA":null,"max_abv_IPA":null,"best_beer_Ale":null,"best_beer_score_Ale":null,"most_popular_beer_Ale":null,"popularity_Ale":null,"n_beers_Ale":3.0,"avg_abv_Ale":4.5,"max_abv_beer_Ale":"Prime Pale Ale","max_abv_Ale":4.5,"best_beer_Lager":null,"best_beer_score_Lager":null,"most_popular_beer_Lager":null,"popularity_Lager":null,"n_beers_Lager":null,"avg_abv_Lager":null,"max_abv_beer_Lager":null,"max_abv_Lager":null,"best_beer_Stout":null,"best_beer_score_Stout":null,"most_popular_beer_Stout":null,"popularity_Stout":null,"n_beers_Stout":1.0,"avg_abv_Stout":4.5,"max_abv_beer_Stout":"Prime Black","max_abv_Stout":4.5,"best_beer_Pilsner":"Cyprus Pils","best_beer_score_Pilsner":2.8166666667,"most_popular_beer_Pilsner":"Cyprus Pils","popularity_Pilsner":1.0,"n_beers_Pilsner":1.0,"avg_abv_Pilsner":4.5,"max_abv_beer_Pilsner":"Cyprus Pils","max_abv_Pilsner":4.5,"best_beer_Porter":null,"best_beer_score_Porter":null,"most_popular_beer_Porter":null,"popularity_Porter":null,"n_beers_Porter":null,"avg_abv_Porter":null,"max_abv_beer_Porter":null,"max_abv_Porter":null,"best_beer_Fruit":null,"best_beer_score_Fruit":null,"most_popular_beer_Fruit":null,"popularity_Fruit":null,"n_beers_Fruit":null,"avg_abv_Fruit":null,"max_abv_beer_Fruit":null,"max_abv_Fruit":null,"best_beer_Roggenbier":null,"best_beer_score_Roggenbier":null,"most_popular_beer_Roggenbier":null,"popularity_Roggenbier":null,"n_beers_Roggenbier":null,"avg_abv_Roggenbier":null,"max_abv_beer_Roggenbier":null,"max_abv_Roggenbier":null,"best_beer_Herb":null,"best_beer_score_Herb":null,"most_popular_beer_Herb":null,"popularity_Herb":null,"n_beers_Herb":null,"avg_abv_Herb":null,"max_abv_beer_Herb":null,"max_abv_Herb":null,"best_beer_Smoke":null,"best_beer_score_Smoke":null,"most_popular_beer_Smoke":null,"popularity_Smoke":null,"n_beers_Smoke":null,"avg_abv_Smoke":null,"max_abv_beer_Smoke":null,"max_abv_Smoke":null,"best_beer_Barleywine":null,"best_beer_score_Barleywine":null,"most_popular_beer_Barleywine":null,"popularity_Barleywine":null,"n_beers_Barleywine":null,"avg_abv_Barleywine":null,"max_abv_beer_Barleywine":null,"max_abv_Barleywine":null,"best_beer":"Cyprus Pils","best_beer_score":2.8166666667,"most_popular_beer":"Cyprus Pils","popularity":1.0,"n_beers":7.0,"avg_abv":4.5,"max_abv_beer":"Prime Black","max_abv":4.5},{"brewery":"Aphrodite's Rock Brewing Company","city":"Paphos","lat":34.77679,"long":32.42451,"best_beer_IPA":null,"best_beer_score_IPA":null,"most_popular_beer_IPA":null,"popularity_IPA":null,"n_beers_IPA":1.0,"avg_abv_IPA":6.0,"max_abv_beer_IPA":"West Coast IPA","max_abv_IPA":6.0,"best_beer_Ale":null,"best_beer_score_Ale":null,"most_popular_beer_Ale":null,"popularity_Ale":null,"n_beers_Ale":1.0,"avg_abv_Ale":4.5,"max_abv_beer_Ale":"Lian Shee","max_abv_Ale":4.5,"best_beer_Lager":null,"best_beer_score_Lager":null,"most_popular_beer_Lager":null,"popularity_Lager":null,"n_beers_Lager":1.0,"avg_abv_Lager":4.8,"max_abv_beer_Lager":"Rock Premium","max_abv_Lager":4.8,"best_beer_Stout":null,"best_beer_score_Stout":null,"most_popular_beer_Stout":null,"popularity_Stout":null,"n_beers_Stout":null,"avg_abv_Stout":null,"max_abv_beer_Stout":null,"max_abv_Stout":null,"best_beer_Pilsner":null,"best_beer_score_Pilsner":null,"most_popular_beer_Pilsner":null,"popularity_Pilsner":null,"n_beers_Pilsner":null,"avg_abv_Pilsner":null,"max_abv_beer_Pilsner":null,"max_abv_Pilsner":null,"best_beer_Porter":"London Porter","best_beer_score_Porter":2.79,"most_popular_beer_Porter":"London Porter","popularity_Porter":1.0,"n_beers_Porter":1.0,"avg_abv_Porter":4.5,"max_abv_beer_Porter":"London Porter","max_abv_Porter":4.5,"best_beer_Fruit":null,"best_beer_score_Fruit":null,"most_popular_beer_Fruit":null,"popularity_Fruit":null,"n_beers_Fruit":null,"avg_abv_Fruit":null,"max_abv_beer_Fruit":null,"max_abv_Fruit":null,"best_beer_Roggenbier":null,"best_beer_score_Roggenbier":null,"most_popular_beer_Roggenbier":null,"popularity_Roggenbier":null,"n_beers_Roggenbier":null,"avg_abv_Roggenbier":null,"max_abv_beer_Roggenbier":null,"max_abv_Roggenbier":null,"best_beer_Herb":null,"best_beer_score_Herb":null,"most_popular_beer_Herb":null,"popularity_Herb":null,"n_beers_Herb":null,"avg_abv_Herb":null,"max_abv_beer_Herb":null,"max_abv_Herb":null,"best_beer_Smoke":null,"best_beer_score_Smoke":null,"most_popular_beer_Smoke":null,"popularity_Smoke":null,"n_beers_Smoke":null,"avg_abv_Smoke":null,"max_abv_beer_Smoke":null,"max_abv_Smoke":null,"best_beer_Barleywine":null,"best_beer_score_Barleywine":null,"most_popular_beer_Barleywine":null,"popularity_Barleywine":null,"n_beers_Barleywine":null,"avg_abv_Barleywine":null,"max_abv_beer_Barleywine":null,"max_abv_Barleywine":null,"best_beer":"London Porter","best_beer_score":2.79,"most_popular_beer":"London Porter","popularity":1.0,"n_beers":7.0,"avg_abv":4.7714285714,"max_abv_beer":"West Coast IPA","max_abv":6.0},{"brewery":"Pivo Microbrewery","city":"Nicosia","lat":35.17531,"long":33.3642,"best_beer_IPA":"Hoppy","best_beer_score_IPA":3.556,"most_popular_beer_IPA":"Hoppy","popularity_IPA":3.0,"n_beers_IPA":2.0,"avg_abv_IPA":5.15,"max_abv_beer_IPA":"Antistressful","max_abv_IPA":5.8,"best_beer_Ale":"Little Wing","best_beer_score_Ale":3.3175,"most_popular_beer_Ale":"Little Wing","popularity_Ale":2.0,"n_beers_Ale":2.0,"avg_abv_Ale":5.9,"max_abv_beer_Ale":"Monachus Monachos","max_abv_Ale":7.3,"best_beer_Lager":"Red House","best_beer_score_Lager":2.9166666667,"most_popular_beer_Lager":"Red House","popularity_Lager":1.0,"n_beers_Lager":1.0,"avg_abv_Lager":3.9,"max_abv_beer_Lager":"Red House","max_abv_Lager":3.9,"best_beer_Stout":"No Exit","best_beer_score_Stout":3.0633333333,"most_popular_beer_Stout":"No Exit","popularity_Stout":1.0,"n_beers_Stout":1.0,"avg_abv_Stout":4.3,"max_abv_beer_Stout":"No Exit","max_abv_Stout":4.3,"best_beer_Pilsner":null,"best_beer_score_Pilsner":null,"most_popular_beer_Pilsner":null,"popularity_Pilsner":null,"n_beers_Pilsner":null,"avg_abv_Pilsner":null,"max_abv_beer_Pilsner":null,"max_abv_Pilsner":null,"best_beer_Porter":null,"best_beer_score_Porter":null,"most_popular_beer_Porter":null,"popularity_Porter":null,"n_beers_Porter":null,"avg_abv_Porter":null,"max_abv_beer_Porter":null,"max_abv_Porter":null,"best_beer_Fruit":null,"best_beer_score_Fruit":null,"most_popular_beer_Fruit":null,"popularity_Fruit":null,"n_beers_Fruit":null,"avg_abv_Fruit":null,"max_abv_beer_Fruit":null,"max_abv_Fruit":null,"best_beer_Roggenbier":null,"best_beer_score_Roggenbier":null,"most_popular_beer_Roggenbier":null,"popularity_Roggenbier":null,"n_beers_Roggenbier":null,"avg_abv_Roggenbier":null,"max_abv_beer_Roggenbier":null,"max_abv_Roggenbier":null,"best_beer_Herb":null,"best_beer_score_Herb":null,"most_popular_beer_Herb":null,"popularity_Herb":null,"n_beers_Herb":null,"avg_abv_Herb":null,"max_abv_beer_Herb":null,"max_abv_Herb":null,"best_beer_Smoke":null,"best_beer_score_Smoke":null,"most_popular_beer_Smoke":null,"popularity_Smoke":null,"n_beers_Smoke":null,"avg_abv_Smoke":null,"max_abv_beer_Smoke":null,"max_abv_Smoke":null,"best_beer_Barleywine":"Atlas","best_beer_score_Barleywine":2.96,"most_popular_beer_Barleywine":"Atlas","popularity_Barleywine":1.0,"n_beers_Barleywine":1.0,"avg_abv_Barleywine":10.1,"max_abv_beer_Barleywine":"Atlas","max_abv_Barleywine":10.1,"best_beer":"Hoppy","best_beer_score":3.556,"most_popular_beer":"Hoppy","popularity":3.0,"n_beers":10.0,"avg_abv":5.76,"max_abv_beer":"Atlas","max_abv":10.1},{"brewery":"VI Castellum Brewery","city":"Pafos","lat":34.77679,"long":32.42451,"best_beer_IPA":null,"best_beer_score_IPA":null,"most_popular_beer_IPA":null,"popularity_IPA":null,"n_beers_IPA":null,"avg_abv_IPA":null,"max_abv_beer_IPA":null,"max_abv_IPA":null,"best_beer_Ale":null,"best_beer_score_Ale":null,"most_popular_beer_Ale":null,"popularity_Ale":null,"n_beers_Ale":null,"avg_abv_Ale":null,"max_abv_beer_Ale":null,"max_abv_Ale":null,"best_beer_Lager":null,"best_beer_score_Lager":null,"most_popular_beer_Lager":null,"popularity_Lager":null,"n_beers_Lager":null,"avg_abv_Lager":null,"max_abv_beer_Lager":null,"max_abv_Lager":null,"best_beer_Stout":null,"best_beer_score_Stout":null,"most_popular_beer_Stout":null,"popularity_Stout":null,"n_beers_Stout":null,"avg_abv_Stout":null,"max_abv_beer_Stout":null,"max_abv_Stout":null,"best_beer_Pilsner":null,"best_beer_score_Pilsner":null,"most_popular_beer_Pilsner":null,"popularity_Pilsner":null,"n_beers_Pilsner":null,"avg_abv_Pilsner":null,"max_abv_beer_Pilsner":null,"max_abv_Pilsner":null,"best_beer_Porter":"True Ale Porter","best_beer_score_Porter":2.6333333333,"most_popular_beer_Porter":"True Ale Porter","popularity_Porter":1.0,"n_beers_Porter":1.0,"avg_abv_Porter":4.5,"max_abv_beer_Porter":"True Ale Porter","max_abv_Porter":4.5,"best_beer_Fruit":null,"best_beer_score_Fruit":null,"most_popular_beer_Fruit":null,"popularity_Fruit":null,"n_beers_Fruit":null,"avg_abv_Fruit":null,"max_abv_beer_Fruit":null,"max_abv_Fruit":null,"best_beer_Roggenbier":null,"best_beer_score_Roggenbier":null,"most_popular_beer_Roggenbier":null,"popularity_Roggenbier":null,"n_beers_Roggenbier":null,"avg_abv_Roggenbier":null,"max_abv_beer_Roggenbier":null,"max_abv_Roggenbier":null,"best_beer_Herb":null,"best_beer_score_Herb":null,"most_popular_beer_Herb":null,"popularity_Herb":null,"n_beers_Herb":null,"avg_abv_Herb":null,"max_abv_beer_Herb":null,"max_abv_Herb":null,"best_beer_Smoke":null,"best_beer_score_Smoke":null,"most_popular_beer_Smoke":null,"popularity_Smoke":null,"n_beers_Smoke":null,"avg_abv_Smoke":null,"max_abv_beer_Smoke":null,"max_abv_Smoke":null,"best_beer_Barleywine":null,"best_beer_score_Barleywine":null,"most_popular_beer_Barleywine":null,"popularity_Barleywine":null,"n_beers_Barleywine":null,"avg_abv_Barleywine":null,"max_abv_beer_Barleywine":null,"max_abv_Barleywine":null,"best_beer":"True Ale Porter","best_beer_score":2.6333333333,"most_popular_beer":"True Ale Porter","popularity":1.0,"n_beers":1.0,"avg_abv":4.5,"max_abv_beer":"True Ale Porter","max_abv":4.5},{"brewery":"KEO Limited","city":"Lemesos","lat":34.68406,"long":33.03794,"best_beer_IPA":null,"best_beer_score_IPA":null,"most_popular_beer_IPA":null,"popularity_IPA":null,"n_beers_IPA":null,"avg_abv_IPA":null,"max_abv_beer_IPA":null,"max_abv_IPA":null,"best_beer_Ale":null,"best_beer_score_Ale":null,"most_popular_beer_Ale":null,"popularity_Ale":null,"n_beers_Ale":null,"avg_abv_Ale":null,"max_abv_beer_Ale":null,"max_abv_Ale":null,"best_beer_Lager":"KEO Beer","best_beer_score_Lager":2.8139285714,"most_popular_beer_Lager":"KEO Beer","popularity_Lager":138.0,"n_beers_Lager":3.0,"avg_abv_Lager":4.4666666667,"max_abv_beer_Lager":"Five Beer","max_abv_Lager":5.0,"best_beer_Stout":null,"best_beer_score_Stout":null,"most_popular_beer_Stout":null,"popularity_Stout":null,"n_beers_Stout":null,"avg_abv_Stout":null,"max_abv_beer_Stout":null,"max_abv_Stout":null,"best_beer_Pilsner":null,"best_beer_score_Pilsner":null,"most_popular_beer_Pilsner":null,"popularity_Pilsner":null,"n_beers_Pilsner":null,"avg_abv_Pilsner":null,"max_abv_beer_Pilsner":null,"max_abv_Pilsner":null,"best_beer_Porter":null,"best_beer_score_Porter":null,"most_popular_beer_Porter":null,"popularity_Porter":null,"n_beers_Porter":null,"avg_abv_Porter":null,"max_abv_beer_Porter":null,"max_abv_Porter":null,"best_beer_Fruit":null,"best_beer_score_Fruit":null,"most_popular_beer_Fruit":null,"popularity_Fruit":null,"n_beers_Fruit":null,"avg_abv_Fruit":null,"max_abv_beer_Fruit":null,"max_abv_Fruit":null,"best_beer_Roggenbier":null,"best_beer_score_Roggenbier":null,"most_popular_beer_Roggenbier":null,"popularity_Roggenbier":null,"n_beers_Roggenbier":null,"avg_abv_Roggenbier":null,"max_abv_beer_Roggenbier":null,"max_abv_Roggenbier":null,"best_beer_Herb":null,"best_beer_score_Herb":null,"most_popular_beer_Herb":null,"popularity_Herb":null,"n_beers_Herb":null,"avg_abv_Herb":null,"max_abv_beer_Herb":null,"max_abv_Herb":null,"best_beer_Smoke":null,"best_beer_score_Smoke":null,"most_popular_beer_Smoke":null,"popularity_Smoke":null,"n_beers_Smoke":null,"avg_abv_Smoke":null,"max_abv_beer_Smoke":null,"max_abv_Smoke":null,"best_beer_Barleywine":null,"best_beer_score_Barleywine":null,"most_popular_beer_Barleywine":null,"popularity_Barleywine":null,"n_beers_Barleywine":null,"avg_abv_Barleywine":null,"max_abv_beer_Barleywine":null,"max_abv_Barleywine":null,"best_beer":"KEO Beer","best_beer_score":2.8139285714,"most_popular_beer":"KEO Beer","popularity":138.0,"n_beers":3.0,"avg_abv":4.4666666667,"max_abv_beer":"Five Beer","max_abv":5.0},{"brewery":"Hula Hops Brewing","city":"Nicosia","lat":35.17531,"long":33.3642,"best_beer_IPA":"Cyprus Citrus IPA","best_beer_score_IPA":3.562,"most_popular_beer_IPA":"Cyprus Citrus IPA","popularity_IPA":3.0,"n_beers_IPA":1.0,"avg_abv_IPA":6.0,"max_abv_beer_IPA":"Cyprus Citrus IPA","max_abv_IPA":6.0,"best_beer_Ale":null,"best_beer_score_Ale":null,"most_popular_beer_Ale":null,"popularity_Ale":null,"n_beers_Ale":null,"avg_abv_Ale":null,"max_abv_beer_Ale":null,"max_abv_Ale":null,"best_beer_Lager":null,"best_beer_score_Lager":null,"most_popular_beer_Lager":null,"popularity_Lager":null,"n_beers_Lager":null,"avg_abv_Lager":null,"max_abv_beer_Lager":null,"max_abv_Lager":null,"best_beer_Stout":null,"best_beer_score_Stout":null,"most_popular_beer_Stout":null,"popularity_Stout":null,"n_beers_Stout":null,"avg_abv_Stout":null,"max_abv_beer_Stout":null,"max_abv_Stout":null,"best_beer_Pilsner":null,"best_beer_score_Pilsner":null,"most_popular_beer_Pilsner":null,"popularity_Pilsner":null,"n_beers_Pilsner":null,"avg_abv_Pilsner":null,"max_abv_beer_Pilsner":null,"max_abv_Pilsner":null,"best_beer_Porter":null,"best_beer_score_Porter":null,"most_popular_beer_Porter":null,"popularity_Porter":null,"n_beers_Porter":null,"avg_abv_Porter":null,"max_abv_beer_Porter":null,"max_abv_Porter":null,"best_beer_Fruit":null,"best_beer_score_Fruit":null,"most_popular_beer_Fruit":null,"popularity_Fruit":null,"n_beers_Fruit":null,"avg_abv_Fruit":null,"max_abv_beer_Fruit":null,"max_abv_Fruit":null,"best_beer_Roggenbier":null,"best_beer_score_Roggenbier":null,"most_popular_beer_Roggenbier":null,"popularity_Roggenbier":null,"n_beers_Roggenbier":null,"avg_abv_Roggenbier":null,"max_abv_beer_Roggenbier":null,"max_abv_Roggenbier":null,"best_beer_Herb":null,"best_beer_score_Herb":null,"most_popular_beer_Herb":null,"popularity_Herb":null,"n_beers_Herb":null,"avg_abv_Herb":null,"max_abv_beer_Herb":null,"max_abv_Herb":null,"best_beer_Smoke":null,"best_beer_score_Smoke":null,"most_popular_beer_Smoke":null,"popularity_Smoke":null,"n_beers_Smoke":null,"avg_abv_Smoke":null,"max_abv_beer_Smoke":null,"max_abv_Smoke":null,"best_beer_Barleywine":null,"best_beer_score_Barleywine":null,"most_popular_beer_Barleywine":null,"popularity_Barleywine":null,"n_beers_Barleywine":null,"avg_abv_Barleywine":null,"max_abv_beer_Barleywine":null,"max_abv_Barleywine":null,"best_beer":"Cyprus Citrus IPA","best_beer_score":3.562,"most_popular_beer":"Cyprus Citrus IPA","popularity":3.0,"n_beers":2.0,"avg_abv":5.5,"max_abv_beer":"Cyprus Citrus IPA","max_abv":6.0},{"brewery":"Lion's Heart Brewery","city":"Ge\u0107itk\u00f6y","lat":35.336326,"long":33.0681663,"best_beer_IPA":null,"best_beer_score_IPA":null,"most_popular_beer_IPA":null,"popularity_IPA":null,"n_beers_IPA":null,"avg_abv_IPA":null,"max_abv_beer_IPA":null,"max_abv_IPA":null,"best_beer_Ale":"Gold","best_beer_score_Ale":2.9533333333,"most_popular_beer_Ale":"Gold","popularity_Ale":1.0,"n_beers_Ale":5.0,"avg_abv_Ale":4.0,"max_abv_beer_Ale":"Gold","max_abv_Ale":4.6,"best_beer_Lager":null,"best_beer_score_Lager":null,"most_popular_beer_Lager":null,"popularity_Lager":null,"n_beers_Lager":null,"avg_abv_Lager":null,"max_abv_beer_Lager":null,"max_abv_Lager":null,"best_beer_Stout":null,"best_beer_score_Stout":null,"most_popular_beer_Stout":null,"popularity_Stout":null,"n_beers_Stout":null,"avg_abv_Stout":null,"max_abv_beer_Stout":null,"max_abv_Stout":null,"best_beer_Pilsner":null,"best_beer_score_Pilsner":null,"most_popular_beer_Pilsner":null,"popularity_Pilsner":null,"n_beers_Pilsner":null,"avg_abv_Pilsner":null,"max_abv_beer_Pilsner":null,"max_abv_Pilsner":null,"best_beer_Porter":null,"best_beer_score_Porter":null,"most_popular_beer_Porter":null,"popularity_Porter":null,"n_beers_Porter":null,"avg_abv_Porter":null,"max_abv_beer_Porter":null,"max_abv_Porter":null,"best_beer_Fruit":null,"best_beer_score_Fruit":null,"most_popular_beer_Fruit":null,"popularity_Fruit":null,"n_beers_Fruit":null,"avg_abv_Fruit":null,"max_abv_beer_Fruit":null,"max_abv_Fruit":null,"best_beer_Roggenbier":null,"best_beer_score_Roggenbier":null,"most_popular_beer_Roggenbier":null,"popularity_Roggenbier":null,"n_beers_Roggenbier":null,"avg_abv_Roggenbier":null,"max_abv_beer_Roggenbier":null,"max_abv_Roggenbier":null,"best_beer_Herb":null,"best_beer_score_Herb":null,"most_popular_beer_Herb":null,"popularity_Herb":null,"n_beers_Herb":null,"avg_abv_Herb":null,"max_abv_beer_Herb":null,"max_abv_Herb":null,"best_beer_Smoke":null,"best_beer_score_Smoke":null,"most_popular_beer_Smoke":null,"popularity_Smoke":null,"n_beers_Smoke":null,"avg_abv_Smoke":null,"max_abv_beer_Smoke":null,"max_abv_Smoke":null,"best_beer_Barleywine":null,"best_beer_score_Barleywine":null,"most_popular_beer_Barleywine":null,"popularity_Barleywine":null,"n_beers_Barleywine":null,"avg_abv_Barleywine":null,"max_abv_beer_Barleywine":null,"max_abv_Barleywine":null,"best_beer":"Gold","best_beer_score":2.9533333333,"most_popular_beer":"Gold","popularity":1.0,"n_beers":5.0,"avg_abv":4.0,"max_abv_beer":"Gold","max_abv":4.6},{"brewery":"Photos Photiades Breweries","city":"Leukosia","lat":35.17531,"long":33.3642,"best_beer_IPA":null,"best_beer_score_IPA":null,"most_popular_beer_IPA":null,"popularity_IPA":null,"n_beers_IPA":null,"avg_abv_IPA":null,"max_abv_beer_IPA":null,"max_abv_IPA":null,"best_beer_Ale":null,"best_beer_score_Ale":null,"most_popular_beer_Ale":null,"popularity_Ale":null,"n_beers_Ale":null,"avg_abv_Ale":null,"max_abv_beer_Ale":null,"max_abv_Ale":null,"best_beer_Lager":null,"best_beer_score_Lager":null,"most_popular_beer_Lager":null,"popularity_Lager":null,"n_beers_Lager":null,"avg_abv_Lager":null,"max_abv_beer_Lager":null,"max_abv_Lager":null,"best_beer_Stout":null,"best_beer_score_Stout":null,"most_popular_beer_Stout":null,"popularity_Stout":null,"n_beers_Stout":null,"avg_abv_Stout":null,"max_abv_beer_Stout":null,"max_abv_Stout":null,"best_beer_Pilsner":"Leon","best_beer_score_Pilsner":2.84,"most_popular_beer_Pilsner":"Leon","popularity_Pilsner":8.0,"n_beers_Pilsner":1.0,"avg_abv_Pilsner":4.5,"max_abv_beer_Pilsner":"Leon","max_abv_Pilsner":4.5,"best_beer_Porter":null,"best_beer_score_Porter":null,"most_popular_beer_Porter":null,"popularity_Porter":null,"n_beers_Porter":null,"avg_abv_Porter":null,"max_abv_beer_Porter":null,"max_abv_Porter":null,"best_beer_Fruit":null,"best_beer_score_Fruit":null,"most_popular_beer_Fruit":null,"popularity_Fruit":null,"n_beers_Fruit":null,"avg_abv_Fruit":null,"max_abv_beer_Fruit":null,"max_abv_Fruit":null,"best_beer_Roggenbier":null,"best_beer_score_Roggenbier":null,"most_popular_beer_Roggenbier":null,"popularity_Roggenbier":null,"n_beers_Roggenbier":null,"avg_abv_Roggenbier":null,"max_abv_beer_Roggenbier":null,"max_abv_Roggenbier":null,"best_beer_Herb":null,"best_beer_score_Herb":null,"most_popular_beer_Herb":null,"popularity_Herb":null,"n_beers_Herb":null,"avg_abv_Herb":null,"max_abv_beer_Herb":null,"max_abv_Herb":null,"best_beer_Smoke":null,"best_beer_score_Smoke":null,"most_popular_beer_Smoke":null,"popularity_Smoke":null,"n_beers_Smoke":null,"avg_abv_Smoke":null,"max_abv_beer_Smoke":null,"max_abv_Smoke":null,"best_beer_Barleywine":null,"best_beer_score_Barleywine":null,"most_popular_beer_Barleywine":null,"popularity_Barleywine":null,"n_beers_Barleywine":null,"avg_abv_Barleywine":null,"max_abv_beer_Barleywine":null,"max_abv_Barleywine":null,"best_beer":"Leon","best_beer_score":2.84,"most_popular_beer":"Leon","popularity":8.0,"n_beers":1.0,"avg_abv":4.5,"max_abv_beer":"Leon","max_abv":4.5}]