[{"brewery":"P\u00fchaste Brewery","city":"Tartu","lat":58.38062,"long":26.72509,"best_beer_IPA":"Mosaiik","best_beer_score_IPA":3.3725,"most_popular_beer_IPA":"Vulin","popularity_IPA":4.0,"n_beers_IPA":8.0,"avg_abv_IPA":6.975,"max_abv_beer_IPA":"Humalakoda","max_abv_IPA":8.9,"best_beer_Ale":"H\u00f5bevalge PX","best_beer_score_Ale":3.292,"most_popular_beer_Ale":"H\u00f5bevalge PX","popularity_Ale":3.0,"n_beers_Ale":11.0,"avg_abv_Ale":6.4363636364,"max_abv_beer_Ale":"Nokturn","max_abv_Ale":9.5,"best_beer_Lager":null,"best_beer_score_Lager":null,"most_popular_beer_Lager":null,"popularity_Lager":null,"n_beers_Lager":null,"avg_abv_Lager":null,"max_abv_beer_Lager":null,"max_abv_Lager":null,"best_beer_Stout":"Dekadents","best_beer_score_Stout":3.875,"most_popular_beer_Stout":"Dekadents","popularity_Stout":10.0,"n_beers_Stout":5.0,"avg_abv_Stout":10.56,"max_abv_beer_Stout":"Dekadents Jamaican Rum BA","max_abv_Stout":14.0,"best_beer_Pilsner":null,"best_beer_score_Pilsner":null,"most_popular_beer_Pilsner":null,"popularity_Pilsner":null,"n_beers_Pilsner":1.0,"avg_abv_Pilsner":5.2,"max_abv_beer_Pilsner":"Talisman","max_abv_Pilsner":5.2,"best_beer_Porter":"Patt","best_beer_score_Porter":3.5383333333,"most_popular_beer_Porter":"Patt","popularity_Porter":4.0,"n_beers_Porter":3.0,"avg_abv_Porter":7.5,"max_abv_beer_Porter":"P\u00f5hjanael","max_abv_Porter":9.3,"best_beer_Fruit":null,"best_beer_score_Fruit":null,"most_popular_beer_Fruit":null,"popularity_Fruit":null,"n_beers_Fruit":null,"avg_abv_Fruit":null,"max_abv_beer_Fruit":null,"max_abv_Fruit":null,"best_beer_Roggenbier":null,"best_beer_score_Roggenbier":null,"most_popular_beer_Roggenbier":null,"popularity_Roggenbier":null,"n_beers_Roggenbier":1.0,"avg_abv_Roggenbier":6.6,"max_abv_beer_Roggenbier":"Rukkiema","max_abv_Roggenbier":6.6,"best_beer_Herb":null,"best_beer_score_Herb":null,"most_popular_beer_Herb":null,"popularity_Herb":null,"n_beers_Herb":null,"avg_abv_Herb":null,"max_abv_beer_Herb":null,"max_abv_Herb":null,"best_beer_Smoke":null,"best_beer_score_Smoke":null,"most_popular_beer_Smoke":null,"popularity_Smoke":null,"n_beers_Smoke":null,"avg_abv_Smoke":null,"max_abv_beer_Smoke":null,"max_abv_Smoke":null,"best_beer_Barleywine":null,"best_beer_score_Barleywine":null,"most_popular_beer_Barleywine":null,"popularity_Barleywine":null,"n_beers_Barleywine":null,"avg_abv_Barleywine":null,"max_abv_beer_Barleywine":null,"max_abv_Barleywine":null,"best_beer":"Dekadents","best_beer_score":3.875,"most_popular_beer":"Dekadents","popularity":10.0,"n_beers":29.0,"avg_abv":7.3689655172,"max_abv_beer":"Dekadents Jamaican Rum BA","max_abv":14.0},{"brewery":"Saku Brewery LTD","city":"Harjumaa","lat":59.4090892,"long":24.7368967173,"best_beer_IPA":"Saku Antvark Citra IPA","best_beer_score_IPA":3.01,"most_popular_beer_IPA":"Saku Antvark Citra IPA","popularity_IPA":1.0,"n_beers_IPA":1.0,"avg_abv_IPA":6.0,"max_abv_beer_IPA":"Saku Antvark Citra IPA","max_abv_IPA":6.0,"best_beer_Ale":null,"best_beer_score_Ale":null,"most_popular_beer_Ale":null,"popularity_Ale":null,"n_beers_Ale":null,"avg_abv_Ale":null,"max_abv_beer_Ale":null,"max_abv_Ale":null,"best_beer_Lager":"Saku Hele","best_beer_score_Lager":3.1445454545,"most_popular_beer_Lager":"Saku Originaal","popularity_Lager":87.0,"n_beers_Lager":13.0,"avg_abv_Lager":5.3769230769,"max_abv_beer_Lager":"Presidendi 10","max_abv_Lager":10.0,"best_beer_Stout":null,"best_beer_score_Stout":null,"most_popular_beer_Stout":null,"popularity_Stout":null,"n_beers_Stout":null,"avg_abv_Stout":null,"max_abv_beer_Stout":null,"max_abv_Stout":null,"best_beer_Pilsner":null,"best_beer_score_Pilsner":null,"most_popular_beer_Pilsner":null,"popularity_Pilsner":null,"n_beers_Pilsner":null,"avg_abv_Pilsner":null,"max_abv_beer_Pilsner":null,"max_abv_Pilsner":null,"best_beer_Porter":"Saku Estonian Porter","best_beer_score_Porter":3.521,"most_popular_beer_Porter":"Saku Estonian Porter","popularity_Porter":68.0,"n_beers_Porter":2.0,"avg_abv_Porter":7.5,"max_abv_beer_Porter":"Saku Estonian Porter","max_abv_Porter":7.5,"best_beer_Fruit":null,"best_beer_score_Fruit":null,"most_popular_beer_Fruit":null,"popularity_Fruit":null,"n_beers_Fruit":null,"avg_abv_Fruit":null,"max_abv_beer_Fruit":null,"max_abv_Fruit":null,"best_beer_Roggenbier":null,"best_beer_score_Roggenbier":null,"most_popular_beer_Roggenbier":null,"popularity_Roggenbier":null,"n_beers_Roggenbier":null,"avg_abv_Roggenbier":null,"max_abv_beer_Roggenbier":null,"max_abv_Roggenbier":null,"best_beer_Herb":null,"best_beer_score_Herb":null,"most_popular_beer_Herb":null,"popularity_Herb":null,"n_beers_Herb":null,"avg_abv_Herb":null,"max_abv_beer_Herb":null,"max_abv_Herb":null,"best_beer_Smoke":null,"best_beer_score_Smoke":null,"most_popular_beer_Smoke":null,"popularity_Smoke":null,"n_beers_Smoke":null,"avg_abv_Smoke":null,"max_abv_beer_Smoke":null,"max_abv_Smoke":null,"best_beer_Barleywine":null,"best_beer_score_Barleywine":null,"most_popular_beer_Barleywine":null,"popularity_Barleywine":null,"n_beers_Barleywine":null,"avg_abv_Barleywine":null,"max_abv_beer_Barleywine":null,"max_abv_Barleywine":null,"best_beer":"Saku Estonian Porter","best_beer_score":3.521,"most_popular_beer":"Saku Originaal","popularity":87.0,"n_beers":21.0,"avg_abv":5.3476190476,"max_abv_beer":"Presidendi 10","max_abv":10.0},{"brewery":"Sillam\u00e4e \u00d5lletehas","city":"Sillam\u00e4e","lat":59.39697,"long":27.76331,"best_beer_IPA":null,"best_beer_score_IPA":null,"most_popular_beer_IPA":null,"popularity_IPA":null,"n_beers_IPA":null,"avg_abv_IPA":null,"max_abv_beer_IPA":null,"max_abv_IPA":null,"best_beer_Ale":null,"best_beer_score_Ale":null,"most_popular_beer_Ale":null,"popularity_Ale":null,"n_beers_Ale":null,"avg_abv_Ale":null,"max_abv_beer_Ale":null,"max_abv_Ale":null,"best_beer_Lager":"M\u00fcnchen Vaskne","best_beer_score_Lager":2.855,"most_popular_beer_Lager":"Saku Karl Friedrich","popularity_Lager":4.0,"n_beers_Lager":2.0,"avg_abv_Lager":5.65,"max_abv_beer_Lager":"M\u00fcnchen Vaskne","max_abv_Lager":6.3,"best_beer_Stout":null,"best_beer_score_Stout":null,"most_popular_beer_Stout":null,"popularity_Stout":null,"n_beers_Stout":null,"avg_abv_Stout":null,"max_abv_beer_Stout":null,"max_abv_Stout":null,"best_beer_Pilsner":null,"best_beer_score_Pilsner":null,"most_popular_beer_Pilsner":null,"popularity_Pilsner":null,"n_beers_Pilsner":null,"avg_abv_Pilsner":null,"max_abv_beer_Pilsner":null,"max_abv_Pilsner":null,"best_beer_Porter":null,"best_beer_score_Porter":null,"most_popular_beer_Porter":null,"popularity_Porter":null,"n_beers_Porter":null,"avg_abv_Porter":null,"max_abv_beer_Porter":null,"max_abv_Porter":null,"best_beer_Fruit":null,"best_beer_score_Fruit":null,"most_popular_beer_Fruit":null,"popularity_Fruit":null,"n_beers_Fruit":null,"avg_abv_Fruit":null,"max_abv_beer_Fruit":null,"max_abv_Fruit":null,"best_beer_Roggenbier":null,"best_beer_score_Roggenbier":null,"most_popular_beer_Roggenbier":null,"popularity_Roggenbier":null,"n_beers_Roggenbier":null,"avg_abv_Roggenbier":null,"max_abv_beer_Roggenbier":null,"max_abv_Roggenbier":null,"best_beer_Herb":null,"best_beer_score_Herb":null,"most_popular_beer_Herb":null,"popularity_Herb":null,"n_beers_Herb":null,"avg_abv_Herb":null,"max_abv_beer_Herb":null,"max_abv_Herb":null,"best_beer_Smoke":null,"best_beer_score_Smoke":null,"most_popular_beer_Smoke":null,"popularity_Smoke":null,"n_beers_Smoke":null,"avg_abv_Smoke":null,"max_abv_beer_Smoke":null,"max_abv_Smoke":null,"best_beer_Barleywine":null,"best_beer_score_Barleywine":null,"most_popular_beer_Barleywine":null,"popularity_Barleywine":null,"n_beers_Barleywine":null,"avg_abv_Barleywine":null,"max_abv_beer_Barleywine":null,"max_abv_Barleywine":null,"best_beer":"M\u00fcnchen Vaskne","best_beer_score":2.855,"most_popular_beer":"Saku Karl Friedrich","popularity":4.0,"n_beers":2.0,"avg_abv":5.65,"max_abv_beer":"M\u00fcnchen Vaskne","max_abv":6.3},{"brewery":"Sori Brewing","city":"Tallinn","lat":59.43696,"long":24.75353,"best_beer_IPA":"Delirious","best_beer_score_IPA":3.66375,"most_popular_beer_IPA":"Delirious","popularity_IPA":6.0,"n_beers_IPA":14.0,"avg_abv_IPA":7.1071428571,"max_abv_beer_IPA":"M\u00e9nage \u00c0 Trois","max_abv_IPA":9.2,"best_beer_Ale":"Laudatur XVI","best_beer_score_Ale":4.0358333333,"most_popular_beer_Ale":"Laudatur XVI","popularity_Ale":10.0,"n_beers_Ale":4.0,"avg_abv_Ale":9.95,"max_abv_beer_Ale":"Pareto 2017 (Whisky Barrel-Aged)","max_abv_Ale":12.7,"best_beer_Lager":"Leaping Lena","best_beer_score_Lager":3.3725,"most_popular_beer_Lager":"Leaping Lena","popularity_Lager":2.0,"n_beers_Lager":1.0,"avg_abv_Lager":6.3,"max_abv_beer_Lager":"Leaping Lena","max_abv_Lager":6.3,"best_beer_Stout":"Conca D'Oro","best_beer_score_Stout":3.822,"most_popular_beer_Stout":"Dark Humor Club Bourbon Vanilla","popularity_Stout":9.0,"n_beers_Stout":8.0,"avg_abv_Stout":9.95,"max_abv_beer_Stout":"Conca D'Oro","max_abv_Stout":11.5,"best_beer_Pilsner":null,"best_beer_score_Pilsner":null,"most_popular_beer_Pilsner":null,"popularity_Pilsner":null,"n_beers_Pilsner":null,"avg_abv_Pilsner":null,"max_abv_beer_Pilsner":null,"max_abv_Pilsner":null,"best_beer_Porter":"Vanilla Cake Fever","best_beer_score_Porter":3.9416666667,"most_popular_beer_Porter":"Coffee Gorilla","popularity_Porter":12.0,"n_beers_Porter":6.0,"avg_abv_Porter":9.5833333333,"max_abv_beer_Porter":"Sori \/ AF Brew - Midsummer Melancholy (Brandy Barrel-Aged)","max_abv_Porter":12.1,"best_beer_Fruit":null,"best_beer_score_Fruit":null,"most_popular_beer_Fruit":null,"popularity_Fruit":null,"n_beers_Fruit":null,"avg_abv_Fruit":null,"max_abv_beer_Fruit":null,"max_abv_Fruit":null,"best_beer_Roggenbier":null,"best_beer_score_Roggenbier":null,"most_popular_beer_Roggenbier":null,"popularity_Roggenbier":null,"n_beers_Roggenbier":null,"avg_abv_Roggenbier":null,"max_abv_beer_Roggenbier":null,"max_abv_Roggenbier":null,"best_beer_Herb":null,"best_beer_score_Herb":null,"most_popular_beer_Herb":null,"popularity_Herb":null,"n_beers_Herb":null,"avg_abv_Herb":null,"max_abv_beer_Herb":null,"max_abv_Herb":null,"best_beer_Smoke":null,"best_beer_score_Smoke":null,"most_popular_beer_Smoke":null,"popularity_Smoke":null,"n_beers_Smoke":null,"avg_abv_Smoke":null,"max_abv_beer_Smoke":null,"max_abv_Smoke":null,"best_beer_Barleywine":"Anniversary Barley Wine 2017","best_beer_score_Barleywine":3.8777777778,"most_popular_beer_Barleywine":"Anniversary Barley Wine 2017","popularity_Barleywine":7.0,"n_beers_Barleywine":3.0,"avg_abv_Barleywine":10.9333333333,"max_abv_beer_Barleywine":"Anniversary Barley Wine 2017","max_abv_Barleywine":11.6,"best_beer":"Laudatur XVI","best_beer_score":4.0358333333,"most_popular_beer":"Coffee Gorilla","popularity":12.0,"n_beers":40.0,"avg_abv":8.3425,"max_abv_beer":"Pareto 2017 (Whisky Barrel-Aged)","max_abv":12.7},{"brewery":"Tanker","city":"Tallinn","lat":59.43696,"long":24.75353,"best_beer_IPA":"Cloud Computing","best_beer_score_IPA":3.0875,"most_popular_beer_IPA":"Cloud Computing","popularity_IPA":2.0,"n_beers_IPA":5.0,"avg_abv_IPA":6.478,"max_abv_beer_IPA":"Tanker\/Mean Sardine Surf Wax","max_abv_IPA":9.99,"best_beer_Ale":"Craft FM","best_beer_score_Ale":3.38,"most_popular_beer_Ale":"Craft FM","popularity_Ale":2.0,"n_beers_Ale":9.0,"avg_abv_Ale":6.6666666667,"max_abv_beer_Ale":"Vaida Hell Not","max_abv_Ale":10.0,"best_beer_Lager":"Hallucination","best_beer_score_Lager":3.4,"most_popular_beer_Lager":"Hallucination","popularity_Lager":3.0,"n_beers_Lager":2.0,"avg_abv_Lager":6.55,"max_abv_beer_Lager":"Hallucination","max_abv_Lager":7.6,"best_beer_Stout":"Melody","best_beer_score_Stout":3.4733333333,"most_popular_beer_Stout":"Melody","popularity_Stout":4.0,"n_beers_Stout":2.0,"avg_abv_Stout":8.6,"max_abv_beer_Stout":"Melody","max_abv_Stout":9.0,"best_beer_Pilsner":null,"best_beer_score_Pilsner":null,"most_popular_beer_Pilsner":null,"popularity_Pilsner":null,"n_beers_Pilsner":null,"avg_abv_Pilsner":null,"max_abv_beer_Pilsner":null,"max_abv_Pilsner":null,"best_beer_Porter":null,"best_beer_score_Porter":null,"most_popular_beer_Porter":null,"popularity_Porter":null,"n_beers_Porter":null,"avg_abv_Porter":null,"max_abv_beer_Porter":null,"max_abv_Porter":null,"best_beer_Fruit":"Tanker Bullet Brew Passion","best_beer_score_Fruit":3.0,"most_popular_beer_Fruit":"Tanker Bullet Brew Passion","popularity_Fruit":1.0,"n_beers_Fruit":1.0,"avg_abv_Fruit":5.0,"max_abv_beer_Fruit":"Tanker Bullet Brew Passion","max_abv_Fruit":5.0,"best_beer_Roggenbier":null,"best_beer_score_Roggenbier":null,"most_popular_beer_Roggenbier":null,"popularity_Roggenbier":null,"n_beers_Roggenbier":null,"avg_abv_Roggenbier":null,"max_abv_beer_Roggenbier":null,"max_abv_Roggenbier":null,"best_beer_Herb":"Sauna Session","best_beer_score_Herb":3.58125,"most_popular_beer_Herb":"Sauna Session","popularity_Herb":6.0,"n_beers_Herb":2.0,"avg_abv_Herb":5.75,"max_abv_beer_Herb":"Imperial Sauna Session","max_abv_Herb":6.8,"best_beer_Smoke":"Nekropolia","best_beer_score_Smoke":3.27,"most_popular_beer_Smoke":"Nekropolia","popularity_Smoke":2.0,"n_beers_Smoke":1.0,"avg_abv_Smoke":5.5,"max_abv_beer_Smoke":"Nekropolia","max_abv_Smoke":5.5,"best_beer_Barleywine":null,"best_beer_score_Barleywine":null,"most_popular_beer_Barleywine":null,"popularity_Barleywine":null,"n_beers_Barleywine":null,"avg_abv_Barleywine":null,"max_abv_beer_Barleywine":null,"max_abv_Barleywine":null,"best_beer":"Sauna Session","best_beer_score":3.58125,"most_popular_beer":"Sauna Session","popularity":6.0,"n_beers":23.0,"avg_abv":6.5952173913,"max_abv_beer":"Vaida Hell Not","max_abv":10.0},{"brewery":"A. Le Coq","city":"Tartu","lat":58.38062,"long":26.72509,"best_beer_IPA":"IPA","best_beer_score_IPA":2.8866666667,"most_popular_beer_IPA":"IPA","popularity_IPA":1.0,"n_beers_IPA":1.0,"avg_abv_IPA":5.0,"max_abv_beer_IPA":"IPA","max_abv_IPA":5.0,"best_beer_Ale":"Imperial Ale","best_beer_score_Ale":2.99,"most_popular_beer_Ale":"Imperial Ale","popularity_Ale":16.0,"n_beers_Ale":2.0,"avg_abv_Ale":5.0,"max_abv_beer_Ale":"Blond","max_abv_Ale":5.0,"best_beer_Lager":"T\u00f5mmu Hiid - Kerge Tume \u00d5lu","best_beer_score_Lager":3.3836363636,"most_popular_beer_Lager":"Viru","popularity_Lager":157.0,"n_beers_Lager":29.0,"avg_abv_Lager":5.2689655172,"max_abv_beer_Lager":"Saaremaa X","max_abv_Lager":10.0,"best_beer_Stout":"Imperial Extra Double Stout","best_beer_score_Stout":3.17,"most_popular_beer_Stout":"Imperial Extra Double Stout","popularity_Stout":3.0,"n_beers_Stout":1.0,"avg_abv_Stout":7.0,"max_abv_beer_Stout":"Imperial Extra Double Stout","max_abv_Stout":7.0,"best_beer_Pilsner":"Pils","best_beer_score_Pilsner":2.6711111111,"most_popular_beer_Pilsner":"Pils","popularity_Pilsner":7.0,"n_beers_Pilsner":2.0,"avg_abv_Pilsner":4.5,"max_abv_beer_Pilsner":"Pils","max_abv_Pilsner":4.8,"best_beer_Porter":"J\u00f5uluporter","best_beer_score_Porter":3.445,"most_popular_beer_Porter":"Porter","popularity_Porter":20.0,"n_beers_Porter":4.0,"avg_abv_Porter":6.725,"max_abv_beer_Porter":"J\u00f5uluporter","max_abv_Porter":7.5,"best_beer_Fruit":"Kriek","best_beer_score_Fruit":2.5833333333,"most_popular_beer_Fruit":"Kriek","popularity_Fruit":1.0,"n_beers_Fruit":1.0,"avg_abv_Fruit":4.5,"max_abv_beer_Fruit":"Kriek","max_abv_Fruit":4.5,"best_beer_Roggenbier":null,"best_beer_score_Roggenbier":null,"most_popular_beer_Roggenbier":null,"popularity_Roggenbier":null,"n_beers_Roggenbier":null,"avg_abv_Roggenbier":null,"max_abv_beer_Roggenbier":null,"max_abv_Roggenbier":null,"best_beer_Herb":"Santanos","best_beer_score_Herb":2.8675,"most_popular_beer_Herb":"Santanos","popularity_Herb":2.0,"n_beers_Herb":3.0,"avg_abv_Herb":4.5,"max_abv_beer_Herb":"Santanos Jalapeno","max_abv_Herb":4.5,"best_beer_Smoke":null,"best_beer_score_Smoke":null,"most_popular_beer_Smoke":null,"popularity_Smoke":null,"n_beers_Smoke":null,"avg_abv_Smoke":null,"max_abv_beer_Smoke":null,"max_abv_Smoke":null,"best_beer_Barleywine":null,"best_beer_score_Barleywine":null,"most_popular_beer_Barleywine":null,"popularity_Barleywine":null,"n_beers_Barleywine":null,"avg_abv_Barleywine":null,"max_abv_beer_Barleywine":null,"max_abv_Barleywine":null,"best_beer":"J\u00f5uluporter","best_beer_score":3.445,"most_popular_beer":"Viru","popularity":157.0,"n_beers":48.0,"avg_abv":5.2729166667,"max_abv_beer":"Saaremaa X","max_abv":10.0},{"brewery":"P\u00f5hjala Brewery","city":"Tallinn","lat":59.43696,"long":24.75353,"best_beer_IPA":"P\u00f5hja Konn","best_beer_score_IPA":3.6884615385,"most_popular_beer_IPA":"Virmalised","popularity_IPA":25.0,"n_beers_IPA":13.0,"avg_abv_IPA":8.0384615385,"max_abv_beer_IPA":"Kolmekordne","max_abv_IPA":13.0,"best_beer_Ale":"Mets","best_beer_score_Ale":4.0279166667,"most_popular_beer_Ale":"Mets","popularity_Ale":22.0,"n_beers_Ale":18.0,"avg_abv_Ale":7.8055555556,"max_abv_beer_Ale":"Cellar Series: Laugas","max_abv_Ale":12.3,"best_beer_Lager":null,"best_beer_score_Lager":null,"most_popular_beer_Lager":null,"popularity_Lager":null,"n_beers_Lager":null,"avg_abv_Lager":null,"max_abv_beer_Lager":null,"max_abv_Lager":null,"best_beer_Stout":"CocoB\u00e4nger","best_beer_score_Stout":4.22,"most_popular_beer_Stout":"Pime \u00d6\u00f6","popularity_Stout":29.0,"n_beers_Stout":12.0,"avg_abv_Stout":13.025,"max_abv_beer_Stout":"Cellar Series: P\u00f5hjala \/ To \u00d8l - Taanilinn - Cognac Barrrel-Aged","max_abv_Stout":14.0,"best_beer_Pilsner":null,"best_beer_score_Pilsner":null,"most_popular_beer_Pilsner":null,"popularity_Pilsner":null,"n_beers_Pilsner":null,"avg_abv_Pilsner":null,"max_abv_beer_Pilsner":null,"max_abv_Pilsner":null,"best_beer_Porter":"Cellar Series: \u00d6\u00f6 XO","best_beer_score_Porter":4.2327659574,"most_popular_beer_Porter":"\u00d6\u00f6","popularity_Porter":78.0,"n_beers_Porter":14.0,"avg_abv_Porter":9.3064285714,"max_abv_beer_Porter":"Cellar Series: Sajand","max_abv_Porter":12.3,"best_beer_Fruit":null,"best_beer_score_Fruit":null,"most_popular_beer_Fruit":null,"popularity_Fruit":null,"n_beers_Fruit":null,"avg_abv_Fruit":null,"max_abv_beer_Fruit":null,"max_abv_Fruit":null,"best_beer_Roggenbier":"Cellar Series: Rukkivein","best_beer_score_Roggenbier":3.948,"most_popular_beer_Roggenbier":"Rukkir\u00e4\u00e4k","popularity_Roggenbier":16.0,"n_beers_Roggenbier":2.0,"avg_abv_Roggenbier":9.4,"max_abv_beer_Roggenbier":"Cellar Series: Rukkivein","max_abv_Roggenbier":12.9,"best_beer_Herb":"Cellar Series: Laugas","best_beer_score_Herb":3.88625,"most_popular_beer_Herb":"Cellar Series: Laugas","popularity_Herb":6.0,"n_beers_Herb":3.0,"avg_abv_Herb":8.2666666667,"max_abv_beer_Herb":"Cellar Series: Laugas","max_abv_Herb":12.3,"best_beer_Smoke":null,"best_beer_score_Smoke":null,"most_popular_beer_Smoke":null,"popularity_Smoke":null,"n_beers_Smoke":null,"avg_abv_Smoke":null,"max_abv_beer_Smoke":null,"max_abv_Smoke":null,"best_beer_Barleywine":"Cellar Series: Odravein - Bourbon Barrel-Aged","best_beer_score_Barleywine":4.0166666667,"most_popular_beer_Barleywine":"Cellar Series: Odravein - Bourbon Barrel-Aged","popularity_Barleywine":10.0,"n_beers_Barleywine":5.0,"avg_abv_Barleywine":13.08,"max_abv_beer_Barleywine":"Cellar Series: Odravein - Bourbon Barrel-Aged","max_abv_Barleywine":16.0,"best_beer":"Cellar Series: \u00d6\u00f6 XO","best_beer_score":4.2327659574,"most_popular_beer":"\u00d6\u00f6","popularity":78.0,"n_beers":75.0,"avg_abv":9.0772,"max_abv_beer":"Cellar Series: Odravein - Bourbon Barrel-Aged","max_abv":16.0},{"brewery":"Lehe Pruulikoda","city":"Keila","lat":59.30361,"long":24.41306,"best_beer_IPA":"Lehe Suur India","best_beer_score_IPA":3.185,"most_popular_beer_IPA":"Kesk\u00f6\u00f6p\u00e4ike","popularity_IPA":2.0,"n_beers_IPA":2.0,"avg_abv_IPA":6.4,"max_abv_beer_IPA":"Lehe Suur India","max_abv_IPA":7.0,"best_beer_Ale":"L\u00f5bus Njuufa","best_beer_score_Ale":3.4514285714,"most_popular_beer_Ale":"L\u00f5bus Njuufa","popularity_Ale":5.0,"n_beers_Ale":6.0,"avg_abv_Ale":8.0333333333,"max_abv_beer_Ale":"I Am What I Am","max_abv_Ale":20.0,"best_beer_Lager":null,"best_beer_score_Lager":null,"most_popular_beer_Lager":null,"popularity_Lager":null,"n_beers_Lager":null,"avg_abv_Lager":null,"max_abv_beer_Lager":null,"max_abv_Lager":null,"best_beer_Stout":"Singularity Bourbon Barrel Aged","best_beer_score_Stout":3.378,"most_popular_beer_Stout":"Ravnodenstvie BA","popularity_Stout":3.0,"n_beers_Stout":5.0,"avg_abv_Stout":11.38,"max_abv_beer_Stout":"Singularity Bourbon Barrel Aged","max_abv_Stout":18.0,"best_beer_Pilsner":null,"best_beer_score_Pilsner":null,"most_popular_beer_Pilsner":null,"popularity_Pilsner":null,"n_beers_Pilsner":null,"avg_abv_Pilsner":null,"max_abv_beer_Pilsner":null,"max_abv_Pilsner":null,"best_beer_Porter":null,"best_beer_score_Porter":null,"most_popular_beer_Porter":null,"popularity_Porter":null,"n_beers_Porter":null,"avg_abv_Porter":null,"max_abv_beer_Porter":null,"max_abv_Porter":null,"best_beer_Fruit":null,"best_beer_score_Fruit":null,"most_popular_beer_Fruit":null,"popularity_Fruit":null,"n_beers_Fruit":null,"avg_abv_Fruit":null,"max_abv_beer_Fruit":null,"max_abv_Fruit":null,"best_beer_Roggenbier":null,"best_beer_score_Roggenbier":null,"most_popular_beer_Roggenbier":null,"popularity_Roggenbier":null,"n_beers_Roggenbier":null,"avg_abv_Roggenbier":null,"max_abv_beer_Roggenbier":null,"max_abv_Roggenbier":null,"best_beer_Herb":"H\u00f5\u00f5g\u00f5lu","best_beer_score_Herb":2.8333333333,"most_popular_beer_Herb":"Fair Christmas Bear Comes","popularity_Herb":3.0,"n_beers_Herb":2.0,"avg_abv_Herb":8.0,"max_abv_beer_Herb":"H\u00f5\u00f5g\u00f5lu","max_abv_Herb":10.0,"best_beer_Smoke":null,"best_beer_score_Smoke":null,"most_popular_beer_Smoke":null,"popularity_Smoke":null,"n_beers_Smoke":null,"avg_abv_Smoke":null,"max_abv_beer_Smoke":null,"max_abv_Smoke":null,"best_beer_Barleywine":null,"best_beer_score_Barleywine":null,"most_popular_beer_Barleywine":null,"popularity_Barleywine":null,"n_beers_Barleywine":null,"avg_abv_Barleywine":null,"max_abv_beer_Barleywine":null,"max_abv_Barleywine":null,"best_beer":"L\u00f5bus Njuufa","best_beer_score":3.4514285714,"most_popular_beer":"L\u00f5bus Njuufa","popularity":5.0,"n_beers":16.0,"avg_abv":8.80625,"max_abv_beer":"I Am What I Am","max_abv":20.0},{"brewery":"\u00d5llenaut O\u00dc","city":"Saue","lat":59.32258,"long":24.54967,"best_beer_IPA":"Simko Eil","best_beer_score_IPA":2.906,"most_popular_beer_IPA":"Simko Eil","popularity_IPA":3.0,"n_beers_IPA":1.0,"avg_abv_IPA":5.8,"max_abv_beer_IPA":"Simko Eil","max_abv_IPA":5.8,"best_beer_Ale":"Topelt Pruun","best_beer_score_Ale":3.1625,"most_popular_beer_Ale":"Topelt Pruun","popularity_Ale":2.0,"n_beers_Ale":4.0,"avg_abv_Ale":6.15,"max_abv_beer_Ale":"Topelt Pruun","max_abv_Ale":7.5,"best_beer_Lager":null,"best_beer_score_Lager":null,"most_popular_beer_Lager":null,"popularity_Lager":null,"n_beers_Lager":null,"avg_abv_Lager":null,"max_abv_beer_Lager":null,"max_abv_Lager":null,"best_beer_Stout":"Wahtula","best_beer_score_Stout":3.615,"most_popular_beer_Stout":"Wahtula","popularity_Stout":8.0,"n_beers_Stout":6.0,"avg_abv_Stout":8.6666666667,"max_abv_beer_Stout":"IMPi","max_abv_Stout":10.0,"best_beer_Pilsner":null,"best_beer_score_Pilsner":null,"most_popular_beer_Pilsner":null,"popularity_Pilsner":null,"n_beers_Pilsner":null,"avg_abv_Pilsner":null,"max_abv_beer_Pilsner":null,"max_abv_Pilsner":null,"best_beer_Porter":"Suitsu Porter","best_beer_score_Porter":3.774,"most_popular_beer_Porter":"Suitsu Porter","popularity_Porter":8.0,"n_beers_Porter":3.0,"avg_abv_Porter":6.7333333333,"max_abv_beer_Porter":"Must Eksport","max_abv_Porter":8.3,"best_beer_Fruit":null,"best_beer_score_Fruit":null,"most_popular_beer_Fruit":null,"popularity_Fruit":null,"n_beers_Fruit":null,"avg_abv_Fruit":null,"max_abv_beer_Fruit":null,"max_abv_Fruit":null,"best_beer_Roggenbier":"Eesti Rukki Eil - Estonian Rye Ale","best_beer_score_Roggenbier":3.6,"most_popular_beer_Roggenbier":"Eesti Rukki Eil - Estonian Rye Ale","popularity_Roggenbier":4.0,"n_beers_Roggenbier":2.0,"avg_abv_Roggenbier":5.9,"max_abv_beer_Roggenbier":"Vanamees 2","max_abv_Roggenbier":6.5,"best_beer_Herb":null,"best_beer_score_Herb":null,"most_popular_beer_Herb":null,"popularity_Herb":null,"n_beers_Herb":null,"avg_abv_Herb":null,"max_abv_beer_Herb":null,"max_abv_Herb":null,"best_beer_Smoke":"Brikett","best_beer_score_Smoke":3.668,"most_popular_beer_Smoke":"Brikett","popularity_Smoke":3.0,"n_beers_Smoke":2.0,"avg_abv_Smoke":10.6,"max_abv_beer_Smoke":"Turbahunt","max_abv_Smoke":11.2,"best_beer_Barleywine":null,"best_beer_score_Barleywine":null,"most_popular_beer_Barleywine":null,"popularity_Barleywine":null,"n_beers_Barleywine":null,"avg_abv_Barleywine":null,"max_abv_beer_Barleywine":null,"max_abv_Barleywine":null,"best_beer":"Suitsu Porter","best_beer_score":3.774,"most_popular_beer":"Wahtula","popularity":8.0,"n_beers":22.0,"avg_abv":7.6272727273,"max_abv_beer":"\u00d5llenaut \/ Jaanihanso - Bi\u00e8re Brut","max_abv":11.8},{"brewery":"Karme AS, Karksi \u00d5lle","city":"Karksi","lat":58.11722,"long":25.58778,"best_beer_IPA":null,"best_beer_score_IPA":null,"most_popular_beer_IPA":null,"popularity_IPA":null,"n_beers_IPA":null,"avg_abv_IPA":null,"max_abv_beer_IPA":null,"max_abv_IPA":null,"best_beer_Ale":null,"best_beer_score_Ale":null,"most_popular_beer_Ale":null,"popularity_Ale":null,"n_beers_Ale":null,"avg_abv_Ale":null,"max_abv_beer_Ale":null,"max_abv_Ale":null,"best_beer_Lager":"Karksi Must Nunn","best_beer_score_Lager":2.994,"most_popular_beer_Lager":"Karksi Must Nunn","popularity_Lager":3.0,"n_beers_Lager":3.0,"avg_abv_Lager":5.6666666667,"max_abv_beer_Lager":"Karksi Must Nunn","max_abv_Lager":6.0,"best_beer_Stout":null,"best_beer_score_Stout":null,"most_popular_beer_Stout":null,"popularity_Stout":null,"n_beers_Stout":null,"avg_abv_Stout":null,"max_abv_beer_Stout":null,"max_abv_Stout":null,"best_beer_Pilsner":null,"best_beer_score_Pilsner":null,"most_popular_beer_Pilsner":null,"popularity_Pilsner":null,"n_beers_Pilsner":null,"avg_abv_Pilsner":null,"max_abv_beer_Pilsner":null,"max_abv_Pilsner":null,"best_beer_Porter":null,"best_beer_score_Porter":null,"most_popular_beer_Porter":null,"popularity_Porter":null,"n_beers_Porter":null,"avg_abv_Porter":null,"max_abv_beer_Porter":null,"max_abv_Porter":null,"best_beer_Fruit":null,"best_beer_score_Fruit":null,"most_popular_beer_Fruit":null,"popularity_Fruit":null,"n_beers_Fruit":null,"avg_abv_Fruit":null,"max_abv_beer_Fruit":null,"max_abv_Fruit":null,"best_beer_Roggenbier":null,"best_beer_score_Roggenbier":null,"most_popular_beer_Roggenbier":null,"popularity_Roggenbier":null,"n_beers_Roggenbier":null,"avg_abv_Roggenbier":null,"max_abv_beer_Roggenbier":null,"max_abv_Roggenbier":null,"best_beer_Herb":null,"best_beer_score_Herb":null,"most_popular_beer_Herb":null,"popularity_Herb":null,"n_beers_Herb":null,"avg_abv_Herb":null,"max_abv_beer_Herb":null,"max_abv_Herb":null,"best_beer_Smoke":null,"best_beer_score_Smoke":null,"most_popular_beer_Smoke":null,"popularity_Smoke":null,"n_beers_Smoke":null,"avg_abv_Smoke":null,"max_abv_beer_Smoke":null,"max_abv_Smoke":null,"best_beer_Barleywine":null,"best_beer_score_Barleywine":null,"most_popular_beer_Barleywine":null,"popularity_Barleywine":null,"n_beers_Barleywine":null,"avg_abv_Barleywine":null,"max_abv_beer_Barleywine":null,"max_abv_Barleywine":null,"best_beer":"Karksi Must Nunn","best_beer_score":2.994,"most_popular_beer":"Karksi Must Nunn","popularity":3.0,"n_beers":3.0,"avg_abv":5.6666666667,"max_abv_beer":"Karksi Must Nunn","max_abv":6.0},{"brewery":"AS Puls Brewery","city":"P\u00e4rnu","lat":58.38588,"long":24.49711,"best_beer_IPA":null,"best_beer_score_IPA":null,"most_popular_beer_IPA":null,"popularity_IPA":null,"n_beers_IPA":null,"avg_abv_IPA":null,"max_abv_beer_IPA":null,"max_abv_IPA":null,"best_beer_Ale":null,"best_beer_score_Ale":null,"most_popular_beer_Ale":null,"popularity_Ale":null,"n_beers_Ale":null,"avg_abv_Ale":null,"max_abv_beer_Ale":null,"max_abv_Ale":null,"best_beer_Lager":"Puls J\u00f5ululegend Tume \u00d5lu","best_beer_score_Lager":2.7766666667,"most_popular_beer_Lager":"Puls Tume Lager","popularity_Lager":3.0,"n_beers_Lager":2.0,"avg_abv_Lager":5.2,"max_abv_beer_Lager":"Puls J\u00f5ululegend Tume \u00d5lu","max_abv_Lager":5.4,"best_beer_Stout":null,"best_beer_score_Stout":null,"most_popular_beer_Stout":null,"popularity_Stout":null,"n_beers_Stout":null,"avg_abv_Stout":null,"max_abv_beer_Stout":null,"max_abv_Stout":null,"best_beer_Pilsner":null,"best_beer_score_Pilsner":null,"most_popular_beer_Pilsner":null,"popularity_Pilsner":null,"n_beers_Pilsner":null,"avg_abv_Pilsner":null,"max_abv_beer_Pilsner":null,"max_abv_Pilsner":null,"best_beer_Porter":null,"best_beer_score_Porter":null,"most_popular_beer_Porter":null,"popularity_Porter":null,"n_beers_Porter":null,"avg_abv_Porter":null,"max_abv_beer_Porter":null,"max_abv_Porter":null,"best_beer_Fruit":"Puls Tume Kirsi\u00f5lu (Puls Dark Cherry Beer)","best_beer_score_Fruit":2.5266666667,"most_popular_beer_Fruit":"Puls Tume Kirsi\u00f5lu (Puls Dark Cherry Beer)","popularity_Fruit":1.0,"n_beers_Fruit":1.0,"avg_abv_Fruit":4.6,"max_abv_beer_Fruit":"Puls Tume Kirsi\u00f5lu (Puls Dark Cherry Beer)","max_abv_Fruit":4.6,"best_beer_Roggenbier":null,"best_beer_score_Roggenbier":null,"most_popular_beer_Roggenbier":null,"popularity_Roggenbier":null,"n_beers_Roggenbier":null,"avg_abv_Roggenbier":null,"max_abv_beer_Roggenbier":null,"max_abv_Roggenbier":null,"best_beer_Herb":"Puls Hele Mee\u00f5lu","best_beer_score_Herb":2.9533333333,"most_popular_beer_Herb":"Puls Hele Mee\u00f5lu","popularity_Herb":1.0,"n_beers_Herb":2.0,"avg_abv_Herb":5.0,"max_abv_beer_Herb":"Puls J\u00e4\u00e4gri \u00d5lu (Puls Hunters' Beer)","max_abv_Herb":5.4,"best_beer_Smoke":null,"best_beer_score_Smoke":null,"most_popular_beer_Smoke":null,"popularity_Smoke":null,"n_beers_Smoke":null,"avg_abv_Smoke":null,"max_abv_beer_Smoke":null,"max_abv_Smoke":null,"best_beer_Barleywine":null,"best_beer_score_Barleywine":null,"most_popular_beer_Barleywine":null,"popularity_Barleywine":null,"n_beers_Barleywine":null,"avg_abv_Barleywine":null,"max_abv_beer_Barleywine":null,"max_abv_Barleywine":null,"best_beer":"Puls Hele Mee\u00f5lu","best_beer_score":2.9533333333,"most_popular_beer":"Puls Tume Lager","popularity":3.0,"n_beers":6.0,"avg_abv":5.0666666667,"max_abv_beer":"Puls J\u00f5ululegend Tume \u00d5lu","max_abv":5.4},{"brewery":"Vaat","city":"Tallinn","lat":59.43696,"long":24.75353,"best_beer_IPA":"Blimey!","best_beer_score_IPA":2.5833333333,"most_popular_beer_IPA":"Blimey!","popularity_IPA":1.0,"n_beers_IPA":1.0,"avg_abv_IPA":7.5,"max_abv_beer_IPA":"Blimey!","max_abv_IPA":7.5,"best_beer_Ale":null,"best_beer_score_Ale":null,"most_popular_beer_Ale":null,"popularity_Ale":null,"n_beers_Ale":null,"avg_abv_Ale":null,"max_abv_beer_Ale":null,"max_abv_Ale":null,"best_beer_Lager":null,"best_beer_score_Lager":null,"most_popular_beer_Lager":null,"popularity_Lager":null,"n_beers_Lager":null,"avg_abv_Lager":null,"max_abv_beer_Lager":null,"max_abv_Lager":null,"best_beer_Stout":"Jailhouse Brew","best_beer_score_Stout":2.8333333333,"most_popular_beer_Stout":"Jailhouse Brew","popularity_Stout":1.0,"n_beers_Stout":1.0,"avg_abv_Stout":9.1,"max_abv_beer_Stout":"Jailhouse Brew","max_abv_Stout":9.1,"best_beer_Pilsner":null,"best_beer_score_Pilsner":null,"most_popular_beer_Pilsner":null,"popularity_Pilsner":null,"n_beers_Pilsner":null,"avg_abv_Pilsner":null,"max_abv_beer_Pilsner":null,"max_abv_Pilsner":null,"best_beer_Porter":null,"best_beer_score_Porter":null,"most_popular_beer_Porter":null,"popularity_Porter":null,"n_beers_Porter":null,"avg_abv_Porter":null,"max_abv_beer_Porter":null,"max_abv_Porter":null,"best_beer_Fruit":null,"best_beer_score_Fruit":null,"most_popular_beer_Fruit":null,"popularity_Fruit":null,"n_beers_Fruit":null,"avg_abv_Fruit":null,"max_abv_beer_Fruit":null,"max_abv_Fruit":null,"best_beer_Roggenbier":null,"best_beer_score_Roggenbier":null,"most_popular_beer_Roggenbier":null,"popularity_Roggenbier":null,"n_beers_Roggenbier":null,"avg_abv_Roggenbier":null,"max_abv_beer_Roggenbier":null,"max_abv_Roggenbier":null,"best_beer_Herb":null,"best_beer_score_Herb":null,"most_popular_beer_Herb":null,"popularity_Herb":null,"n_beers_Herb":null,"avg_abv_Herb":null,"max_abv_beer_Herb":null,"max_abv_Herb":null,"best_beer_Smoke":null,"best_beer_score_Smoke":null,"most_popular_beer_Smoke":null,"popularity_Smoke":null,"n_beers_Smoke":null,"avg_abv_Smoke":null,"max_abv_beer_Smoke":null,"max_abv_Smoke":null,"best_beer_Barleywine":null,"best_beer_score_Barleywine":null,"most_popular_beer_Barleywine":null,"popularity_Barleywine":null,"n_beers_Barleywine":null,"avg_abv_Barleywine":null,"max_abv_beer_Barleywine":null,"max_abv_Barleywine":null,"best_beer":"Witty Nelson","best_beer_score":2.9375,"most_popular_beer":"Witty Nelson","popularity":2.0,"n_beers":4.0,"avg_abv":8.025,"max_abv_beer":"Alte Hansa","max_abv":10.0},{"brewery":"Purtse Pruulikoda","city":"Purtse","lat":59.41706135,"long":26.9898092825,"best_beer_IPA":"Metsik Ida","best_beer_score_IPA":3.1666666667,"most_popular_beer_IPA":"Metsik Ida","popularity_IPA":1.0,"n_beers_IPA":1.0,"avg_abv_IPA":6.7,"max_abv_beer_IPA":"Metsik Ida","max_abv_IPA":6.7,"best_beer_Ale":"Metsik Ida","best_beer_score_Ale":3.1666666667,"most_popular_beer_Ale":"Metsik Ida","popularity_Ale":1.0,"n_beers_Ale":3.0,"avg_abv_Ale":6.9666666667,"max_abv_beer_Ale":"\u0160aht-Matt","max_abv_Ale":8.7,"best_beer_Lager":null,"best_beer_score_Lager":null,"most_popular_beer_Lager":null,"popularity_Lager":null,"n_beers_Lager":null,"avg_abv_Lager":null,"max_abv_beer_Lager":null,"max_abv_Lager":null,"best_beer_Stout":"Siidisuka","best_beer_score_Stout":3.04,"most_popular_beer_Stout":"Siidisuka","popularity_Stout":1.0,"n_beers_Stout":1.0,"avg_abv_Stout":6.3,"max_abv_beer_Stout":"Siidisuka","max_abv_Stout":6.3,"best_beer_Pilsner":null,"best_beer_score_Pilsner":null,"most_popular_beer_Pilsner":null,"popularity_Pilsner":null,"n_beers_Pilsner":null,"avg_abv_Pilsner":null,"max_abv_beer_Pilsner":null,"max_abv_Pilsner":null,"best_beer_Porter":null,"best_beer_score_Porter":null,"most_popular_beer_Porter":null,"popularity_Porter":null,"n_beers_Porter":null,"avg_abv_Porter":null,"max_abv_beer_Porter":null,"max_abv_Porter":null,"best_beer_Fruit":null,"best_beer_score_Fruit":null,"most_popular_beer_Fruit":null,"popularity_Fruit":null,"n_beers_Fruit":null,"avg_abv_Fruit":null,"max_abv_beer_Fruit":null,"max_abv_Fruit":null,"best_beer_Roggenbier":null,"best_beer_score_Roggenbier":null,"most_popular_beer_Roggenbier":null,"popularity_Roggenbier":null,"n_beers_Roggenbier":null,"avg_abv_Roggenbier":null,"max_abv_beer_Roggenbier":null,"max_abv_Roggenbier":null,"best_beer_Herb":null,"best_beer_score_Herb":null,"most_popular_beer_Herb":null,"popularity_Herb":null,"n_beers_Herb":null,"avg_abv_Herb":null,"max_abv_beer_Herb":null,"max_abv_Herb":null,"best_beer_Smoke":null,"best_beer_score_Smoke":null,"most_popular_beer_Smoke":null,"popularity_Smoke":null,"n_beers_Smoke":null,"avg_abv_Smoke":null,"max_abv_beer_Smoke":null,"max_abv_Smoke":null,"best_beer_Barleywine":null,"best_beer_score_Barleywine":null,"most_popular_beer_Barleywine":null,"popularity_Barleywine":null,"n_beers_Barleywine":null,"avg_abv_Barleywine":null,"max_abv_beer_Barleywine":null,"max_abv_Barleywine":null,"best_beer":"Metsik Ida","best_beer_score":3.1666666667,"most_popular_beer":"Metsik Ida","popularity":1.0,"n_beers":4.0,"avg_abv":6.8,"max_abv_beer":"\u0160aht-Matt","max_abv":8.7},{"brewery":"nanoPruul","city":"Tallinn","lat":59.43696,"long":24.75353,"best_beer_IPA":"Firestarter","best_beer_score_IPA":2.6733333333,"most_popular_beer_IPA":"Firestarter","popularity_IPA":1.0,"n_beers_IPA":1.0,"avg_abv_IPA":7.5,"max_abv_beer_IPA":"Firestarter","max_abv_IPA":7.5,"best_beer_Ale":null,"best_beer_score_Ale":null,"most_popular_beer_Ale":null,"popularity_Ale":null,"n_beers_Ale":null,"avg_abv_Ale":null,"max_abv_beer_Ale":null,"max_abv_Ale":null,"best_beer_Lager":null,"best_beer_score_Lager":null,"most_popular_beer_Lager":null,"popularity_Lager":null,"n_beers_Lager":null,"avg_abv_Lager":null,"max_abv_beer_Lager":null,"max_abv_Lager":null,"best_beer_Stout":null,"best_beer_score_Stout":null,"most_popular_beer_Stout":null,"popularity_Stout":null,"n_beers_Stout":null,"avg_abv_Stout":null,"max_abv_beer_Stout":null,"max_abv_Stout":null,"best_beer_Pilsner":null,"best_beer_score_Pilsner":null,"most_popular_beer_Pilsner":null,"popularity_Pilsner":null,"n_beers_Pilsner":null,"avg_abv_Pilsner":null,"max_abv_beer_Pilsner":null,"max_abv_Pilsner":null,"best_beer_Porter":null,"best_beer_score_Porter":null,"most_popular_beer_Porter":null,"popularity_Porter":null,"n_beers_Porter":null,"avg_abv_Porter":null,"max_abv_beer_Porter":null,"max_abv_Porter":null,"best_beer_Fruit":null,"best_beer_score_Fruit":null,"most_popular_beer_Fruit":null,"popularity_Fruit":null,"n_beers_Fruit":null,"avg_abv_Fruit":null,"max_abv_beer_Fruit":null,"max_abv_Fruit":null,"best_beer_Roggenbier":null,"best_beer_score_Roggenbier":null,"most_popular_beer_Roggenbier":null,"popularity_Roggenbier":null,"n_beers_Roggenbier":null,"avg_abv_Roggenbier":null,"max_abv_beer_Roggenbier":null,"max_abv_Roggenbier":null,"best_beer_Herb":null,"best_beer_score_Herb":null,"most_popular_beer_Herb":null,"popularity_Herb":null,"n_beers_Herb":null,"avg_abv_Herb":null,"max_abv_beer_Herb":null,"max_abv_Herb":null,"best_beer_Smoke":null,"best_beer_score_Smoke":null,"most_popular_beer_Smoke":null,"popularity_Smoke":null,"n_beers_Smoke":null,"avg_abv_Smoke":null,"max_abv_beer_Smoke":null,"max_abv_Smoke":null,"best_beer_Barleywine":null,"best_beer_score_Barleywine":null,"most_popular_beer_Barleywine":null,"popularity_Barleywine":null,"n_beers_Barleywine":null,"avg_abv_Barleywine":null,"max_abv_beer_Barleywine":null,"max_abv_Barleywine":null,"best_beer":"Firestarter","best_beer_score":2.6733333333,"most_popular_beer":"Firestarter","popularity":1.0,"n_beers":1.0,"avg_abv":7.5,"max_abv_beer":"Firestarter","max_abv":7.5},{"brewery":"Viru \u00d5lu AS","city":"Haljala","lat":59.43361,"long":26.26139,"best_beer_IPA":null,"best_beer_score_IPA":null,"most_popular_beer_IPA":null,"popularity_IPA":null,"n_beers_IPA":null,"avg_abv_IPA":null,"max_abv_beer_IPA":null,"max_abv_IPA":null,"best_beer_Ale":"FinAle","best_beer_score_Ale":2.6725,"most_popular_beer_Ale":"FinAle","popularity_Ale":2.0,"n_beers_Ale":1.0,"avg_abv_Ale":6.5,"max_abv_beer_Ale":"FinAle","max_abv_Ale":6.5,"best_beer_Lager":"Palmse Tume \u00d5lu (Palmse Dark Beer)","best_beer_score_Lager":2.9425,"most_popular_beer_Lager":"Puls Classic","popularity_Lager":2.0,"n_beers_Lager":6.0,"avg_abv_Lager":5.0166666667,"max_abv_beer_Lager":"Palmse Tume \u00d5lu (Palmse Dark Beer)","max_abv_Lager":5.6,"best_beer_Stout":null,"best_beer_score_Stout":null,"most_popular_beer_Stout":null,"popularity_Stout":null,"n_beers_Stout":null,"avg_abv_Stout":null,"max_abv_beer_Stout":null,"max_abv_Stout":null,"best_beer_Pilsner":null,"best_beer_score_Pilsner":null,"most_popular_beer_Pilsner":null,"popularity_Pilsner":null,"n_beers_Pilsner":null,"avg_abv_Pilsner":null,"max_abv_beer_Pilsner":null,"max_abv_Pilsner":null,"best_beer_Porter":null,"best_beer_score_Porter":null,"most_popular_beer_Porter":null,"popularity_Porter":null,"n_beers_Porter":null,"avg_abv_Porter":null,"max_abv_beer_Porter":null,"max_abv_Porter":null,"best_beer_Fruit":"Gr\u00f8nland Ice Cap Beer Ice Fjord Lager","best_beer_score_Fruit":3.1457142857,"most_popular_beer_Fruit":"Gr\u00f8nland Ice Cap Beer Ice Fjord Lager","popularity_Fruit":5.0,"n_beers_Fruit":2.0,"avg_abv_Fruit":5.3,"max_abv_beer_Fruit":"Gr\u00f8nland Ice Cap Beer Ice Fjord Lager","max_abv_Fruit":6.0,"best_beer_Roggenbier":null,"best_beer_score_Roggenbier":null,"most_popular_beer_Roggenbier":null,"popularity_Roggenbier":null,"n_beers_Roggenbier":null,"avg_abv_Roggenbier":null,"max_abv_beer_Roggenbier":null,"max_abv_Roggenbier":null,"best_beer_Herb":"J\u00f5ulusokk","best_beer_score_Herb":2.63,"most_popular_beer_Herb":"J\u00f5ulusokk","popularity_Herb":1.0,"n_beers_Herb":1.0,"avg_abv_Herb":6.0,"max_abv_beer_Herb":"J\u00f5ulusokk","max_abv_Herb":6.0,"best_beer_Smoke":null,"best_beer_score_Smoke":null,"most_popular_beer_Smoke":null,"popularity_Smoke":null,"n_beers_Smoke":null,"avg_abv_Smoke":null,"max_abv_beer_Smoke":null,"max_abv_Smoke":null,"best_beer_Barleywine":null,"best_beer_score_Barleywine":null,"most_popular_beer_Barleywine":null,"popularity_Barleywine":null,"n_beers_Barleywine":null,"avg_abv_Barleywine":null,"max_abv_beer_Barleywine":null,"max_abv_Barleywine":null,"best_beer":"Gr\u00f8nland Ice Cap Beer Ice Fjord Lager","best_beer_score":3.1457142857,"most_popular_beer":"Gr\u00f8nland Ice Cap Beer Ice Fjord Lager","popularity":5.0,"n_beers":11.0,"avg_abv":5.4727272727,"max_abv_beer":"Bock\u00b2","max_abv":7.0},{"brewery":"Taako Pihtla \u00d5lu","city":"Pihtla","lat":58.3063871,"long":22.6832760511,"best_beer_IPA":null,"best_beer_score_IPA":null,"most_popular_beer_IPA":null,"popularity_IPA":null,"n_beers_IPA":null,"avg_abv_IPA":null,"max_abv_beer_IPA":null,"max_abv_IPA":null,"best_beer_Ale":null,"best_beer_score_Ale":null,"most_popular_beer_Ale":null,"popularity_Ale":null,"n_beers_Ale":null,"avg_abv_Ale":null,"max_abv_beer_Ale":null,"max_abv_Ale":null,"best_beer_Lager":null,"best_beer_score_Lager":null,"most_popular_beer_Lager":null,"popularity_Lager":null,"n_beers_Lager":null,"avg_abv_Lager":null,"max_abv_beer_Lager":null,"max_abv_Lager":null,"best_beer_Stout":null,"best_beer_score_Stout":null,"most_popular_beer_Stout":null,"popularity_Stout":null,"n_beers_Stout":null,"avg_abv_Stout":null,"max_abv_beer_Stout":null,"max_abv_Stout":null,"best_beer_Pilsner":null,"best_beer_score_Pilsner":null,"most_popular_beer_Pilsner":null,"popularity_Pilsner":null,"n_beers_Pilsner":null,"avg_abv_Pilsner":null,"max_abv_beer_Pilsner":null,"max_abv_Pilsner":null,"best_beer_Porter":null,"best_beer_score_Porter":null,"most_popular_beer_Porter":null,"popularity_Porter":null,"n_beers_Porter":null,"avg_abv_Porter":null,"max_abv_beer_Porter":null,"max_abv_Porter":null,"best_beer_Fruit":"Pihtla \u00d5lu","best_beer_score_Fruit":2.49,"most_popular_beer_Fruit":"Pihtla \u00d5lu","popularity_Fruit":1.0,"n_beers_Fruit":1.0,"avg_abv_Fruit":7.6,"max_abv_beer_Fruit":"Pihtla \u00d5lu","max_abv_Fruit":7.6,"best_beer_Roggenbier":null,"best_beer_score_Roggenbier":null,"most_popular_beer_Roggenbier":null,"popularity_Roggenbier":null,"n_beers_Roggenbier":null,"avg_abv_Roggenbier":null,"max_abv_beer_Roggenbier":null,"max_abv_Roggenbier":null,"best_beer_Herb":null,"best_beer_score_Herb":null,"most_popular_beer_Herb":null,"popularity_Herb":null,"n_beers_Herb":null,"avg_abv_Herb":null,"max_abv_beer_Herb":null,"max_abv_Herb":null,"best_beer_Smoke":null,"best_beer_score_Smoke":null,"most_popular_beer_Smoke":null,"popularity_Smoke":null,"n_beers_Smoke":null,"avg_abv_Smoke":null,"max_abv_beer_Smoke":null,"max_abv_Smoke":null,"best_beer_Barleywine":null,"best_beer_score_Barleywine":null,"most_popular_beer_Barleywine":null,"popularity_Barleywine":null,"n_beers_Barleywine":null,"avg_abv_Barleywine":null,"max_abv_beer_Barleywine":null,"max_abv_Barleywine":null,"best_beer":"Saaremaa Koduolu","best_beer_score":3.245,"most_popular_beer":"Saaremaa Koduolu","popularity":4.0,"n_beers":2.0,"avg_abv":7.6,"max_abv_beer":"Saaremaa Koduolu","max_abv":7.6},{"brewery":"Beer House","city":"Tallinn","lat":59.43696,"long":24.75353,"best_beer_IPA":null,"best_beer_score_IPA":null,"most_popular_beer_IPA":null,"popularity_IPA":null,"n_beers_IPA":null,"avg_abv_IPA":null,"max_abv_beer_IPA":null,"max_abv_IPA":null,"best_beer_Ale":null,"best_beer_score_Ale":null,"most_popular_beer_Ale":null,"popularity_Ale":null,"n_beers_Ale":null,"avg_abv_Ale":null,"max_abv_beer_Ale":null,"max_abv_Ale":null,"best_beer_Lager":"Dunkles Extra","best_beer_score_Lager":3.1316666667,"most_popular_beer_Lager":"Dunkles Extra","popularity_Lager":4.0,"n_beers_Lager":3.0,"avg_abv_Lager":4.6666666667,"max_abv_beer_Lager":"Vana Viini Lager","max_abv_Lager":4.9,"best_beer_Stout":null,"best_beer_score_Stout":null,"most_popular_beer_Stout":null,"popularity_Stout":null,"n_beers_Stout":null,"avg_abv_Stout":null,"max_abv_beer_Stout":null,"max_abv_Stout":null,"best_beer_Pilsner":"Gold Pilsner","best_beer_score_Pilsner":2.77,"most_popular_beer_Pilsner":"Gold Pilsner","popularity_Pilsner":2.0,"n_beers_Pilsner":1.0,"avg_abv_Pilsner":4.5,"max_abv_beer_Pilsner":"Gold Pilsner","max_abv_Pilsner":4.5,"best_beer_Porter":null,"best_beer_score_Porter":null,"most_popular_beer_Porter":null,"popularity_Porter":null,"n_beers_Porter":null,"avg_abv_Porter":null,"max_abv_beer_Porter":null,"max_abv_Porter":null,"best_beer_Fruit":null,"best_beer_score_Fruit":null,"most_popular_beer_Fruit":null,"popularity_Fruit":null,"n_beers_Fruit":null,"avg_abv_Fruit":null,"max_abv_beer_Fruit":null,"max_abv_Fruit":null,"best_beer_Roggenbier":null,"best_beer_score_Roggenbier":null,"most_popular_beer_Roggenbier":null,"popularity_Roggenbier":null,"n_beers_Roggenbier":null,"avg_abv_Roggenbier":null,"max_abv_beer_Roggenbier":null,"max_abv_Roggenbier":null,"best_beer_Herb":null,"best_beer_score_Herb":null,"most_popular_beer_Herb":null,"popularity_Herb":null,"n_beers_Herb":null,"avg_abv_Herb":null,"max_abv_beer_Herb":null,"max_abv_Herb":null,"best_beer_Smoke":null,"best_beer_score_Smoke":null,"most_popular_beer_Smoke":null,"popularity_Smoke":null,"n_beers_Smoke":null,"avg_abv_Smoke":null,"max_abv_beer_Smoke":null,"max_abv_Smoke":null,"best_beer_Barleywine":null,"best_beer_score_Barleywine":null,"most_popular_beer_Barleywine":null,"popularity_Barleywine":null,"n_beers_Barleywine":null,"avg_abv_Barleywine":null,"max_abv_beer_Barleywine":null,"max_abv_Barleywine":null,"best_beer":"Dunkles Extra","best_beer_score":3.1316666667,"most_popular_beer":"BH Premium","popularity":4.0,"n_beers":7.0,"avg_abv":4.7142857143,"max_abv_beer":"BH Premium","max_abv":5.3},{"brewery":"Kalamaja Pruulikoda","city":"Tallinn","lat":59.43696,"long":24.75353,"best_beer_IPA":"Absurd K\u00e4bliku","best_beer_score_IPA":3.0633333333,"most_popular_beer_IPA":"Absurd K\u00e4bliku","popularity_IPA":1.0,"n_beers_IPA":1.0,"avg_abv_IPA":6.7,"max_abv_beer_IPA":"Absurd K\u00e4bliku","max_abv_IPA":6.7,"best_beer_Ale":null,"best_beer_score_Ale":null,"most_popular_beer_Ale":null,"popularity_Ale":null,"n_beers_Ale":null,"avg_abv_Ale":null,"max_abv_beer_Ale":null,"max_abv_Ale":null,"best_beer_Lager":null,"best_beer_score_Lager":null,"most_popular_beer_Lager":null,"popularity_Lager":null,"n_beers_Lager":null,"avg_abv_Lager":null,"max_abv_beer_Lager":null,"max_abv_Lager":null,"best_beer_Stout":null,"best_beer_score_Stout":null,"most_popular_beer_Stout":null,"popularity_Stout":null,"n_beers_Stout":1.0,"avg_abv_Stout":4.7,"max_abv_beer_Stout":"Mister Yum","max_abv_Stout":4.7,"best_beer_Pilsner":null,"best_beer_score_Pilsner":null,"most_popular_beer_Pilsner":null,"popularity_Pilsner":null,"n_beers_Pilsner":null,"avg_abv_Pilsner":null,"max_abv_beer_Pilsner":null,"max_abv_Pilsner":null,"best_beer_Porter":null,"best_beer_score_Porter":null,"most_popular_beer_Porter":null,"popularity_Porter":null,"n_beers_Porter":null,"avg_abv_Porter":null,"max_abv_beer_Porter":null,"max_abv_Porter":null,"best_beer_Fruit":null,"best_beer_score_Fruit":null,"most_popular_beer_Fruit":null,"popularity_Fruit":null,"n_beers_Fruit":1.0,"avg_abv_Fruit":5.6,"max_abv_beer_Fruit":"Singer-Ginger","max_abv_Fruit":5.6,"best_beer_Roggenbier":null,"best_beer_score_Roggenbier":null,"most_popular_beer_Roggenbier":null,"popularity_Roggenbier":null,"n_beers_Roggenbier":null,"avg_abv_Roggenbier":null,"max_abv_beer_Roggenbier":null,"max_abv_Roggenbier":null,"best_beer_Herb":null,"best_beer_score_Herb":null,"most_popular_beer_Herb":null,"popularity_Herb":null,"n_beers_Herb":null,"avg_abv_Herb":null,"max_abv_beer_Herb":null,"max_abv_Herb":null,"best_beer_Smoke":null,"best_beer_score_Smoke":null,"most_popular_beer_Smoke":null,"popularity_Smoke":null,"n_beers_Smoke":null,"avg_abv_Smoke":null,"max_abv_beer_Smoke":null,"max_abv_Smoke":null,"best_beer_Barleywine":null,"best_beer_score_Barleywine":null,"most_popular_beer_Barleywine":null,"popularity_Barleywine":null,"n_beers_Barleywine":null,"avg_abv_Barleywine":null,"max_abv_beer_Barleywine":null,"max_abv_Barleywine":null,"best_beer":"Absurd K\u00e4bliku","best_beer_score":3.0633333333,"most_popular_beer":"Absurd K\u00e4bliku","popularity":1.0,"n_beers":4.0,"avg_abv":5.85,"max_abv_beer":"Absurd K\u00e4bliku","max_abv":6.7},{"brewery":"Brewery","city":"Tallinn","lat":59.43696,"long":24.75353,"best_beer_IPA":null,"best_beer_score_IPA":null,"most_popular_beer_IPA":null,"popularity_IPA":null,"n_beers_IPA":null,"avg_abv_IPA":null,"max_abv_beer_IPA":null,"max_abv_IPA":null,"best_beer_Ale":"Wheat Beer","best_beer_score_Ale":2.9325,"most_popular_beer_Ale":"Wheat Beer","popularity_Ale":2.0,"n_beers_Ale":1.0,"avg_abv_Ale":5.0,"max_abv_beer_Ale":"Wheat Beer","max_abv_Ale":5.0,"best_beer_Lager":"Honey Beer","best_beer_score_Lager":2.745,"most_popular_beer_Lager":"Honey Beer","popularity_Lager":2.0,"n_beers_Lager":1.0,"avg_abv_Lager":4.5,"max_abv_beer_Lager":"Honey Beer","max_abv_Lager":4.5,"best_beer_Stout":null,"best_beer_score_Stout":null,"most_popular_beer_Stout":null,"popularity_Stout":null,"n_beers_Stout":null,"avg_abv_Stout":null,"max_abv_beer_Stout":null,"max_abv_Stout":null,"best_beer_Pilsner":"Design Pilsner","best_beer_score_Pilsner":2.55,"most_popular_beer_Pilsner":"Design Pilsner","popularity_Pilsner":1.0,"n_beers_Pilsner":1.0,"avg_abv_Pilsner":5.2,"max_abv_beer_Pilsner":"Design Pilsner","max_abv_Pilsner":5.2,"best_beer_Porter":null,"best_beer_score_Porter":null,"most_popular_beer_Porter":null,"popularity_Porter":null,"n_beers_Porter":null,"avg_abv_Porter":null,"max_abv_beer_Porter":null,"max_abv_Porter":null,"best_beer_Fruit":null,"best_beer_score_Fruit":null,"most_popular_beer_Fruit":null,"popularity_Fruit":null,"n_beers_Fruit":null,"avg_abv_Fruit":null,"max_abv_beer_Fruit":null,"max_abv_Fruit":null,"best_beer_Roggenbier":null,"best_beer_score_Roggenbier":null,"most_popular_beer_Roggenbier":null,"popularity_Roggenbier":null,"n_beers_Roggenbier":null,"avg_abv_Roggenbier":null,"max_abv_beer_Roggenbier":null,"max_abv_Roggenbier":null,"best_beer_Herb":null,"best_beer_score_Herb":null,"most_popular_beer_Herb":null,"popularity_Herb":null,"n_beers_Herb":null,"avg_abv_Herb":null,"max_abv_beer_Herb":null,"max_abv_Herb":null,"best_beer_Smoke":null,"best_beer_score_Smoke":null,"most_popular_beer_Smoke":null,"popularity_Smoke":null,"n_beers_Smoke":null,"avg_abv_Smoke":null,"max_abv_beer_Smoke":null,"max_abv_Smoke":null,"best_beer_Barleywine":null,"best_beer_score_Barleywine":null,"most_popular_beer_Barleywine":null,"popularity_Barleywine":null,"n_beers_Barleywine":null,"avg_abv_Barleywine":null,"max_abv_beer_Barleywine":null,"max_abv_Barleywine":null,"best_beer":"Velvet","best_beer_score":3.3066666667,"most_popular_beer":"Velvet","popularity":4.0,"n_beers":5.0,"avg_abv":5.06,"max_abv_beer":"Dark","max_abv":6.0},{"brewery":"Hopster K\u00e4sit\u00f6\u00f6\u00f5lu","city":"Tallinn","lat":59.43696,"long":24.75353,"best_beer_IPA":"Pearu IPA","best_beer_score_IPA":3.152,"most_popular_beer_IPA":"Pearu IPA","popularity_IPA":3.0,"n_beers_IPA":1.0,"avg_abv_IPA":6.5,"max_abv_beer_IPA":"Pearu IPA","max_abv_IPA":6.5,"best_beer_Ale":null,"best_beer_score_Ale":null,"most_popular_beer_Ale":null,"popularity_Ale":null,"n_beers_Ale":null,"avg_abv_Ale":null,"max_abv_beer_Ale":null,"max_abv_Ale":null,"best_beer_Lager":null,"best_beer_score_Lager":null,"most_popular_beer_Lager":null,"popularity_Lager":null,"n_beers_Lager":null,"avg_abv_Lager":null,"max_abv_beer_Lager":null,"max_abv_Lager":null,"best_beer_Stout":null,"best_beer_score_Stout":null,"most_popular_beer_Stout":null,"popularity_Stout":null,"n_beers_Stout":null,"avg_abv_Stout":null,"max_abv_beer_Stout":null,"max_abv_Stout":null,"best_beer_Pilsner":null,"best_beer_score_Pilsner":null,"most_popular_beer_Pilsner":null,"popularity_Pilsner":null,"n_beers_Pilsner":null,"avg_abv_Pilsner":null,"max_abv_beer_Pilsner":null,"max_abv_Pilsner":null,"best_beer_Porter":null,"best_beer_score_Porter":null,"most_popular_beer_Porter":null,"popularity_Porter":null,"n_beers_Porter":null,"avg_abv_Porter":null,"max_abv_beer_Porter":null,"max_abv_Porter":null,"best_beer_Fruit":null,"best_beer_score_Fruit":null,"most_popular_beer_Fruit":null,"popularity_Fruit":null,"n_beers_Fruit":null,"avg_abv_Fruit":null,"max_abv_beer_Fruit":null,"max_abv_Fruit":null,"best_beer_Roggenbier":null,"best_beer_score_Roggenbier":null,"most_popular_beer_Roggenbier":null,"popularity_Roggenbier":null,"n_beers_Roggenbier":null,"avg_abv_Roggenbier":null,"max_abv_beer_Roggenbier":null,"max_abv_Roggenbier":null,"best_beer_Herb":null,"best_beer_score_Herb":null,"most_popular_beer_Herb":null,"popularity_Herb":null,"n_beers_Herb":null,"avg_abv_Herb":null,"max_abv_beer_Herb":null,"max_abv_Herb":null,"best_beer_Smoke":null,"best_beer_score_Smoke":null,"most_popular_beer_Smoke":null,"popularity_Smoke":null,"n_beers_Smoke":null,"avg_abv_Smoke":null,"max_abv_beer_Smoke":null,"max_abv_Smoke":null,"best_beer_Barleywine":null,"best_beer_score_Barleywine":null,"most_popular_beer_Barleywine":null,"popularity_Barleywine":null,"n_beers_Barleywine":null,"avg_abv_Barleywine":null,"max_abv_beer_Barleywine":null,"max_abv_Barleywine":null,"best_beer":"Pearu IPA","best_beer_score":3.152,"most_popular_beer":"Pearu IPA","popularity":3.0,"n_beers":2.0,"avg_abv":5.85,"max_abv_beer":"Pearu IPA","max_abv":6.5},{"brewery":"Veldi Ja T\u00fctred","city":"Harjumaa","lat":59.4090892,"long":24.7368967173,"best_beer_IPA":"Kalamees IPA","best_beer_score_IPA":2.8866666667,"most_popular_beer_IPA":"Kalamees IPA","popularity_IPA":1.0,"n_beers_IPA":1.0,"avg_abv_IPA":4.0,"max_abv_beer_IPA":"Kalamees IPA","max_abv_IPA":4.0,"best_beer_Ale":"Veldi P\u00f5drajaht","best_beer_score_Ale":2.85,"most_popular_beer_Ale":"Veldi P\u00f5drajaht","popularity_Ale":1.0,"n_beers_Ale":1.0,"avg_abv_Ale":5.5,"max_abv_beer_Ale":"Veldi P\u00f5drajaht","max_abv_Ale":5.5,"best_beer_Lager":null,"best_beer_score_Lager":null,"most_popular_beer_Lager":null,"popularity_Lager":null,"n_beers_Lager":null,"avg_abv_Lager":null,"max_abv_beer_Lager":null,"max_abv_Lager":null,"best_beer_Stout":null,"best_beer_score_Stout":null,"most_popular_beer_Stout":null,"popularity_Stout":null,"n_beers_Stout":null,"avg_abv_Stout":null,"max_abv_beer_Stout":null,"max_abv_Stout":null,"best_beer_Pilsner":null,"best_beer_score_Pilsner":null,"most_popular_beer_Pilsner":null,"popularity_Pilsner":null,"n_beers_Pilsner":null,"avg_abv_Pilsner":null,"max_abv_beer_Pilsner":null,"max_abv_Pilsner":null,"best_beer_Porter":"Veldi Vana Kalur","best_beer_score_Porter":2.91,"most_popular_beer_Porter":"Veldi Vana Kalur","popularity_Porter":1.0,"n_beers_Porter":1.0,"avg_abv_Porter":7.0,"max_abv_beer_Porter":"Veldi Vana Kalur","max_abv_Porter":7.0,"best_beer_Fruit":null,"best_beer_score_Fruit":null,"most_popular_beer_Fruit":null,"popularity_Fruit":null,"n_beers_Fruit":null,"avg_abv_Fruit":null,"max_abv_beer_Fruit":null,"max_abv_Fruit":null,"best_beer_Roggenbier":null,"best_beer_score_Roggenbier":null,"most_popular_beer_Roggenbier":null,"popularity_Roggenbier":null,"n_beers_Roggenbier":null,"avg_abv_Roggenbier":null,"max_abv_beer_Roggenbier":null,"max_abv_Roggenbier":null,"best_beer_Herb":null,"best_beer_score_Herb":null,"most_popular_beer_Herb":null,"popularity_Herb":null,"n_beers_Herb":null,"avg_abv_Herb":null,"max_abv_beer_Herb":null,"max_abv_Herb":null,"best_beer_Smoke":null,"best_beer_score_Smoke":null,"most_popular_beer_Smoke":null,"popularity_Smoke":null,"n_beers_Smoke":null,"avg_abv_Smoke":null,"max_abv_beer_Smoke":null,"max_abv_Smoke":null,"best_beer_Barleywine":null,"best_beer_score_Barleywine":null,"most_popular_beer_Barleywine":null,"popularity_Barleywine":null,"n_beers_Barleywine":null,"avg_abv_Barleywine":null,"max_abv_beer_Barleywine":null,"max_abv_Barleywine":null,"best_beer":"Veldi Vana Kalur","best_beer_score":2.91,"most_popular_beer":"Veldi Vana Kalur","popularity":1.0,"n_beers":3.0,"avg_abv":5.5,"max_abv_beer":"Veldi Vana Kalur","max_abv":7.0},{"brewery":"L\u00fckati Brewery","city":"Tallinn","lat":59.43696,"long":24.75353,"best_beer_IPA":"Opia Citra IPA","best_beer_score_IPA":2.89,"most_popular_beer_IPA":"Opia Citra IPA","popularity_IPA":1.0,"n_beers_IPA":1.0,"avg_abv_IPA":6.2,"max_abv_beer_IPA":"Opia Citra IPA","max_abv_IPA":6.2,"best_beer_Ale":null,"best_beer_score_Ale":null,"most_popular_beer_Ale":null,"popularity_Ale":null,"n_beers_Ale":null,"avg_abv_Ale":null,"max_abv_beer_Ale":null,"max_abv_Ale":null,"best_beer_Lager":null,"best_beer_score_Lager":null,"most_popular_beer_Lager":null,"popularity_Lager":null,"n_beers_Lager":null,"avg_abv_Lager":null,"max_abv_beer_Lager":null,"max_abv_Lager":null,"best_beer_Stout":null,"best_beer_score_Stout":null,"most_popular_beer_Stout":null,"popularity_Stout":null,"n_beers_Stout":null,"avg_abv_Stout":null,"max_abv_beer_Stout":null,"max_abv_Stout":null,"best_beer_Pilsner":null,"best_beer_score_Pilsner":null,"most_popular_beer_Pilsner":null,"popularity_Pilsner":null,"n_beers_Pilsner":null,"avg_abv_Pilsner":null,"max_abv_beer_Pilsner":null,"max_abv_Pilsner":null,"best_beer_Porter":null,"best_beer_score_Porter":null,"most_popular_beer_Porter":null,"popularity_Porter":null,"n_beers_Porter":null,"avg_abv_Porter":null,"max_abv_beer_Porter":null,"max_abv_Porter":null,"best_beer_Fruit":null,"best_beer_score_Fruit":null,"most_popular_beer_Fruit":null,"popularity_Fruit":null,"n_beers_Fruit":null,"avg_abv_Fruit":null,"max_abv_beer_Fruit":null,"max_abv_Fruit":null,"best_beer_Roggenbier":null,"best_beer_score_Roggenbier":null,"most_popular_beer_Roggenbier":null,"popularity_Roggenbier":null,"n_beers_Roggenbier":null,"avg_abv_Roggenbier":null,"max_abv_beer_Roggenbier":null,"max_abv_Roggenbier":null,"best_beer_Herb":null,"best_beer_score_Herb":null,"most_popular_beer_Herb":null,"popularity_Herb":null,"n_beers_Herb":null,"avg_abv_Herb":null,"max_abv_beer_Herb":null,"max_abv_Herb":null,"best_beer_Smoke":null,"best_beer_score_Smoke":null,"most_popular_beer_Smoke":null,"popularity_Smoke":null,"n_beers_Smoke":null,"avg_abv_Smoke":null,"max_abv_beer_Smoke":null,"max_abv_Smoke":null,"best_beer_Barleywine":null,"best_beer_score_Barleywine":null,"most_popular_beer_Barleywine":null,"popularity_Barleywine":null,"n_beers_Barleywine":null,"avg_abv_Barleywine":null,"max_abv_beer_Barleywine":null,"max_abv_Barleywine":null,"best_beer":"Opia Citra IPA","best_beer_score":2.89,"most_popular_beer":"Opia Citra IPA","popularity":1.0,"n_beers":1.0,"avg_abv":6.2,"max_abv_beer":"Opia Citra IPA","max_abv":6.2},{"brewery":"K\u00e4bliku Pruulikoda","city":"Palutaja","lat":58.0816862,"long":26.7684401274,"best_beer_IPA":"Tuulispask","best_beer_score_IPA":3.17,"most_popular_beer_IPA":"Tuulispask","popularity_IPA":1.0,"n_beers_IPA":2.0,"avg_abv_IPA":7.55,"max_abv_beer_IPA":"Tuulispask","max_abv_IPA":8.4,"best_beer_Ale":null,"best_beer_score_Ale":null,"most_popular_beer_Ale":null,"popularity_Ale":null,"n_beers_Ale":1.0,"avg_abv_Ale":6.9,"max_abv_beer_Ale":"N\u00f5gits\u00f5 Kaalaga Pini","max_abv_Ale":6.9,"best_beer_Lager":null,"best_beer_score_Lager":null,"most_popular_beer_Lager":null,"popularity_Lager":null,"n_beers_Lager":null,"avg_abv_Lager":null,"max_abv_beer_Lager":null,"max_abv_Lager":null,"best_beer_Stout":null,"best_beer_score_Stout":null,"most_popular_beer_Stout":null,"popularity_Stout":null,"n_beers_Stout":null,"avg_abv_Stout":null,"max_abv_beer_Stout":null,"max_abv_Stout":null,"best_beer_Pilsner":null,"best_beer_score_Pilsner":null,"most_popular_beer_Pilsner":null,"popularity_Pilsner":null,"n_beers_Pilsner":null,"avg_abv_Pilsner":null,"max_abv_beer_Pilsner":null,"max_abv_Pilsner":null,"best_beer_Porter":null,"best_beer_score_Porter":null,"most_popular_beer_Porter":null,"popularity_Porter":null,"n_beers_Porter":null,"avg_abv_Porter":null,"max_abv_beer_Porter":null,"max_abv_Porter":null,"best_beer_Fruit":null,"best_beer_score_Fruit":null,"most_popular_beer_Fruit":null,"popularity_Fruit":null,"n_beers_Fruit":null,"avg_abv_Fruit":null,"max_abv_beer_Fruit":null,"max_abv_Fruit":null,"best_beer_Roggenbier":null,"best_beer_score_Roggenbier":null,"most_popular_beer_Roggenbier":null,"popularity_Roggenbier":null,"n_beers_Roggenbier":null,"avg_abv_Roggenbier":null,"max_abv_beer_Roggenbier":null,"max_abv_Roggenbier":null,"best_beer_Herb":null,"best_beer_score_Herb":null,"most_popular_beer_Herb":null,"popularity_Herb":null,"n_beers_Herb":null,"avg_abv_Herb":null,"max_abv_beer_Herb":null,"max_abv_Herb":null,"best_beer_Smoke":null,"best_beer_score_Smoke":null,"most_popular_beer_Smoke":null,"popularity_Smoke":null,"n_beers_Smoke":null,"avg_abv_Smoke":null,"max_abv_beer_Smoke":null,"max_abv_Smoke":null,"best_beer_Barleywine":null,"best_beer_score_Barleywine":null,"most_popular_beer_Barleywine":null,"popularity_Barleywine":null,"n_beers_Barleywine":null,"avg_abv_Barleywine":null,"max_abv_beer_Barleywine":null,"max_abv_Barleywine":null,"best_beer":"Tuulispask","best_beer_score":3.17,"most_popular_beer":"Tuulispask","popularity":1.0,"n_beers":3.0,"avg_abv":7.3333333333,"max_abv_beer":"Tuulispask","max_abv":8.4},{"brewery":"Hell Hunt","city":"Tallinn","lat":59.43696,"long":24.75353,"best_beer_IPA":null,"best_beer_score_IPA":null,"most_popular_beer_IPA":null,"popularity_IPA":null,"n_beers_IPA":null,"avg_abv_IPA":null,"max_abv_beer_IPA":null,"max_abv_IPA":null,"best_beer_Ale":"Hell Hunt Ale","best_beer_score_Ale":2.8075,"most_popular_beer_Ale":"Hell Hunt Ale","popularity_Ale":2.0,"n_beers_Ale":1.0,"avg_abv_Ale":5.2,"max_abv_beer_Ale":"Hell Hunt Ale","max_abv_Ale":5.2,"best_beer_Lager":null,"best_beer_score_Lager":null,"most_popular_beer_Lager":null,"popularity_Lager":null,"n_beers_Lager":null,"avg_abv_Lager":null,"max_abv_beer_Lager":null,"max_abv_Lager":null,"best_beer_Stout":null,"best_beer_score_Stout":null,"most_popular_beer_Stout":null,"popularity_Stout":null,"n_beers_Stout":null,"avg_abv_Stout":null,"max_abv_beer_Stout":null,"max_abv_Stout":null,"best_beer_Pilsner":null,"best_beer_score_Pilsner":null,"most_popular_beer_Pilsner":null,"popularity_Pilsner":null,"n_beers_Pilsner":null,"avg_abv_Pilsner":null,"max_abv_beer_Pilsner":null,"max_abv_Pilsner":null,"best_beer_Porter":null,"best_beer_score_Porter":null,"most_popular_beer_Porter":null,"popularity_Porter":null,"n_beers_Porter":null,"avg_abv_Porter":null,"max_abv_beer_Porter":null,"max_abv_Porter":null,"best_beer_Fruit":null,"best_beer_score_Fruit":null,"most_popular_beer_Fruit":null,"popularity_Fruit":null,"n_beers_Fruit":null,"avg_abv_Fruit":null,"max_abv_beer_Fruit":null,"max_abv_Fruit":null,"best_beer_Roggenbier":null,"best_beer_score_Roggenbier":null,"most_popular_beer_Roggenbier":null,"popularity_Roggenbier":null,"n_beers_Roggenbier":null,"avg_abv_Roggenbier":null,"max_abv_beer_Roggenbier":null,"max_abv_Roggenbier":null,"best_beer_Herb":null,"best_beer_score_Herb":null,"most_popular_beer_Herb":null,"popularity_Herb":null,"n_beers_Herb":null,"avg_abv_Herb":null,"max_abv_beer_Herb":null,"max_abv_Herb":null,"best_beer_Smoke":null,"best_beer_score_Smoke":null,"most_popular_beer_Smoke":null,"popularity_Smoke":null,"n_beers_Smoke":null,"avg_abv_Smoke":null,"max_abv_beer_Smoke":null,"max_abv_Smoke":null,"best_beer_Barleywine":null,"best_beer_score_Barleywine":null,"most_popular_beer_Barleywine":null,"popularity_Barleywine":null,"n_beers_Barleywine":null,"avg_abv_Barleywine":null,"max_abv_beer_Barleywine":null,"max_abv_Barleywine":null,"best_beer":"Hell Hunt Ale","best_beer_score":2.8075,"most_popular_beer":"Hell Hunt Ale","popularity":2.0,"n_beers":3.0,"avg_abv":4.8,"max_abv_beer":"Hell Hunt Ale","max_abv":5.2},{"brewery":"Porgu","city":"Tallinn","lat":59.43696,"long":24.75353,"best_beer_IPA":"Manivalde","best_beer_score_IPA":3.0,"most_popular_beer_IPA":"Manivalde","popularity_IPA":1.0,"n_beers_IPA":1.0,"avg_abv_IPA":5.6,"max_abv_beer_IPA":"Manivalde","max_abv_IPA":5.6,"best_beer_Ale":"Kottermann","best_beer_score_Ale":3.25,"most_popular_beer_Ale":"Kottermann","popularity_Ale":2.0,"n_beers_Ale":2.0,"avg_abv_Ale":6.5,"max_abv_beer_Ale":"Kottermann","max_abv_Ale":6.5,"best_beer_Lager":null,"best_beer_score_Lager":null,"most_popular_beer_Lager":null,"popularity_Lager":null,"n_beers_Lager":null,"avg_abv_Lager":null,"max_abv_beer_Lager":null,"max_abv_Lager":null,"best_beer_Stout":null,"best_beer_score_Stout":null,"most_popular_beer_Stout":null,"popularity_Stout":null,"n_beers_Stout":null,"avg_abv_Stout":null,"max_abv_beer_Stout":null,"max_abv_Stout":null,"best_beer_Pilsner":null,"best_beer_score_Pilsner":null,"most_popular_beer_Pilsner":null,"popularity_Pilsner":null,"n_beers_Pilsner":null,"avg_abv_Pilsner":null,"max_abv_beer_Pilsner":null,"max_abv_Pilsner":null,"best_beer_Porter":null,"best_beer_score_Porter":null,"most_popular_beer_Porter":null,"popularity_Porter":null,"n_beers_Porter":null,"avg_abv_Porter":null,"max_abv_beer_Porter":null,"max_abv_Porter":null,"best_beer_Fruit":null,"best_beer_score_Fruit":null,"most_popular_beer_Fruit":null,"popularity_Fruit":null,"n_beers_Fruit":null,"avg_abv_Fruit":null,"max_abv_beer_Fruit":null,"max_abv_Fruit":null,"best_beer_Roggenbier":null,"best_beer_score_Roggenbier":null,"most_popular_beer_Roggenbier":null,"popularity_Roggenbier":null,"n_beers_Roggenbier":null,"avg_abv_Roggenbier":null,"max_abv_beer_Roggenbier":null,"max_abv_Roggenbier":null,"best_beer_Herb":null,"best_beer_score_Herb":null,"most_popular_beer_Herb":null,"popularity_Herb":null,"n_beers_Herb":null,"avg_abv_Herb":null,"max_abv_beer_Herb":null,"max_abv_Herb":null,"best_beer_Smoke":null,"best_beer_score_Smoke":null,"most_popular_beer_Smoke":null,"popularity_Smoke":null,"n_beers_Smoke":null,"avg_abv_Smoke":null,"max_abv_beer_Smoke":null,"max_abv_Smoke":null,"best_beer_Barleywine":null,"best_beer_score_Barleywine":null,"most_popular_beer_Barleywine":null,"popularity_Barleywine":null,"n_beers_Barleywine":null,"avg_abv_Barleywine":null,"max_abv_beer_Barleywine":null,"max_abv_Barleywine":null,"best_beer":"Kottermann","best_beer_score":3.25,"most_popular_beer":"Kottermann","popularity":2.0,"n_beers":4.0,"avg_abv":4.775,"max_abv_beer":"Kottermann","max_abv":6.5},{"brewery":"Anderson's Craft Beer","city":"Viimsi","lat":59.50086,"long":24.86254,"best_beer_IPA":"Einstein (Collaboration brew with Lehe Brewery)","best_beer_score_IPA":2.8733333333,"most_popular_beer_IPA":"Einstein (Collaboration brew with Lehe Brewery)","popularity_IPA":1.0,"n_beers_IPA":1.0,"avg_abv_IPA":6.6,"max_abv_beer_IPA":"Einstein (Collaboration brew with Lehe Brewery)","max_abv_IPA":6.6,"best_beer_Ale":null,"best_beer_score_Ale":null,"most_popular_beer_Ale":null,"popularity_Ale":null,"n_beers_Ale":null,"avg_abv_Ale":null,"max_abv_beer_Ale":null,"max_abv_Ale":null,"best_beer_Lager":null,"best_beer_score_Lager":null,"most_popular_beer_Lager":null,"popularity_Lager":null,"n_beers_Lager":null,"avg_abv_Lager":null,"max_abv_beer_Lager":null,"max_abv_Lager":null,"best_beer_Stout":"Hannibal Bourbon BA","best_beer_score_Stout":3.235,"most_popular_beer_Stout":"Hannibal Bourbon BA","popularity_Stout":2.0,"n_beers_Stout":2.0,"avg_abv_Stout":8.75,"max_abv_beer_Stout":"Hannibal Bourbon BA","max_abv_Stout":10.5,"best_beer_Pilsner":null,"best_beer_score_Pilsner":null,"most_popular_beer_Pilsner":null,"popularity_Pilsner":null,"n_beers_Pilsner":null,"avg_abv_Pilsner":null,"max_abv_beer_Pilsner":null,"max_abv_Pilsner":null,"best_beer_Porter":null,"best_beer_score_Porter":null,"most_popular_beer_Porter":null,"popularity_Porter":null,"n_beers_Porter":null,"avg_abv_Porter":null,"max_abv_beer_Porter":null,"max_abv_Porter":null,"best_beer_Fruit":null,"best_beer_score_Fruit":null,"most_popular_beer_Fruit":null,"popularity_Fruit":null,"n_beers_Fruit":null,"avg_abv_Fruit":null,"max_abv_beer_Fruit":null,"max_abv_Fruit":null,"best_beer_Roggenbier":null,"best_beer_score_Roggenbier":null,"most_popular_beer_Roggenbier":null,"popularity_Roggenbier":null,"n_beers_Roggenbier":null,"avg_abv_Roggenbier":null,"max_abv_beer_Roggenbier":null,"max_abv_Roggenbier":null,"best_beer_Herb":null,"best_beer_score_Herb":null,"most_popular_beer_Herb":null,"popularity_Herb":null,"n_beers_Herb":null,"avg_abv_Herb":null,"max_abv_beer_Herb":null,"max_abv_Herb":null,"best_beer_Smoke":null,"best_beer_score_Smoke":null,"most_popular_beer_Smoke":null,"popularity_Smoke":null,"n_beers_Smoke":null,"avg_abv_Smoke":null,"max_abv_beer_Smoke":null,"max_abv_Smoke":null,"best_beer_Barleywine":"Danger Zone","best_beer_score_Barleywine":2.97,"most_popular_beer_Barleywine":"Danger Zone","popularity_Barleywine":1.0,"n_beers_Barleywine":1.0,"avg_abv_Barleywine":22.0,"max_abv_beer_Barleywine":"Danger Zone","max_abv_Barleywine":22.0,"best_beer":"Hannibal Bourbon BA","best_beer_score":3.235,"most_popular_beer":"Hannibal Bourbon BA","popularity":2.0,"n_beers":6.0,"avg_abv":9.75,"max_abv_beer":"Danger Zone","max_abv":22.0},{"brewery":"UJH Brewery","city":"Tallinn","lat":59.43696,"long":24.75353,"best_beer_IPA":"Ohus on Hagu","best_beer_score_IPA":2.9825,"most_popular_beer_IPA":"Ohus on Hagu","popularity_IPA":2.0,"n_beers_IPA":2.0,"avg_abv_IPA":6.5,"max_abv_beer_IPA":"Royal Mehu Kati","max_abv_IPA":7.5,"best_beer_Ale":null,"best_beer_score_Ale":null,"most_popular_beer_Ale":null,"popularity_Ale":null,"n_beers_Ale":null,"avg_abv_Ale":null,"max_abv_beer_Ale":null,"max_abv_Ale":null,"best_beer_Lager":null,"best_beer_score_Lager":null,"most_popular_beer_Lager":null,"popularity_Lager":null,"n_beers_Lager":null,"avg_abv_Lager":null,"max_abv_beer_Lager":null,"max_abv_Lager":null,"best_beer_Stout":null,"best_beer_score_Stout":null,"most_popular_beer_Stout":null,"popularity_Stout":null,"n_beers_Stout":null,"avg_abv_Stout":null,"max_abv_beer_Stout":null,"max_abv_Stout":null,"best_beer_Pilsner":null,"best_beer_score_Pilsner":null,"most_popular_beer_Pilsner":null,"popularity_Pilsner":null,"n_beers_Pilsner":null,"avg_abv_Pilsner":null,"max_abv_beer_Pilsner":null,"max_abv_Pilsner":null,"best_beer_Porter":null,"best_beer_score_Porter":null,"most_popular_beer_Porter":null,"popularity_Porter":null,"n_beers_Porter":null,"avg_abv_Porter":null,"max_abv_beer_Porter":null,"max_abv_Porter":null,"best_beer_Fruit":null,"best_beer_score_Fruit":null,"most_popular_beer_Fruit":null,"popularity_Fruit":null,"n_beers_Fruit":null,"avg_abv_Fruit":null,"max_abv_beer_Fruit":null,"max_abv_Fruit":null,"best_beer_Roggenbier":null,"best_beer_score_Roggenbier":null,"most_popular_beer_Roggenbier":null,"popularity_Roggenbier":null,"n_beers_Roggenbier":null,"avg_abv_Roggenbier":null,"max_abv_beer_Roggenbier":null,"max_abv_Roggenbier":null,"best_beer_Herb":null,"best_beer_score_Herb":null,"most_popular_beer_Herb":null,"popularity_Herb":null,"n_beers_Herb":null,"avg_abv_Herb":null,"max_abv_beer_Herb":null,"max_abv_Herb":null,"best_beer_Smoke":null,"best_beer_score_Smoke":null,"most_popular_beer_Smoke":null,"popularity_Smoke":null,"n_beers_Smoke":null,"avg_abv_Smoke":null,"max_abv_beer_Smoke":null,"max_abv_Smoke":null,"best_beer_Barleywine":null,"best_beer_score_Barleywine":null,"most_popular_beer_Barleywine":null,"popularity_Barleywine":null,"n_beers_Barleywine":null,"avg_abv_Barleywine":null,"max_abv_beer_Barleywine":null,"max_abv_Barleywine":null,"best_beer":"Ohus on Hagu","best_beer_score":2.9825,"most_popular_beer":"Ohus on Hagu","popularity":2.0,"n_beers":2.0,"avg_abv":6.5,"max_abv_beer":"Royal Mehu Kati","max_abv":7.5},{"brewery":"Muhu Pruulikoda","city":"Liiva","lat":58.60194,"long":23.24694,"best_beer_IPA":null,"best_beer_score_IPA":null,"most_popular_beer_IPA":null,"popularity_IPA":null,"n_beers_IPA":null,"avg_abv_IPA":null,"max_abv_beer_IPA":null,"max_abv_IPA":null,"best_beer_Ale":null,"best_beer_score_Ale":null,"most_popular_beer_Ale":null,"popularity_Ale":null,"n_beers_Ale":null,"avg_abv_Ale":null,"max_abv_beer_Ale":null,"max_abv_Ale":null,"best_beer_Lager":null,"best_beer_score_Lager":null,"most_popular_beer_Lager":null,"popularity_Lager":null,"n_beers_Lager":null,"avg_abv_Lager":null,"max_abv_beer_Lager":null,"max_abv_Lager":null,"best_beer_Stout":"Muhu N\u00e4nn","best_beer_score_Stout":2.89,"most_popular_beer_Stout":"Muhu N\u00e4nn","popularity_Stout":1.0,"n_beers_Stout":1.0,"avg_abv_Stout":5.8,"max_abv_beer_Stout":"Muhu N\u00e4nn","max_abv_Stout":5.8,"best_beer_Pilsner":null,"best_beer_score_Pilsner":null,"most_popular_beer_Pilsner":null,"popularity_Pilsner":null,"n_beers_Pilsner":null,"avg_abv_Pilsner":null,"max_abv_beer_Pilsner":null,"max_abv_Pilsner":null,"best_beer_Porter":null,"best_beer_score_Porter":null,"most_popular_beer_Porter":null,"popularity_Porter":null,"n_beers_Porter":null,"avg_abv_Porter":null,"max_abv_beer_Porter":null,"max_abv_Porter":null,"best_beer_Fruit":null,"best_beer_score_Fruit":null,"most_popular_beer_Fruit":null,"popularity_Fruit":null,"n_beers_Fruit":null,"avg_abv_Fruit":null,"max_abv_beer_Fruit":null,"max_abv_Fruit":null,"best_beer_Roggenbier":null,"best_beer_score_Roggenbier":null,"most_popular_beer_Roggenbier":null,"popularity_Roggenbier":null,"n_beers_Roggenbier":null,"avg_abv_Roggenbier":null,"max_abv_beer_Roggenbier":null,"max_abv_Roggenbier":null,"best_beer_Herb":null,"best_beer_score_Herb":null,"most_popular_beer_Herb":null,"popularity_Herb":null,"n_beers_Herb":null,"avg_abv_Herb":null,"max_abv_beer_Herb":null,"max_abv_Herb":null,"best_beer_Smoke":null,"best_beer_score_Smoke":null,"most_popular_beer_Smoke":null,"popularity_Smoke":null,"n_beers_Smoke":null,"avg_abv_Smoke":null,"max_abv_beer_Smoke":null,"max_abv_Smoke":null,"best_beer_Barleywine":null,"best_beer_score_Barleywine":null,"most_popular_beer_Barleywine":null,"popularity_Barleywine":null,"n_beers_Barleywine":null,"avg_abv_Barleywine":null,"max_abv_beer_Barleywine":null,"max_abv_Barleywine":null,"best_beer":"Muhu N\u00e4nn","best_beer_score":2.89,"most_popular_beer":"Muhu N\u00e4nn","popularity":1.0,"n_beers":1.0,"avg_abv":5.8,"max_abv_beer":"Muhu N\u00e4nn","max_abv":5.8},{"brewery":"Vormsi \u00d5lu","city":"Vormsi","lat":59.00446445,"long":23.2487810557,"best_beer_IPA":null,"best_beer_score_IPA":null,"most_popular_beer_IPA":null,"popularity_IPA":null,"n_beers_IPA":null,"avg_abv_IPA":null,"max_abv_beer_IPA":null,"max_abv_IPA":null,"best_beer_Ale":"Hele \u00d5lu","best_beer_score_Ale":2.8166666667,"most_popular_beer_Ale":"Hele \u00d5lu","popularity_Ale":1.0,"n_beers_Ale":1.0,"avg_abv_Ale":5.5,"max_abv_beer_Ale":"Hele \u00d5lu","max_abv_Ale":5.5,"best_beer_Lager":"Norrby Dunkel","best_beer_score_Lager":2.7566666667,"most_popular_beer_Lager":"Norrby Dunkel","popularity_Lager":1.0,"n_beers_Lager":1.0,"avg_abv_Lager":6.3,"max_abv_beer_Lager":"Norrby Dunkel","max_abv_Lager":6.3,"best_beer_Stout":null,"best_beer_score_Stout":null,"most_popular_beer_Stout":null,"popularity_Stout":null,"n_beers_Stout":null,"avg_abv_Stout":null,"max_abv_beer_Stout":null,"max_abv_Stout":null,"best_beer_Pilsner":null,"best_beer_score_Pilsner":null,"most_popular_beer_Pilsner":null,"popularity_Pilsner":null,"n_beers_Pilsner":null,"avg_abv_Pilsner":null,"max_abv_beer_Pilsner":null,"max_abv_Pilsner":null,"best_beer_Porter":null,"best_beer_score_Porter":null,"most_popular_beer_Porter":null,"popularity_Porter":null,"n_beers_Porter":null,"avg_abv_Porter":null,"max_abv_beer_Porter":null,"max_abv_Porter":null,"best_beer_Fruit":null,"best_beer_score_Fruit":null,"most_popular_beer_Fruit":null,"popularity_Fruit":null,"n_beers_Fruit":null,"avg_abv_Fruit":null,"max_abv_beer_Fruit":null,"max_abv_Fruit":null,"best_beer_Roggenbier":null,"best_beer_score_Roggenbier":null,"most_popular_beer_Roggenbier":null,"popularity_Roggenbier":null,"n_beers_Roggenbier":null,"avg_abv_Roggenbier":null,"max_abv_beer_Roggenbier":null,"max_abv_Roggenbier":null,"best_beer_Herb":null,"best_beer_score_Herb":null,"most_popular_beer_Herb":null,"popularity_Herb":null,"n_beers_Herb":null,"avg_abv_Herb":null,"max_abv_beer_Herb":null,"max_abv_Herb":null,"best_beer_Smoke":null,"best_beer_score_Smoke":null,"most_popular_beer_Smoke":null,"popularity_Smoke":null,"n_beers_Smoke":null,"avg_abv_Smoke":null,"max_abv_beer_Smoke":null,"max_abv_Smoke":null,"best_beer_Barleywine":null,"best_beer_score_Barleywine":null,"most_popular_beer_Barleywine":null,"popularity_Barleywine":null,"n_beers_Barleywine":null,"avg_abv_Barleywine":null,"max_abv_beer_Barleywine":null,"max_abv_Barleywine":null,"best_beer":"Hele \u00d5lu","best_beer_score":2.8166666667,"most_popular_beer":"Norrby Dunkel","popularity":1.0,"n_beers":3.0,"avg_abv":5.7333333333,"max_abv_beer":"Norrby Dunkel","max_abv":6.3},{"brewery":"Uncle Brew","city":"Tallinn","lat":59.43696,"long":24.75353,"best_beer_IPA":"TelAvIPA","best_beer_score_IPA":3.09,"most_popular_beer_IPA":"TelAvIPA","popularity_IPA":2.0,"n_beers_IPA":1.0,"avg_abv_IPA":6.6,"max_abv_beer_IPA":"TelAvIPA","max_abv_IPA":6.6,"best_beer_Ale":null,"best_beer_score_Ale":null,"most_popular_beer_Ale":null,"popularity_Ale":null,"n_beers_Ale":null,"avg_abv_Ale":null,"max_abv_beer_Ale":null,"max_abv_Ale":null,"best_beer_Lager":null,"best_beer_score_Lager":null,"most_popular_beer_Lager":null,"popularity_Lager":null,"n_beers_Lager":null,"avg_abv_Lager":null,"max_abv_beer_Lager":null,"max_abv_Lager":null,"best_beer_Stout":null,"best_beer_score_Stout":null,"most_popular_beer_Stout":null,"popularity_Stout":null,"n_beers_Stout":null,"avg_abv_Stout":null,"max_abv_beer_Stout":null,"max_abv_Stout":null,"best_beer_Pilsner":null,"best_beer_score_Pilsner":null,"most_popular_beer_Pilsner":null,"popularity_Pilsner":null,"n_beers_Pilsner":null,"avg_abv_Pilsner":null,"max_abv_beer_Pilsner":null,"max_abv_Pilsner":null,"best_beer_Porter":null,"best_beer_score_Porter":null,"most_popular_beer_Porter":null,"popularity_Porter":null,"n_beers_Porter":null,"avg_abv_Porter":null,"max_abv_beer_Porter":null,"max_abv_Porter":null,"best_beer_Fruit":null,"best_beer_score_Fruit":null,"most_popular_beer_Fruit":null,"popularity_Fruit":null,"n_beers_Fruit":null,"avg_abv_Fruit":null,"max_abv_beer_Fruit":null,"max_abv_Fruit":null,"best_beer_Roggenbier":null,"best_beer_score_Roggenbier":null,"most_popular_beer_Roggenbier":null,"popularity_Roggenbier":null,"n_beers_Roggenbier":null,"avg_abv_Roggenbier":null,"max_abv_beer_Roggenbier":null,"max_abv_Roggenbier":null,"best_beer_Herb":null,"best_beer_score_Herb":null,"most_popular_beer_Herb":null,"popularity_Herb":null,"n_beers_Herb":null,"avg_abv_Herb":null,"max_abv_beer_Herb":null,"max_abv_Herb":null,"best_beer_Smoke":null,"best_beer_score_Smoke":null,"most_popular_beer_Smoke":null,"popularity_Smoke":null,"n_beers_Smoke":null,"avg_abv_Smoke":null,"max_abv_beer_Smoke":null,"max_abv_Smoke":null,"best_beer_Barleywine":null,"best_beer_score_Barleywine":null,"most_popular_beer_Barleywine":null,"popularity_Barleywine":null,"n_beers_Barleywine":null,"avg_abv_Barleywine":null,"max_abv_beer_Barleywine":null,"max_abv_Barleywine":null,"best_beer":"TelAvIPA","best_beer_score":3.09,"most_popular_beer":"TelAvIPA","popularity":2.0,"n_beers":1.0,"avg_abv":6.6,"max_abv_beer":"TelAvIPA","max_abv":6.6},{"brewery":"Kolk Pruulikoda","city":"Uuem\u00f5isa","lat":58.93944,"long":23.58944,"best_beer_IPA":"Indulgents","best_beer_score_IPA":2.8333333333,"most_popular_beer_IPA":"Indulgents","popularity_IPA":1.0,"n_beers_IPA":1.0,"avg_abv_IPA":6.5,"max_abv_beer_IPA":"Indulgents","max_abv_IPA":6.5,"best_beer_Ale":null,"best_beer_score_Ale":null,"most_popular_beer_Ale":null,"popularity_Ale":null,"n_beers_Ale":null,"avg_abv_Ale":null,"max_abv_beer_Ale":null,"max_abv_Ale":null,"best_beer_Lager":null,"best_beer_score_Lager":null,"most_popular_beer_Lager":null,"popularity_Lager":null,"n_beers_Lager":null,"avg_abv_Lager":null,"max_abv_beer_Lager":null,"max_abv_Lager":null,"best_beer_Stout":null,"best_beer_score_Stout":null,"most_popular_beer_Stout":null,"popularity_Stout":null,"n_beers_Stout":null,"avg_abv_Stout":null,"max_abv_beer_Stout":null,"max_abv_Stout":null,"best_beer_Pilsner":null,"best_beer_score_Pilsner":null,"most_popular_beer_Pilsner":null,"popularity_Pilsner":null,"n_beers_Pilsner":null,"avg_abv_Pilsner":null,"max_abv_beer_Pilsner":null,"max_abv_Pilsner":null,"best_beer_Porter":null,"best_beer_score_Porter":null,"most_popular_beer_Porter":null,"popularity_Porter":null,"n_beers_Porter":null,"avg_abv_Porter":null,"max_abv_beer_Porter":null,"max_abv_Porter":null,"best_beer_Fruit":null,"best_beer_score_Fruit":null,"most_popular_beer_Fruit":null,"popularity_Fruit":null,"n_beers_Fruit":null,"avg_abv_Fruit":null,"max_abv_beer_Fruit":null,"max_abv_Fruit":null,"best_beer_Roggenbier":null,"best_beer_score_Roggenbier":null,"most_popular_beer_Roggenbier":null,"popularity_Roggenbier":null,"n_beers_Roggenbier":null,"avg_abv_Roggenbier":null,"max_abv_beer_Roggenbier":null,"max_abv_Roggenbier":null,"best_beer_Herb":null,"best_beer_score_Herb":null,"most_popular_beer_Herb":null,"popularity_Herb":null,"n_beers_Herb":null,"avg_abv_Herb":null,"max_abv_beer_Herb":null,"max_abv_Herb":null,"best_beer_Smoke":null,"best_beer_score_Smoke":null,"most_popular_beer_Smoke":null,"popularity_Smoke":null,"n_beers_Smoke":null,"avg_abv_Smoke":null,"max_abv_beer_Smoke":null,"max_abv_Smoke":null,"best_beer_Barleywine":null,"best_beer_score_Barleywine":null,"most_popular_beer_Barleywine":null,"popularity_Barleywine":null,"n_beers_Barleywine":null,"avg_abv_Barleywine":null,"max_abv_beer_Barleywine":null,"max_abv_Barleywine":null,"best_beer":"Indulgents","best_beer_score":2.8333333333,"most_popular_beer":"Indulgents","popularity":1.0,"n_beers":1.0,"avg_abv":6.5,"max_abv_beer":"Indulgents","max_abv":6.5}]