[{"brewery":"F\u00f6roya Bj\u00f3r","city":"Klaksv\u00edk","lat":62.22655,"long":-6.58901,"best_beer_IPA":null,"best_beer_score_IPA":null,"most_popular_beer_IPA":null,"popularity_IPA":null,"n_beers_IPA":null,"avg_abv_IPA":null,"max_abv_beer_IPA":null,"max_abv_IPA":null,"best_beer_Ale":null,"best_beer_score_Ale":null,"most_popular_beer_Ale":null,"popularity_Ale":null,"n_beers_Ale":null,"avg_abv_Ale":null,"max_abv_beer_Ale":null,"max_abv_Ale":null,"best_beer_Lager":"Black Sheep","best_beer_score_Lager":2.926,"most_popular_beer_Lager":"Slupp Ol","popularity_Lager":5.0,"n_beers_Lager":3.0,"avg_abv_Lager":7.2,"max_abv_beer_Lager":"1888 Golden Ram","max_abv_Lager":10.0,"best_beer_Stout":"Green Island Stout","best_beer_score_Stout":3.0,"most_popular_beer_Stout":"Green Island Stout","popularity_Stout":3.0,"n_beers_Stout":1.0,"avg_abv_Stout":5.8,"max_abv_beer_Stout":"Green Island Stout","max_abv_Stout":5.8,"best_beer_Pilsner":"1888","best_beer_score_Pilsner":3.23,"most_popular_beer_Pilsner":"Pilsnar\/Ve\u00f0rur (Ram)","popularity_Pilsner":6.0,"n_beers_Pilsner":5.0,"avg_abv_Pilsner":5.08,"max_abv_beer_Pilsner":"1888","max_abv_Pilsner":5.8,"best_beer_Porter":null,"best_beer_score_Porter":null,"most_popular_beer_Porter":null,"popularity_Porter":null,"n_beers_Porter":null,"avg_abv_Porter":null,"max_abv_beer_Porter":null,"max_abv_Porter":null,"best_beer_Fruit":null,"best_beer_score_Fruit":null,"most_popular_beer_Fruit":null,"popularity_Fruit":null,"n_beers_Fruit":null,"avg_abv_Fruit":null,"max_abv_beer_Fruit":null,"max_abv_Fruit":null,"best_beer_Roggenbier":null,"best_beer_score_Roggenbier":null,"most_popular_beer_Roggenbier":null,"popularity_Roggenbier":null,"n_beers_Roggenbier":null,"avg_abv_Roggenbier":null,"max_abv_beer_Roggenbier":null,"max_abv_Roggenbier":null,"best_beer_Herb":null,"best_beer_score_Herb":null,"most_popular_beer_Herb":null,"popularity_Herb":null,"n_beers_Herb":null,"avg_abv_Herb":null,"max_abv_beer_Herb":null,"max_abv_Herb":null,"best_beer_Smoke":null,"best_beer_score_Smoke":null,"most_popular_beer_Smoke":null,"popularity_Smoke":null,"n_beers_Smoke":null,"avg_abv_Smoke":null,"max_abv_beer_Smoke":null,"max_abv_Smoke":null,"best_beer_Barleywine":null,"best_beer_score_Barleywine":null,"most_popular_beer_Barleywine":null,"popularity_Barleywine":null,"n_beers_Barleywine":null,"avg_abv_Barleywine":null,"max_abv_beer_Barleywine":null,"max_abv_Barleywine":null,"best_beer":"1888","best_beer_score":3.23,"most_popular_beer":"Pilsnar\/Ve\u00f0rur (Ram)","popularity":6.0,"n_beers":10.0,"avg_abv":5.86,"max_abv_beer":"1888 Golden Ram","max_abv":10.0},{"brewery":"Okkara","city":"Velbasta\u00f0ur","lat":61.9830528,"long":-6.8540795,"best_beer_IPA":null,"best_beer_score_IPA":null,"most_popular_beer_IPA":null,"popularity_IPA":null,"n_beers_IPA":null,"avg_abv_IPA":null,"max_abv_beer_IPA":null,"max_abv_IPA":null,"best_beer_Ale":"RInkusteinur","best_beer_score_Ale":3.4042857143,"most_popular_beer_Ale":"RInkusteinur","popularity_Ale":5.0,"n_beers_Ale":3.0,"avg_abv_Ale":6.5666666667,"max_abv_beer_Ale":"Risi","max_abv_Ale":8.1,"best_beer_Lager":"Klassik","best_beer_score_Lager":2.92,"most_popular_beer_Lager":"Okkara Gull","popularity_Lager":1.0,"n_beers_Lager":3.0,"avg_abv_Lager":5.0,"max_abv_beer_Lager":"Okkara Gull","max_abv_Lager":5.8,"best_beer_Stout":"Nykur","best_beer_score_Stout":2.9133333333,"most_popular_beer_Stout":"Nykur","popularity_Stout":1.0,"n_beers_Stout":1.0,"avg_abv_Stout":13.5,"max_abv_beer_Stout":"Nykur","max_abv_Stout":13.5,"best_beer_Pilsner":"Tr\u00f3ndur","best_beer_score_Pilsner":2.8933333333,"most_popular_beer_Pilsner":"Vanliga","popularity_Pilsner":1.0,"n_beers_Pilsner":2.0,"avg_abv_Pilsner":6.05,"max_abv_beer_Pilsner":"Tr\u00f3ndur","max_abv_Pilsner":7.5,"best_beer_Porter":"Portar","best_beer_score_Porter":3.245,"most_popular_beer_Porter":"Portar","popularity_Porter":2.0,"n_beers_Porter":1.0,"avg_abv_Porter":7.9,"max_abv_beer_Porter":"Portar","max_abv_Porter":7.9,"best_beer_Fruit":null,"best_beer_score_Fruit":null,"most_popular_beer_Fruit":null,"popularity_Fruit":null,"n_beers_Fruit":null,"avg_abv_Fruit":null,"max_abv_beer_Fruit":null,"max_abv_Fruit":null,"best_beer_Roggenbier":null,"best_beer_score_Roggenbier":null,"most_popular_beer_Roggenbier":null,"popularity_Roggenbier":null,"n_beers_Roggenbier":null,"avg_abv_Roggenbier":null,"max_abv_beer_Roggenbier":null,"max_abv_Roggenbier":null,"best_beer_Herb":null,"best_beer_score_Herb":null,"most_popular_beer_Herb":null,"popularity_Herb":null,"n_beers_Herb":null,"avg_abv_Herb":null,"max_abv_beer_Herb":null,"max_abv_Herb":null,"best_beer_Smoke":null,"best_beer_score_Smoke":null,"most_popular_beer_Smoke":null,"popularity_Smoke":null,"n_beers_Smoke":null,"avg_abv_Smoke":null,"max_abv_beer_Smoke":null,"max_abv_Smoke":null,"best_beer_Barleywine":null,"best_beer_score_Barleywine":null,"most_popular_beer_Barleywine":null,"popularity_Barleywine":null,"n_beers_Barleywine":null,"avg_abv_Barleywine":null,"max_abv_beer_Barleywine":null,"max_abv_Barleywine":null,"best_beer":"RInkusteinur","best_beer_score":3.4042857143,"most_popular_beer":"RInkusteinur","popularity":5.0,"n_beers":10.0,"avg_abv":6.82,"max_abv_beer":"Nykur","max_abv":13.5}]