[{"brewery":"West Indies Beer Company","city":"St George\u2019s","lat":12.0535331,"long":-61.751805,"best_beer_IPA":"Black Rock","best_beer_score_IPA":3.0,"most_popular_beer_IPA":"Black Rock","popularity_IPA":1.0,"n_beers_IPA":2.0,"avg_abv_IPA":7.55,"max_abv_beer_IPA":"Black Rock","max_abv_IPA":8.3,"best_beer_Ale":"Dark Roots","best_beer_score_Ale":2.77,"most_popular_beer_Ale":"Dark Roots","popularity_Ale":1.0,"n_beers_Ale":3.0,"avg_abv_Ale":4.1666666667,"max_abv_beer_Ale":"Rogue Pirate","max_abv_Ale":4.4,"best_beer_Lager":null,"best_beer_score_Lager":null,"most_popular_beer_Lager":null,"popularity_Lager":null,"n_beers_Lager":null,"avg_abv_Lager":null,"max_abv_beer_Lager":null,"max_abv_Lager":null,"best_beer_Stout":null,"best_beer_score_Stout":null,"most_popular_beer_Stout":null,"popularity_Stout":null,"n_beers_Stout":null,"avg_abv_Stout":null,"max_abv_beer_Stout":null,"max_abv_Stout":null,"best_beer_Pilsner":null,"best_beer_score_Pilsner":null,"most_popular_beer_Pilsner":null,"popularity_Pilsner":null,"n_beers_Pilsner":null,"avg_abv_Pilsner":null,"max_abv_beer_Pilsner":null,"max_abv_Pilsner":null,"best_beer_Porter":null,"best_beer_score_Porter":null,"most_popular_beer_Porter":null,"popularity_Porter":null,"n_beers_Porter":1.0,"avg_abv_Porter":7.1,"max_abv_beer_Porter":"Old Mongoose","max_abv_Porter":7.1,"best_beer_Fruit":null,"best_beer_score_Fruit":null,"most_popular_beer_Fruit":null,"popularity_Fruit":null,"n_beers_Fruit":null,"avg_abv_Fruit":null,"max_abv_beer_Fruit":null,"max_abv_Fruit":null,"best_beer_Roggenbier":null,"best_beer_score_Roggenbier":null,"most_popular_beer_Roggenbier":null,"popularity_Roggenbier":null,"n_beers_Roggenbier":null,"avg_abv_Roggenbier":null,"max_abv_beer_Roggenbier":null,"max_abv_Roggenbier":null,"best_beer_Herb":null,"best_beer_score_Herb":null,"most_popular_beer_Herb":null,"popularity_Herb":null,"n_beers_Herb":null,"avg_abv_Herb":null,"max_abv_beer_Herb":null,"max_abv_Herb":null,"best_beer_Smoke":null,"best_beer_score_Smoke":null,"most_popular_beer_Smoke":null,"popularity_Smoke":null,"n_beers_Smoke":null,"avg_abv_Smoke":null,"max_abv_beer_Smoke":null,"max_abv_Smoke":null,"best_beer_Barleywine":null,"best_beer_score_Barleywine":null,"most_popular_beer_Barleywine":null,"popularity_Barleywine":null,"n_beers_Barleywine":null,"avg_abv_Barleywine":null,"max_abv_beer_Barleywine":null,"max_abv_Barleywine":null,"best_beer":"Black Rock","best_beer_score":3.0,"most_popular_beer":"Black Rock","popularity":1.0,"n_beers":9.0,"avg_abv":5.9666666667,"max_abv_beer":"Black Rock","max_abv":8.3}]