[{"brewery":"Bounteous Brewing Co.","city":"Jerusalem","lat":31.76904,"long":35.21633,"best_beer_IPA":"Bounteous Big Froot","best_beer_score_IPA":2.93,"most_popular_beer_IPA":"Bounteous Yup Yup","popularity_IPA":1.0,"n_beers_IPA":4.0,"avg_abv_IPA":7.075,"max_abv_beer_IPA":"Bounteous DIPA","max_abv_IPA":9.1,"best_beer_Ale":"Bounteous English Teeth","best_beer_score_Ale":2.9033333333,"most_popular_beer_Ale":"Bounteous English Teeth","popularity_Ale":1.0,"n_beers_Ale":2.0,"avg_abv_Ale":6.25,"max_abv_beer_Ale":"Bounteous English Teeth","max_abv_Ale":6.7,"best_beer_Lager":null,"best_beer_score_Lager":null,"most_popular_beer_Lager":null,"popularity_Lager":null,"n_beers_Lager":null,"avg_abv_Lager":null,"max_abv_beer_Lager":null,"max_abv_Lager":null,"best_beer_Stout":null,"best_beer_score_Stout":null,"most_popular_beer_Stout":null,"popularity_Stout":null,"n_beers_Stout":null,"avg_abv_Stout":null,"max_abv_beer_Stout":null,"max_abv_Stout":null,"best_beer_Pilsner":null,"best_beer_score_Pilsner":null,"most_popular_beer_Pilsner":null,"popularity_Pilsner":null,"n_beers_Pilsner":null,"avg_abv_Pilsner":null,"max_abv_beer_Pilsner":null,"max_abv_Pilsner":null,"best_beer_Porter":null,"best_beer_score_Porter":null,"most_popular_beer_Porter":null,"popularity_Porter":null,"n_beers_Porter":null,"avg_abv_Porter":null,"max_abv_beer_Porter":null,"max_abv_Porter":null,"best_beer_Fruit":null,"best_beer_score_Fruit":null,"most_popular_beer_Fruit":null,"popularity_Fruit":null,"n_beers_Fruit":null,"avg_abv_Fruit":null,"max_abv_beer_Fruit":null,"max_abv_Fruit":null,"best_beer_Roggenbier":null,"best_beer_score_Roggenbier":null,"most_popular_beer_Roggenbier":null,"popularity_Roggenbier":null,"n_beers_Roggenbier":null,"avg_abv_Roggenbier":null,"max_abv_beer_Roggenbier":null,"max_abv_Roggenbier":null,"best_beer_Herb":null,"best_beer_score_Herb":null,"most_popular_beer_Herb":null,"popularity_Herb":null,"n_beers_Herb":null,"avg_abv_Herb":null,"max_abv_beer_Herb":null,"max_abv_Herb":null,"best_beer_Smoke":null,"best_beer_score_Smoke":null,"most_popular_beer_Smoke":null,"popularity_Smoke":null,"n_beers_Smoke":null,"avg_abv_Smoke":null,"max_abv_beer_Smoke":null,"max_abv_Smoke":null,"best_beer_Barleywine":null,"best_beer_score_Barleywine":null,"most_popular_beer_Barleywine":null,"popularity_Barleywine":null,"n_beers_Barleywine":null,"avg_abv_Barleywine":null,"max_abv_beer_Barleywine":null,"max_abv_Barleywine":null,"best_beer":"Bounteous Big Froot","best_beer_score":2.93,"most_popular_beer":"Bounteous Yup Yup","popularity":1.0,"n_beers":6.0,"avg_abv":6.75,"max_abv_beer":"Bounteous DIPA","max_abv":9.1},{"brewery":"Jem's Beer Factory","city":"Petach Tikva","lat":32.08707,"long":34.88747,"best_beer_IPA":"Jem's IPA","best_beer_score_IPA":2.7666666667,"most_popular_beer_IPA":"Jem's IPA","popularity_IPA":1.0,"n_beers_IPA":1.0,"avg_abv_IPA":6.0,"max_abv_beer_IPA":"Jem's IPA","max_abv_IPA":6.0,"best_beer_Ale":"Jem's 8.8","best_beer_score_Ale":3.6075,"most_popular_beer_Ale":"Jem's 8.8","popularity_Ale":10.0,"n_beers_Ale":4.0,"avg_abv_Ale":6.275,"max_abv_beer_Ale":"Jem's 8.8","max_abv_Ale":8.8,"best_beer_Lager":"Dark Lager","best_beer_score_Lager":3.2275,"most_popular_beer_Lager":"Dark Lager","popularity_Lager":6.0,"n_beers_Lager":1.0,"avg_abv_Lager":5.0,"max_abv_beer_Lager":"Dark Lager","max_abv_Lager":5.0,"best_beer_Stout":"Stout","best_beer_score_Stout":3.3785714286,"most_popular_beer_Stout":"Stout","popularity_Stout":5.0,"n_beers_Stout":1.0,"avg_abv_Stout":5.0,"max_abv_beer_Stout":"Stout","max_abv_Stout":5.0,"best_beer_Pilsner":"Pils","best_beer_score_Pilsner":3.0783333333,"most_popular_beer_Pilsner":"Pils","popularity_Pilsner":4.0,"n_beers_Pilsner":1.0,"avg_abv_Pilsner":5.0,"max_abv_beer_Pilsner":"Pils","max_abv_Pilsner":5.0,"best_beer_Porter":null,"best_beer_score_Porter":null,"most_popular_beer_Porter":null,"popularity_Porter":null,"n_beers_Porter":null,"avg_abv_Porter":null,"max_abv_beer_Porter":null,"max_abv_Porter":null,"best_beer_Fruit":"Berry Ale","best_beer_score_Fruit":2.635,"most_popular_beer_Fruit":"Berry Ale","popularity_Fruit":2.0,"n_beers_Fruit":1.0,"avg_abv_Fruit":7.5,"max_abv_beer_Fruit":"Berry Ale","max_abv_Fruit":7.5,"best_beer_Roggenbier":null,"best_beer_score_Roggenbier":null,"most_popular_beer_Roggenbier":null,"popularity_Roggenbier":null,"n_beers_Roggenbier":null,"avg_abv_Roggenbier":null,"max_abv_beer_Roggenbier":null,"max_abv_Roggenbier":null,"best_beer_Herb":null,"best_beer_score_Herb":null,"most_popular_beer_Herb":null,"popularity_Herb":null,"n_beers_Herb":null,"avg_abv_Herb":null,"max_abv_beer_Herb":null,"max_abv_Herb":null,"best_beer_Smoke":null,"best_beer_score_Smoke":null,"most_popular_beer_Smoke":null,"popularity_Smoke":null,"n_beers_Smoke":null,"avg_abv_Smoke":null,"max_abv_beer_Smoke":null,"max_abv_Smoke":null,"best_beer_Barleywine":null,"best_beer_score_Barleywine":null,"most_popular_beer_Barleywine":null,"popularity_Barleywine":null,"n_beers_Barleywine":null,"avg_abv_Barleywine":null,"max_abv_beer_Barleywine":null,"max_abv_Barleywine":null,"best_beer":"Jem's 8.8","best_beer_score":3.6075,"most_popular_beer":"Jem's 8.8","popularity":10.0,"n_beers":9.0,"avg_abv":5.8444444444,"max_abv_beer":"Jem's 8.8","max_abv":8.8},{"brewery":"Herzl Beer","city":"Jerusalem","lat":31.76904,"long":35.21633,"best_beer_IPA":"Herzl IPA","best_beer_score_IPA":3.3983333333,"most_popular_beer_IPA":"Herzl IPA","popularity_IPA":4.0,"n_beers_IPA":1.0,"avg_abv_IPA":7.0,"max_abv_beer_IPA":"Herzl IPA","max_abv_IPA":7.0,"best_beer_Ale":"Herzl Dolce De Asal","best_beer_score_Ale":2.905,"most_popular_beer_Ale":"Herzl Dolce De Asal","popularity_Ale":2.0,"n_beers_Ale":3.0,"avg_abv_Ale":6.6666666667,"max_abv_beer_Ale":"Herzl Dolce De Asal","max_abv_Ale":8.0,"best_beer_Lager":null,"best_beer_score_Lager":null,"most_popular_beer_Lager":null,"popularity_Lager":null,"n_beers_Lager":null,"avg_abv_Lager":null,"max_abv_beer_Lager":null,"max_abv_Lager":null,"best_beer_Stout":null,"best_beer_score_Stout":null,"most_popular_beer_Stout":null,"popularity_Stout":null,"n_beers_Stout":null,"avg_abv_Stout":null,"max_abv_beer_Stout":null,"max_abv_Stout":null,"best_beer_Pilsner":null,"best_beer_score_Pilsner":null,"most_popular_beer_Pilsner":null,"popularity_Pilsner":null,"n_beers_Pilsner":null,"avg_abv_Pilsner":null,"max_abv_beer_Pilsner":null,"max_abv_Pilsner":null,"best_beer_Porter":"Embargo Cuban Tobacco Leaf Porter","best_beer_score_Porter":3.7790909091,"most_popular_beer_Porter":"Embargo Cuban Tobacco Leaf Porter","popularity_Porter":9.0,"n_beers_Porter":1.0,"avg_abv_Porter":6.0,"max_abv_beer_Porter":"Embargo Cuban Tobacco Leaf Porter","max_abv_Porter":6.0,"best_beer_Fruit":null,"best_beer_score_Fruit":null,"most_popular_beer_Fruit":null,"popularity_Fruit":null,"n_beers_Fruit":null,"avg_abv_Fruit":null,"max_abv_beer_Fruit":null,"max_abv_Fruit":null,"best_beer_Roggenbier":"Roggen - Weizen","best_beer_score_Roggenbier":2.93,"most_popular_beer_Roggenbier":"Sug Shel Hita","popularity_Roggenbier":1.0,"n_beers_Roggenbier":2.0,"avg_abv_Roggenbier":5.6,"max_abv_beer_Roggenbier":"Sug Shel Hita","max_abv_Roggenbier":5.6,"best_beer_Herb":null,"best_beer_score_Herb":null,"most_popular_beer_Herb":null,"popularity_Herb":null,"n_beers_Herb":null,"avg_abv_Herb":null,"max_abv_beer_Herb":null,"max_abv_Herb":null,"best_beer_Smoke":null,"best_beer_score_Smoke":null,"most_popular_beer_Smoke":null,"popularity_Smoke":null,"n_beers_Smoke":null,"avg_abv_Smoke":null,"max_abv_beer_Smoke":null,"max_abv_Smoke":null,"best_beer_Barleywine":null,"best_beer_score_Barleywine":null,"most_popular_beer_Barleywine":null,"popularity_Barleywine":null,"n_beers_Barleywine":null,"avg_abv_Barleywine":null,"max_abv_beer_Barleywine":null,"max_abv_Barleywine":null,"best_beer":"Embargo Cuban Tobacco Leaf Porter","best_beer_score":3.7790909091,"most_popular_beer":"Embargo Cuban Tobacco Leaf Porter","popularity":9.0,"n_beers":7.0,"avg_abv":6.3142857143,"max_abv_beer":"Herzl Dolce De Asal","max_abv":8.0},{"brewery":"Tempo Beer Industries LTD","city":"Netanya","lat":32.33291,"long":34.85992,"best_beer_IPA":null,"best_beer_score_IPA":null,"most_popular_beer_IPA":null,"popularity_IPA":null,"n_beers_IPA":null,"avg_abv_IPA":null,"max_abv_beer_IPA":null,"max_abv_IPA":null,"best_beer_Ale":null,"best_beer_score_Ale":null,"most_popular_beer_Ale":null,"popularity_Ale":null,"n_beers_Ale":null,"avg_abv_Ale":null,"max_abv_beer_Ale":null,"max_abv_Ale":null,"best_beer_Lager":"Gold Star Dark Lager","best_beer_score_Lager":3.09875,"most_popular_beer_Lager":"Gold Star Dark Lager","popularity_Lager":126.0,"n_beers_Lager":7.0,"avg_abv_Lager":5.2428571429,"max_abv_beer_Lager":"Maccabee Beer 7.9%","max_abv_Lager":7.9,"best_beer_Stout":null,"best_beer_score_Stout":null,"most_popular_beer_Stout":null,"popularity_Stout":null,"n_beers_Stout":null,"avg_abv_Stout":null,"max_abv_beer_Stout":null,"max_abv_Stout":null,"best_beer_Pilsner":"Maccabee Premium Beer","best_beer_score_Pilsner":2.7334375,"most_popular_beer_Pilsner":"Maccabee Premium Beer","popularity_Pilsner":30.0,"n_beers_Pilsner":1.0,"avg_abv_Pilsner":4.9,"max_abv_beer_Pilsner":"Maccabee Premium Beer","max_abv_Pilsner":4.9,"best_beer_Porter":"Gold Star - Black Roast","best_beer_score_Porter":3.1,"most_popular_beer_Porter":"Gold Star - Black Roast","popularity_Porter":4.0,"n_beers_Porter":1.0,"avg_abv_Porter":4.7,"max_abv_beer_Porter":"Gold Star - Black Roast","max_abv_Porter":4.7,"best_beer_Fruit":null,"best_beer_score_Fruit":null,"most_popular_beer_Fruit":null,"popularity_Fruit":null,"n_beers_Fruit":null,"avg_abv_Fruit":null,"max_abv_beer_Fruit":null,"max_abv_Fruit":null,"best_beer_Roggenbier":null,"best_beer_score_Roggenbier":null,"most_popular_beer_Roggenbier":null,"popularity_Roggenbier":null,"n_beers_Roggenbier":null,"avg_abv_Roggenbier":null,"max_abv_beer_Roggenbier":null,"max_abv_Roggenbier":null,"best_beer_Herb":null,"best_beer_score_Herb":null,"most_popular_beer_Herb":null,"popularity_Herb":null,"n_beers_Herb":null,"avg_abv_Herb":null,"max_abv_beer_Herb":null,"max_abv_Herb":null,"best_beer_Smoke":null,"best_beer_score_Smoke":null,"most_popular_beer_Smoke":null,"popularity_Smoke":null,"n_beers_Smoke":null,"avg_abv_Smoke":null,"max_abv_beer_Smoke":null,"max_abv_Smoke":null,"best_beer_Barleywine":null,"best_beer_score_Barleywine":null,"most_popular_beer_Barleywine":null,"popularity_Barleywine":null,"n_beers_Barleywine":null,"avg_abv_Barleywine":null,"max_abv_beer_Barleywine":null,"max_abv_Barleywine":null,"best_beer":"Goldstar SlowBrew","best_beer_score":3.1333333333,"most_popular_beer":"Gold Star Dark Lager","popularity":126.0,"n_beers":11.0,"avg_abv":5.5636363636,"max_abv_beer":"Goldstar SlowBrew","max_abv":10.0},{"brewery":"VildeHaye","city":"Sarid","lat":32.6641744,"long":35.2249937,"best_beer_IPA":null,"best_beer_score_IPA":null,"most_popular_beer_IPA":null,"popularity_IPA":null,"n_beers_IPA":null,"avg_abv_IPA":null,"max_abv_beer_IPA":null,"max_abv_IPA":null,"best_beer_Ale":null,"best_beer_score_Ale":null,"most_popular_beer_Ale":null,"popularity_Ale":null,"n_beers_Ale":null,"avg_abv_Ale":null,"max_abv_beer_Ale":null,"max_abv_Ale":null,"best_beer_Lager":null,"best_beer_score_Lager":null,"most_popular_beer_Lager":null,"popularity_Lager":null,"n_beers_Lager":null,"avg_abv_Lager":null,"max_abv_beer_Lager":null,"max_abv_Lager":null,"best_beer_Stout":null,"best_beer_score_Stout":null,"most_popular_beer_Stout":null,"popularity_Stout":null,"n_beers_Stout":null,"avg_abv_Stout":null,"max_abv_beer_Stout":null,"max_abv_Stout":null,"best_beer_Pilsner":null,"best_beer_score_Pilsner":null,"most_popular_beer_Pilsner":null,"popularity_Pilsner":null,"n_beers_Pilsner":null,"avg_abv_Pilsner":null,"max_abv_beer_Pilsner":null,"max_abv_Pilsner":null,"best_beer_Porter":null,"best_beer_score_Porter":null,"most_popular_beer_Porter":null,"popularity_Porter":null,"n_beers_Porter":null,"avg_abv_Porter":null,"max_abv_beer_Porter":null,"max_abv_Porter":null,"best_beer_Fruit":"Beers Selek","best_beer_score_Fruit":2.8966666667,"most_popular_beer_Fruit":"Beers Selek","popularity_Fruit":1.0,"n_beers_Fruit":1.0,"avg_abv_Fruit":4.6,"max_abv_beer_Fruit":"Beers Selek","max_abv_Fruit":4.6,"best_beer_Roggenbier":null,"best_beer_score_Roggenbier":null,"most_popular_beer_Roggenbier":null,"popularity_Roggenbier":null,"n_beers_Roggenbier":null,"avg_abv_Roggenbier":null,"max_abv_beer_Roggenbier":null,"max_abv_Roggenbier":null,"best_beer_Herb":null,"best_beer_score_Herb":null,"most_popular_beer_Herb":null,"popularity_Herb":null,"n_beers_Herb":null,"avg_abv_Herb":null,"max_abv_beer_Herb":null,"max_abv_Herb":null,"best_beer_Smoke":null,"best_beer_score_Smoke":null,"most_popular_beer_Smoke":null,"popularity_Smoke":null,"n_beers_Smoke":null,"avg_abv_Smoke":null,"max_abv_beer_Smoke":null,"max_abv_Smoke":null,"best_beer_Barleywine":null,"best_beer_score_Barleywine":null,"most_popular_beer_Barleywine":null,"popularity_Barleywine":null,"n_beers_Barleywine":null,"avg_abv_Barleywine":null,"max_abv_beer_Barleywine":null,"max_abv_Barleywine":null,"best_beer":"Vilde-Haye Beera Hita (Wheat)","best_beer_score":2.9333333333,"most_popular_beer":"Beers Selek","popularity":1.0,"n_beers":2.0,"avg_abv":4.8,"max_abv_beer":"Vilde-Haye Beera Hita (Wheat)","max_abv":5.0},{"brewery":"Malka Brewery","city":"Yehiam","lat":32.9967146,"long":35.2204512,"best_beer_IPA":"Malka Hindi (IPA)","best_beer_score_IPA":3.31125,"most_popular_beer_IPA":"Malka Hindi (IPA)","popularity_IPA":6.0,"n_beers_IPA":1.0,"avg_abv_IPA":6.2,"max_abv_beer_IPA":"Malka Hindi (IPA)","max_abv_IPA":6.2,"best_beer_Ale":"Malka Behira (Blonde)","best_beer_score_Ale":3.4179487179,"most_popular_beer_Ale":"Malka Admonit (Pale Ale)","popularity_Ale":42.0,"n_beers_Ale":2.0,"avg_abv_Ale":6.0,"max_abv_beer_Ale":"Malka Behira (Blonde)","max_abv_Ale":6.5,"best_beer_Lager":null,"best_beer_score_Lager":null,"most_popular_beer_Lager":null,"popularity_Lager":null,"n_beers_Lager":null,"avg_abv_Lager":null,"max_abv_beer_Lager":null,"max_abv_Lager":null,"best_beer_Stout":"Malka Keha (Stout)","best_beer_score_Stout":3.627826087,"most_popular_beer_Stout":"Malka Keha (Stout)","popularity_Stout":67.0,"n_beers_Stout":1.0,"avg_abv_Stout":6.0,"max_abv_beer_Stout":"Malka Keha (Stout)","max_abv_Stout":6.0,"best_beer_Pilsner":null,"best_beer_score_Pilsner":null,"most_popular_beer_Pilsner":null,"popularity_Pilsner":null,"n_beers_Pilsner":null,"avg_abv_Pilsner":null,"max_abv_beer_Pilsner":null,"max_abv_Pilsner":null,"best_beer_Porter":null,"best_beer_score_Porter":null,"most_popular_beer_Porter":null,"popularity_Porter":null,"n_beers_Porter":null,"avg_abv_Porter":null,"max_abv_beer_Porter":null,"max_abv_Porter":null,"best_beer_Fruit":null,"best_beer_score_Fruit":null,"most_popular_beer_Fruit":null,"popularity_Fruit":null,"n_beers_Fruit":null,"avg_abv_Fruit":null,"max_abv_beer_Fruit":null,"max_abv_Fruit":null,"best_beer_Roggenbier":null,"best_beer_score_Roggenbier":null,"most_popular_beer_Roggenbier":null,"popularity_Roggenbier":null,"n_beers_Roggenbier":null,"avg_abv_Roggenbier":null,"max_abv_beer_Roggenbier":null,"max_abv_Roggenbier":null,"best_beer_Herb":null,"best_beer_score_Herb":null,"most_popular_beer_Herb":null,"popularity_Herb":null,"n_beers_Herb":null,"avg_abv_Herb":null,"max_abv_beer_Herb":null,"max_abv_Herb":null,"best_beer_Smoke":null,"best_beer_score_Smoke":null,"most_popular_beer_Smoke":null,"popularity_Smoke":null,"n_beers_Smoke":null,"avg_abv_Smoke":null,"max_abv_beer_Smoke":null,"max_abv_Smoke":null,"best_beer_Barleywine":null,"best_beer_score_Barleywine":null,"most_popular_beer_Barleywine":null,"popularity_Barleywine":null,"n_beers_Barleywine":null,"avg_abv_Barleywine":null,"max_abv_beer_Barleywine":null,"max_abv_Barleywine":null,"best_beer":"Malka Keha (Stout)","best_beer_score":3.627826087,"most_popular_beer":"Malka Keha (Stout)","popularity":67.0,"n_beers":6.0,"avg_abv":6.2,"max_abv_beer":"Malka Winter Bitter","max_abv":8.0},{"brewery":"Soof Craft Brewery","city":"Eilat","lat":29.55805,"long":34.94821,"best_beer_IPA":null,"best_beer_score_IPA":null,"most_popular_beer_IPA":null,"popularity_IPA":null,"n_beers_IPA":null,"avg_abv_IPA":null,"max_abv_beer_IPA":null,"max_abv_IPA":null,"best_beer_Ale":null,"best_beer_score_Ale":null,"most_popular_beer_Ale":null,"popularity_Ale":null,"n_beers_Ale":null,"avg_abv_Ale":null,"max_abv_beer_Ale":null,"max_abv_Ale":null,"best_beer_Lager":null,"best_beer_score_Lager":null,"most_popular_beer_Lager":null,"popularity_Lager":null,"n_beers_Lager":null,"avg_abv_Lager":null,"max_abv_beer_Lager":null,"max_abv_Lager":null,"best_beer_Stout":null,"best_beer_score_Stout":null,"most_popular_beer_Stout":null,"popularity_Stout":null,"n_beers_Stout":null,"avg_abv_Stout":null,"max_abv_beer_Stout":null,"max_abv_Stout":null,"best_beer_Pilsner":null,"best_beer_score_Pilsner":null,"most_popular_beer_Pilsner":null,"popularity_Pilsner":null,"n_beers_Pilsner":null,"avg_abv_Pilsner":null,"max_abv_beer_Pilsner":null,"max_abv_Pilsner":null,"best_beer_Porter":"Soof Porter","best_beer_score_Porter":2.81,"most_popular_beer_Porter":"Soof Porter","popularity_Porter":1.0,"n_beers_Porter":1.0,"avg_abv_Porter":5.2,"max_abv_beer_Porter":"Soof Porter","max_abv_Porter":5.2,"best_beer_Fruit":"Soof Dark Berry","best_beer_score_Fruit":2.8533333333,"most_popular_beer_Fruit":"Soof Dark Berry","popularity_Fruit":1.0,"n_beers_Fruit":1.0,"avg_abv_Fruit":8.0,"max_abv_beer_Fruit":"Soof Dark Berry","max_abv_Fruit":8.0,"best_beer_Roggenbier":null,"best_beer_score_Roggenbier":null,"most_popular_beer_Roggenbier":null,"popularity_Roggenbier":null,"n_beers_Roggenbier":null,"avg_abv_Roggenbier":null,"max_abv_beer_Roggenbier":null,"max_abv_Roggenbier":null,"best_beer_Herb":null,"best_beer_score_Herb":null,"most_popular_beer_Herb":null,"popularity_Herb":null,"n_beers_Herb":null,"avg_abv_Herb":null,"max_abv_beer_Herb":null,"max_abv_Herb":null,"best_beer_Smoke":"Soof Smokey Brown Ale","best_beer_score_Smoke":2.7766666667,"most_popular_beer_Smoke":"Soof Smokey Brown Ale","popularity_Smoke":1.0,"n_beers_Smoke":1.0,"avg_abv_Smoke":5.3,"max_abv_beer_Smoke":"Soof Smokey Brown Ale","max_abv_Smoke":5.3,"best_beer_Barleywine":null,"best_beer_score_Barleywine":null,"most_popular_beer_Barleywine":null,"popularity_Barleywine":null,"n_beers_Barleywine":null,"avg_abv_Barleywine":null,"max_abv_beer_Barleywine":null,"max_abv_Barleywine":null,"best_beer":"Soof Wheat Beer","best_beer_score":2.8733333333,"most_popular_beer":"Soof Smokey Brown Ale","popularity":1.0,"n_beers":4.0,"avg_abv":5.95,"max_abv_beer":"Soof Dark Berry","max_abv":8.0},{"brewery":"HaCarem Spirits Ltd","city":"Hevel Modi\u2019in","lat":31.98538125,"long":34.9741347978,"best_beer_IPA":null,"best_beer_score_IPA":null,"most_popular_beer_IPA":null,"popularity_IPA":null,"n_beers_IPA":null,"avg_abv_IPA":null,"max_abv_beer_IPA":null,"max_abv_IPA":null,"best_beer_Ale":"Negev Oasis","best_beer_score_Ale":3.175,"most_popular_beer_Ale":"Negev Oasis","popularity_Ale":2.0,"n_beers_Ale":1.0,"avg_abv_Ale":4.7,"max_abv_beer_Ale":"Negev Oasis","max_abv_Ale":4.7,"best_beer_Lager":null,"best_beer_score_Lager":null,"most_popular_beer_Lager":null,"popularity_Lager":null,"n_beers_Lager":null,"avg_abv_Lager":null,"max_abv_beer_Lager":null,"max_abv_Lager":null,"best_beer_Stout":null,"best_beer_score_Stout":null,"most_popular_beer_Stout":null,"popularity_Stout":null,"n_beers_Stout":null,"avg_abv_Stout":null,"max_abv_beer_Stout":null,"max_abv_Stout":null,"best_beer_Pilsner":null,"best_beer_score_Pilsner":null,"most_popular_beer_Pilsner":null,"popularity_Pilsner":null,"n_beers_Pilsner":null,"avg_abv_Pilsner":null,"max_abv_beer_Pilsner":null,"max_abv_Pilsner":null,"best_beer_Porter":null,"best_beer_score_Porter":null,"most_popular_beer_Porter":null,"popularity_Porter":null,"n_beers_Porter":null,"avg_abv_Porter":null,"max_abv_beer_Porter":null,"max_abv_Porter":null,"best_beer_Fruit":null,"best_beer_score_Fruit":null,"most_popular_beer_Fruit":null,"popularity_Fruit":null,"n_beers_Fruit":null,"avg_abv_Fruit":null,"max_abv_beer_Fruit":null,"max_abv_Fruit":null,"best_beer_Roggenbier":null,"best_beer_score_Roggenbier":null,"most_popular_beer_Roggenbier":null,"popularity_Roggenbier":null,"n_beers_Roggenbier":null,"avg_abv_Roggenbier":null,"max_abv_beer_Roggenbier":null,"max_abv_Roggenbier":null,"best_beer_Herb":null,"best_beer_score_Herb":null,"most_popular_beer_Herb":null,"popularity_Herb":null,"n_beers_Herb":null,"avg_abv_Herb":null,"max_abv_beer_Herb":null,"max_abv_Herb":null,"best_beer_Smoke":null,"best_beer_score_Smoke":null,"most_popular_beer_Smoke":null,"popularity_Smoke":null,"n_beers_Smoke":null,"avg_abv_Smoke":null,"max_abv_beer_Smoke":null,"max_abv_Smoke":null,"best_beer_Barleywine":null,"best_beer_score_Barleywine":null,"most_popular_beer_Barleywine":null,"popularity_Barleywine":null,"n_beers_Barleywine":null,"avg_abv_Barleywine":null,"max_abv_beer_Barleywine":null,"max_abv_Barleywine":null,"best_beer":"Negev Oasis","best_beer_score":3.175,"most_popular_beer":"Negev Oasis","popularity":2.0,"n_beers":1.0,"avg_abv":4.7,"max_abv_beer":"Negev Oasis","max_abv":4.7},{"brewery":"Srigim Brewery","city":"Li On","lat":31.67744,"long":34.93464,"best_beer_IPA":"Ronen HaHodit HaMekhoeret India Pale Ale","best_beer_score_IPA":3.4671428571,"most_popular_beer_IPA":"Ronen HaHodit HaMekhoeret India Pale Ale","popularity_IPA":5.0,"n_beers_IPA":4.0,"avg_abv_IPA":5.95,"max_abv_beer_IPA":"Beer Bazaar Shesh Besh IPA","max_abv_IPA":6.5,"best_beer_Ale":"Ronen HaHodit HaMekhoeret India Pale Ale","best_beer_score_Ale":3.4671428571,"most_popular_beer_Ale":"Beer Bazaar Fat Cat Pale Ale","popularity_Ale":6.0,"n_beers_Ale":9.0,"avg_abv_Ale":5.6333333333,"max_abv_beer_Ale":"Beer Bazaar OMG!","max_abv_Ale":7.0,"best_beer_Lager":"Beer Bazaar Gallagher","best_beer_score_Lager":2.8,"most_popular_beer_Lager":"Beer Bazaar Gallagher","popularity_Lager":1.0,"n_beers_Lager":1.0,"avg_abv_Lager":5.1,"max_abv_beer_Lager":"Beer Bazaar Gallagher","max_abv_Lager":5.1,"best_beer_Stout":"Black Jack Smoked Stout","best_beer_score_Stout":3.1,"most_popular_beer_Stout":"Black Jack Smoked Stout","popularity_Stout":2.0,"n_beers_Stout":1.0,"avg_abv_Stout":4.7,"max_abv_beer_Stout":"Black Jack Smoked Stout","max_abv_Stout":4.7,"best_beer_Pilsner":null,"best_beer_score_Pilsner":null,"most_popular_beer_Pilsner":null,"popularity_Pilsner":null,"n_beers_Pilsner":null,"avg_abv_Pilsner":null,"max_abv_beer_Pilsner":null,"max_abv_Pilsner":null,"best_beer_Porter":null,"best_beer_score_Porter":null,"most_popular_beer_Porter":null,"popularity_Porter":null,"n_beers_Porter":null,"avg_abv_Porter":null,"max_abv_beer_Porter":null,"max_abv_Porter":null,"best_beer_Fruit":null,"best_beer_score_Fruit":null,"most_popular_beer_Fruit":null,"popularity_Fruit":null,"n_beers_Fruit":null,"avg_abv_Fruit":null,"max_abv_beer_Fruit":null,"max_abv_Fruit":null,"best_beer_Roggenbier":null,"best_beer_score_Roggenbier":null,"most_popular_beer_Roggenbier":null,"popularity_Roggenbier":null,"n_beers_Roggenbier":null,"avg_abv_Roggenbier":null,"max_abv_beer_Roggenbier":null,"max_abv_Roggenbier":null,"best_beer_Herb":null,"best_beer_score_Herb":null,"most_popular_beer_Herb":null,"popularity_Herb":null,"n_beers_Herb":null,"avg_abv_Herb":null,"max_abv_beer_Herb":null,"max_abv_Herb":null,"best_beer_Smoke":null,"best_beer_score_Smoke":null,"most_popular_beer_Smoke":null,"popularity_Smoke":null,"n_beers_Smoke":null,"avg_abv_Smoke":null,"max_abv_beer_Smoke":null,"max_abv_Smoke":null,"best_beer_Barleywine":null,"best_beer_score_Barleywine":null,"most_popular_beer_Barleywine":null,"popularity_Barleywine":null,"n_beers_Barleywine":null,"avg_abv_Barleywine":null,"max_abv_beer_Barleywine":null,"max_abv_Barleywine":null,"best_beer":"Ronen HaHodit HaMekhoeret India Pale Ale","best_beer_score":3.4671428571,"most_popular_beer":"Beer Bazaar Fat Cat Pale Ale","popularity":6.0,"n_beers":20.0,"avg_abv":6.075,"max_abv_beer":"Beer Bazaar Esser","max_abv":10.0},{"brewery":"Pavo Brewery","city":"Zichron Ya\u2019akov","lat":32.5711587,"long":34.9529966,"best_beer_IPA":"Israeli Pale Ale","best_beer_score_IPA":3.08,"most_popular_beer_IPA":"Israeli Pale Ale","popularity_IPA":4.0,"n_beers_IPA":1.0,"avg_abv_IPA":5.3,"max_abv_beer_IPA":"Israeli Pale Ale","max_abv_IPA":5.3,"best_beer_Ale":"Israeli Pale Ale","best_beer_score_Ale":3.08,"most_popular_beer_Ale":"Israeli Pale Ale","popularity_Ale":4.0,"n_beers_Ale":1.0,"avg_abv_Ale":5.3,"max_abv_beer_Ale":"Israeli Pale Ale","max_abv_Ale":5.3,"best_beer_Lager":"Reddish Lager","best_beer_score_Lager":2.7833333333,"most_popular_beer_Lager":"Reddish Lager","popularity_Lager":1.0,"n_beers_Lager":1.0,"avg_abv_Lager":4.7,"max_abv_beer_Lager":"Reddish Lager","max_abv_Lager":4.7,"best_beer_Stout":"Stout","best_beer_score_Stout":2.7733333333,"most_popular_beer_Stout":"Stout","popularity_Stout":1.0,"n_beers_Stout":1.0,"avg_abv_Stout":4.1,"max_abv_beer_Stout":"Stout","max_abv_Stout":4.1,"best_beer_Pilsner":null,"best_beer_score_Pilsner":null,"most_popular_beer_Pilsner":null,"popularity_Pilsner":null,"n_beers_Pilsner":null,"avg_abv_Pilsner":null,"max_abv_beer_Pilsner":null,"max_abv_Pilsner":null,"best_beer_Porter":null,"best_beer_score_Porter":null,"most_popular_beer_Porter":null,"popularity_Porter":null,"n_beers_Porter":null,"avg_abv_Porter":null,"max_abv_beer_Porter":null,"max_abv_Porter":null,"best_beer_Fruit":null,"best_beer_score_Fruit":null,"most_popular_beer_Fruit":null,"popularity_Fruit":null,"n_beers_Fruit":null,"avg_abv_Fruit":null,"max_abv_beer_Fruit":null,"max_abv_Fruit":null,"best_beer_Roggenbier":null,"best_beer_score_Roggenbier":null,"most_popular_beer_Roggenbier":null,"popularity_Roggenbier":null,"n_beers_Roggenbier":null,"avg_abv_Roggenbier":null,"max_abv_beer_Roggenbier":null,"max_abv_Roggenbier":null,"best_beer_Herb":null,"best_beer_score_Herb":null,"most_popular_beer_Herb":null,"popularity_Herb":null,"n_beers_Herb":null,"avg_abv_Herb":null,"max_abv_beer_Herb":null,"max_abv_Herb":null,"best_beer_Smoke":null,"best_beer_score_Smoke":null,"most_popular_beer_Smoke":null,"popularity_Smoke":null,"n_beers_Smoke":null,"avg_abv_Smoke":null,"max_abv_beer_Smoke":null,"max_abv_Smoke":null,"best_beer_Barleywine":null,"best_beer_score_Barleywine":null,"most_popular_beer_Barleywine":null,"popularity_Barleywine":null,"n_beers_Barleywine":null,"avg_abv_Barleywine":null,"max_abv_beer_Barleywine":null,"max_abv_Barleywine":null,"best_beer":"Israeli Pale Ale","best_beer_score":3.08,"most_popular_beer":"Israeli Pale Ale","popularity":4.0,"n_beers":4.0,"avg_abv":5.775,"max_abv_beer":"Tripel","max_abv":9.0},{"brewery":"Arava Brewery","city":"Tzukim","lat":30.4915764,"long":35.1662039,"best_beer_IPA":null,"best_beer_score_IPA":null,"most_popular_beer_IPA":null,"popularity_IPA":null,"n_beers_IPA":null,"avg_abv_IPA":null,"max_abv_beer_IPA":null,"max_abv_IPA":null,"best_beer_Ale":"Arava Katzra Inbar","best_beer_score_Ale":2.93,"most_popular_beer_Ale":"Arava Katzra Blond","popularity_Ale":1.0,"n_beers_Ale":2.0,"avg_abv_Ale":5.05,"max_abv_beer_Ale":"Arava Katzra Blond","max_abv_Ale":5.5,"best_beer_Lager":null,"best_beer_score_Lager":null,"most_popular_beer_Lager":null,"popularity_Lager":null,"n_beers_Lager":null,"avg_abv_Lager":null,"max_abv_beer_Lager":null,"max_abv_Lager":null,"best_beer_Stout":null,"best_beer_score_Stout":null,"most_popular_beer_Stout":null,"popularity_Stout":null,"n_beers_Stout":null,"avg_abv_Stout":null,"max_abv_beer_Stout":null,"max_abv_Stout":null,"best_beer_Pilsner":null,"best_beer_score_Pilsner":null,"most_popular_beer_Pilsner":null,"popularity_Pilsner":null,"n_beers_Pilsner":null,"avg_abv_Pilsner":null,"max_abv_beer_Pilsner":null,"max_abv_Pilsner":null,"best_beer_Porter":"Arava Katzra Keha","best_beer_score_Porter":2.8666666667,"most_popular_beer_Porter":"Arava Katzra Keha","popularity_Porter":1.0,"n_beers_Porter":1.0,"avg_abv_Porter":5.0,"max_abv_beer_Porter":"Arava Katzra Keha","max_abv_Porter":5.0,"best_beer_Fruit":null,"best_beer_score_Fruit":null,"most_popular_beer_Fruit":null,"popularity_Fruit":null,"n_beers_Fruit":null,"avg_abv_Fruit":null,"max_abv_beer_Fruit":null,"max_abv_Fruit":null,"best_beer_Roggenbier":null,"best_beer_score_Roggenbier":null,"most_popular_beer_Roggenbier":null,"popularity_Roggenbier":null,"n_beers_Roggenbier":null,"avg_abv_Roggenbier":null,"max_abv_beer_Roggenbier":null,"max_abv_Roggenbier":null,"best_beer_Herb":null,"best_beer_score_Herb":null,"most_popular_beer_Herb":null,"popularity_Herb":null,"n_beers_Herb":null,"avg_abv_Herb":null,"max_abv_beer_Herb":null,"max_abv_Herb":null,"best_beer_Smoke":null,"best_beer_score_Smoke":null,"most_popular_beer_Smoke":null,"popularity_Smoke":null,"n_beers_Smoke":null,"avg_abv_Smoke":null,"max_abv_beer_Smoke":null,"max_abv_Smoke":null,"best_beer_Barleywine":null,"best_beer_score_Barleywine":null,"most_popular_beer_Barleywine":null,"popularity_Barleywine":null,"n_beers_Barleywine":null,"avg_abv_Barleywine":null,"max_abv_beer_Barleywine":null,"max_abv_Barleywine":null,"best_beer":"Arava Katzra Inbar","best_beer_score":2.93,"most_popular_beer":"Arava Katzra Keha","popularity":1.0,"n_beers":3.0,"avg_abv":5.0333333333,"max_abv_beer":"Arava Katzra Blond","max_abv":5.5},{"brewery":"HaDubim","city":"Even Yehuda","lat":32.26959,"long":34.88759,"best_beer_IPA":"HaDubim Eshibobo Hoppy IPA","best_beer_score_IPA":3.1475,"most_popular_beer_IPA":"Grizzly IPA","popularity_IPA":2.0,"n_beers_IPA":6.0,"avg_abv_IPA":6.4833333333,"max_abv_beer_IPA":"Grizzly IPA","max_abv_IPA":8.2,"best_beer_Ale":"HaDoctor APA","best_beer_score_Ale":3.14,"most_popular_beer_Ale":"HaDoctor APA","popularity_Ale":2.0,"n_beers_Ale":4.0,"avg_abv_Ale":5.625,"max_abv_beer_Ale":"HaDubim Yonek HaDvash Belgian Dark Ale","max_abv_Ale":8.0,"best_beer_Lager":null,"best_beer_score_Lager":null,"most_popular_beer_Lager":null,"popularity_Lager":null,"n_beers_Lager":null,"avg_abv_Lager":null,"max_abv_beer_Lager":null,"max_abv_Lager":null,"best_beer_Stout":null,"best_beer_score_Stout":null,"most_popular_beer_Stout":null,"popularity_Stout":null,"n_beers_Stout":null,"avg_abv_Stout":null,"max_abv_beer_Stout":null,"max_abv_Stout":null,"best_beer_Pilsner":null,"best_beer_score_Pilsner":null,"most_popular_beer_Pilsner":null,"popularity_Pilsner":null,"n_beers_Pilsner":null,"avg_abv_Pilsner":null,"max_abv_beer_Pilsner":null,"max_abv_Pilsner":null,"best_beer_Porter":"HaDubim Hatzot Dark Porter","best_beer_score_Porter":2.8333333333,"most_popular_beer_Porter":"HaDubim Hatzot Dark Porter","popularity_Porter":1.0,"n_beers_Porter":1.0,"avg_abv_Porter":5.0,"max_abv_beer_Porter":"HaDubim Hatzot Dark Porter","max_abv_Porter":5.0,"best_beer_Fruit":null,"best_beer_score_Fruit":null,"most_popular_beer_Fruit":null,"popularity_Fruit":null,"n_beers_Fruit":null,"avg_abv_Fruit":null,"max_abv_beer_Fruit":null,"max_abv_Fruit":null,"best_beer_Roggenbier":null,"best_beer_score_Roggenbier":null,"most_popular_beer_Roggenbier":null,"popularity_Roggenbier":null,"n_beers_Roggenbier":null,"avg_abv_Roggenbier":null,"max_abv_beer_Roggenbier":null,"max_abv_Roggenbier":null,"best_beer_Herb":null,"best_beer_score_Herb":null,"most_popular_beer_Herb":null,"popularity_Herb":null,"n_beers_Herb":null,"avg_abv_Herb":null,"max_abv_beer_Herb":null,"max_abv_Herb":null,"best_beer_Smoke":"HaDubim HaMaka HaRishona Smoked Red Ale","best_beer_score_Smoke":3.085,"most_popular_beer_Smoke":"HaDubim HaMaka HaRishona Smoked Red Ale","popularity_Smoke":2.0,"n_beers_Smoke":1.0,"avg_abv_Smoke":4.8,"max_abv_beer_Smoke":"HaDubim HaMaka HaRishona Smoked Red Ale","max_abv_Smoke":4.8,"best_beer_Barleywine":null,"best_beer_score_Barleywine":null,"most_popular_beer_Barleywine":null,"popularity_Barleywine":null,"n_beers_Barleywine":null,"avg_abv_Barleywine":null,"max_abv_beer_Barleywine":null,"max_abv_Barleywine":null,"best_beer":"HaDubim Eshibobo Hoppy IPA","best_beer_score":3.1475,"most_popular_beer":"HaDoctor APA","popularity":2.0,"n_beers":12.0,"avg_abv":5.9333333333,"max_abv_beer":"Grizzly IPA","max_abv":8.2},{"brewery":"Shapiro","city":"Beit Shemesh","lat":31.746214,"long":34.9886825,"best_beer_IPA":"Shapiro IPA","best_beer_score_IPA":3.3544444444,"most_popular_beer_IPA":"Shapiro IPA","popularity_IPA":7.0,"n_beers_IPA":1.0,"avg_abv_IPA":6.5,"max_abv_beer_IPA":"Shapiro IPA","max_abv_IPA":6.5,"best_beer_Ale":"Shapiro Pale Ale","best_beer_score_Ale":3.2371428571,"most_popular_beer_Ale":"Shapiro Pale Ale","popularity_Ale":5.0,"n_beers_Ale":2.0,"avg_abv_Ale":5.1,"max_abv_beer_Ale":"Shapiro's Wheat","max_abv_Ale":5.2,"best_beer_Lager":null,"best_beer_score_Lager":null,"most_popular_beer_Lager":null,"popularity_Lager":null,"n_beers_Lager":null,"avg_abv_Lager":null,"max_abv_beer_Lager":null,"max_abv_Lager":null,"best_beer_Stout":"Oatmeal Stout","best_beer_score_Stout":3.4744444444,"most_popular_beer_Stout":"Oatmeal Stout","popularity_Stout":7.0,"n_beers_Stout":1.0,"avg_abv_Stout":5.2,"max_abv_beer_Stout":"Oatmeal Stout","max_abv_Stout":5.2,"best_beer_Pilsner":null,"best_beer_score_Pilsner":null,"most_popular_beer_Pilsner":null,"popularity_Pilsner":null,"n_beers_Pilsner":null,"avg_abv_Pilsner":null,"max_abv_beer_Pilsner":null,"max_abv_Pilsner":null,"best_beer_Porter":null,"best_beer_score_Porter":null,"most_popular_beer_Porter":null,"popularity_Porter":null,"n_beers_Porter":null,"avg_abv_Porter":null,"max_abv_beer_Porter":null,"max_abv_Porter":null,"best_beer_Fruit":null,"best_beer_score_Fruit":null,"most_popular_beer_Fruit":null,"popularity_Fruit":null,"n_beers_Fruit":null,"avg_abv_Fruit":null,"max_abv_beer_Fruit":null,"max_abv_Fruit":null,"best_beer_Roggenbier":null,"best_beer_score_Roggenbier":null,"most_popular_beer_Roggenbier":null,"popularity_Roggenbier":null,"n_beers_Roggenbier":null,"avg_abv_Roggenbier":null,"max_abv_beer_Roggenbier":null,"max_abv_Roggenbier":null,"best_beer_Herb":null,"best_beer_score_Herb":null,"most_popular_beer_Herb":null,"popularity_Herb":null,"n_beers_Herb":null,"avg_abv_Herb":null,"max_abv_beer_Herb":null,"max_abv_Herb":null,"best_beer_Smoke":null,"best_beer_score_Smoke":null,"most_popular_beer_Smoke":null,"popularity_Smoke":null,"n_beers_Smoke":null,"avg_abv_Smoke":null,"max_abv_beer_Smoke":null,"max_abv_Smoke":null,"best_beer_Barleywine":null,"best_beer_score_Barleywine":null,"most_popular_beer_Barleywine":null,"popularity_Barleywine":null,"n_beers_Barleywine":null,"avg_abv_Barleywine":null,"max_abv_beer_Barleywine":null,"max_abv_Barleywine":null,"best_beer":"Oatmeal Stout","best_beer_score":3.4744444444,"most_popular_beer":"Shapiro IPA","popularity":7.0,"n_beers":5.0,"avg_abv":6.02,"max_abv_beer":"Jack's Winter Ale","max_abv":8.2},{"brewery":"Negev Brewery","city":"Kiryat Gat","lat":31.60998,"long":34.76422,"best_beer_IPA":"Negev Blazer","best_beer_score_IPA":2.9833333333,"most_popular_beer_IPA":"Negev Blazer","popularity_IPA":1.0,"n_beers_IPA":1.0,"avg_abv_IPA":6.9,"max_abv_beer_IPA":"Negev Blazer","max_abv_IPA":6.9,"best_beer_Ale":"Negev Beresheet Desert Beer","best_beer_score_Ale":3.0533333333,"most_popular_beer_Ale":"Negev Amber Ale","popularity_Ale":3.0,"n_beers_Ale":4.0,"avg_abv_Ale":5.575,"max_abv_beer_Ale":"Negev Chariton Abbey Ale","max_abv_Ale":8.0,"best_beer_Lager":null,"best_beer_score_Lager":null,"most_popular_beer_Lager":null,"popularity_Lager":null,"n_beers_Lager":null,"avg_abv_Lager":null,"max_abv_beer_Lager":null,"max_abv_Lager":null,"best_beer_Stout":null,"best_beer_score_Stout":null,"most_popular_beer_Stout":null,"popularity_Stout":null,"n_beers_Stout":null,"avg_abv_Stout":null,"max_abv_beer_Stout":null,"max_abv_Stout":null,"best_beer_Pilsner":null,"best_beer_score_Pilsner":null,"most_popular_beer_Pilsner":null,"popularity_Pilsner":null,"n_beers_Pilsner":null,"avg_abv_Pilsner":null,"max_abv_beer_Pilsner":null,"max_abv_Pilsner":null,"best_beer_Porter":"Negev Porter Alon","best_beer_score_Porter":3.27375,"most_popular_beer_Porter":"Negev Porter Alon","popularity_Porter":6.0,"n_beers_Porter":1.0,"avg_abv_Porter":5.0,"max_abv_beer_Porter":"Negev Porter Alon","max_abv_Porter":5.0,"best_beer_Fruit":"Negev Passiflora","best_beer_score_Fruit":3.2328571429,"most_popular_beer_Fruit":"Negev Passiflora","popularity_Fruit":5.0,"n_beers_Fruit":1.0,"avg_abv_Fruit":4.9,"max_abv_beer_Fruit":"Negev Passiflora","max_abv_Fruit":4.9,"best_beer_Roggenbier":null,"best_beer_score_Roggenbier":null,"most_popular_beer_Roggenbier":null,"popularity_Roggenbier":null,"n_beers_Roggenbier":null,"avg_abv_Roggenbier":null,"max_abv_beer_Roggenbier":null,"max_abv_Roggenbier":null,"best_beer_Herb":null,"best_beer_score_Herb":null,"most_popular_beer_Herb":null,"popularity_Herb":null,"n_beers_Herb":null,"avg_abv_Herb":null,"max_abv_beer_Herb":null,"max_abv_Herb":null,"best_beer_Smoke":null,"best_beer_score_Smoke":null,"most_popular_beer_Smoke":null,"popularity_Smoke":null,"n_beers_Smoke":null,"avg_abv_Smoke":null,"max_abv_beer_Smoke":null,"max_abv_Smoke":null,"best_beer_Barleywine":null,"best_beer_score_Barleywine":null,"most_popular_beer_Barleywine":null,"popularity_Barleywine":null,"n_beers_Barleywine":null,"avg_abv_Barleywine":null,"max_abv_beer_Barleywine":null,"max_abv_Barleywine":null,"best_beer":"Negev Porter Alon","best_beer_score":3.27375,"most_popular_beer":"Negev Porter Alon","popularity":6.0,"n_beers":8.0,"avg_abv":5.7,"max_abv_beer":"Negev Chariton Abbey Ale","max_abv":8.0},{"brewery":"The Dancing Camel Brewing Co.","city":"Tel Aviv","lat":32.08088,"long":34.78057,"best_beer_IPA":"Golem","best_beer_score_IPA":3.532,"most_popular_beer_IPA":"India Pale Ale","popularity_IPA":12.0,"n_beers_IPA":18.0,"avg_abv_IPA":7.0583333333,"max_abv_beer_IPA":"Golem","max_abv_IPA":11.0,"best_beer_Ale":"American Pale Ale","best_beer_score_Ale":3.6469230769,"most_popular_beer_Ale":"American Pale Ale","popularity_Ale":11.0,"n_beers_Ale":9.0,"avg_abv_Ale":5.7922222222,"max_abv_beer_Ale":"Olde Papa","max_abv_Ale":7.5,"best_beer_Lager":null,"best_beer_score_Lager":null,"most_popular_beer_Lager":null,"popularity_Lager":null,"n_beers_Lager":null,"avg_abv_Lager":null,"max_abv_beer_Lager":null,"max_abv_Lager":null,"best_beer_Stout":"Midnight Stout","best_beer_score_Stout":3.6246153846,"most_popular_beer_Stout":"Midnight Stout","popularity_Stout":11.0,"n_beers_Stout":2.0,"avg_abv_Stout":5.0,"max_abv_beer_Stout":"Cherry Vanilla Stout","max_abv_Stout":5.0,"best_beer_Pilsner":null,"best_beer_score_Pilsner":null,"most_popular_beer_Pilsner":null,"popularity_Pilsner":null,"n_beers_Pilsner":null,"avg_abv_Pilsner":null,"max_abv_beer_Pilsner":null,"max_abv_Pilsner":null,"best_beer_Porter":"Happy Hour In Sodom","best_beer_score_Porter":2.96,"most_popular_beer_Porter":"1872 Baltic Porter","popularity_Porter":1.0,"n_beers_Porter":2.0,"avg_abv_Porter":6.5,"max_abv_beer_Porter":"1872 Baltic Porter","max_abv_Porter":8.0,"best_beer_Fruit":null,"best_beer_score_Fruit":null,"most_popular_beer_Fruit":null,"popularity_Fruit":null,"n_beers_Fruit":null,"avg_abv_Fruit":null,"max_abv_beer_Fruit":null,"max_abv_Fruit":null,"best_beer_Roggenbier":null,"best_beer_score_Roggenbier":null,"most_popular_beer_Roggenbier":null,"popularity_Roggenbier":null,"n_beers_Roggenbier":null,"avg_abv_Roggenbier":null,"max_abv_beer_Roggenbier":null,"max_abv_Roggenbier":null,"best_beer_Herb":"Leche Del Diablo","best_beer_score_Herb":3.499,"most_popular_beer_Herb":"Leche Del Diablo","popularity_Herb":8.0,"n_beers_Herb":2.0,"avg_abv_Herb":5.75,"max_abv_beer_Herb":"Two Cats On A Camel","max_abv_Herb":6.5,"best_beer_Smoke":null,"best_beer_score_Smoke":null,"most_popular_beer_Smoke":null,"popularity_Smoke":null,"n_beers_Smoke":null,"avg_abv_Smoke":null,"max_abv_beer_Smoke":null,"max_abv_Smoke":null,"best_beer_Barleywine":null,"best_beer_score_Barleywine":null,"most_popular_beer_Barleywine":null,"popularity_Barleywine":null,"n_beers_Barleywine":null,"avg_abv_Barleywine":null,"max_abv_beer_Barleywine":null,"max_abv_Barleywine":null,"best_beer":"American Pale Ale","best_beer_score":3.6469230769,"most_popular_beer":"India Pale Ale","popularity":12.0,"n_beers":35.0,"avg_abv":6.3908571429,"max_abv_beer":"Golem","max_abv":11.0},{"brewery":"Avshi","city":"Hod HaSharon","lat":32.15934,"long":34.8932,"best_beer_IPA":null,"best_beer_score_IPA":null,"most_popular_beer_IPA":null,"popularity_IPA":null,"n_beers_IPA":null,"avg_abv_IPA":null,"max_abv_beer_IPA":null,"max_abv_IPA":null,"best_beer_Ale":null,"best_beer_score_Ale":null,"most_popular_beer_Ale":null,"popularity_Ale":null,"n_beers_Ale":null,"avg_abv_Ale":null,"max_abv_beer_Ale":null,"max_abv_Ale":null,"best_beer_Lager":null,"best_beer_score_Lager":null,"most_popular_beer_Lager":null,"popularity_Lager":null,"n_beers_Lager":null,"avg_abv_Lager":null,"max_abv_beer_Lager":null,"max_abv_Lager":null,"best_beer_Stout":null,"best_beer_score_Stout":null,"most_popular_beer_Stout":null,"popularity_Stout":null,"n_beers_Stout":null,"avg_abv_Stout":null,"max_abv_beer_Stout":null,"max_abv_Stout":null,"best_beer_Pilsner":null,"best_beer_score_Pilsner":null,"most_popular_beer_Pilsner":null,"popularity_Pilsner":null,"n_beers_Pilsner":null,"avg_abv_Pilsner":null,"max_abv_beer_Pilsner":null,"max_abv_Pilsner":null,"best_beer_Porter":null,"best_beer_score_Porter":null,"most_popular_beer_Porter":null,"popularity_Porter":null,"n_beers_Porter":null,"avg_abv_Porter":null,"max_abv_beer_Porter":null,"max_abv_Porter":null,"best_beer_Fruit":null,"best_beer_score_Fruit":null,"most_popular_beer_Fruit":null,"popularity_Fruit":null,"n_beers_Fruit":null,"avg_abv_Fruit":null,"max_abv_beer_Fruit":null,"max_abv_Fruit":null,"best_beer_Roggenbier":null,"best_beer_score_Roggenbier":null,"most_popular_beer_Roggenbier":null,"popularity_Roggenbier":null,"n_beers_Roggenbier":null,"avg_abv_Roggenbier":null,"max_abv_beer_Roggenbier":null,"max_abv_Roggenbier":null,"best_beer_Herb":null,"best_beer_score_Herb":null,"most_popular_beer_Herb":null,"popularity_Herb":null,"n_beers_Herb":null,"avg_abv_Herb":null,"max_abv_beer_Herb":null,"max_abv_Herb":null,"best_beer_Smoke":null,"best_beer_score_Smoke":null,"most_popular_beer_Smoke":null,"popularity_Smoke":null,"n_beers_Smoke":null,"avg_abv_Smoke":null,"max_abv_beer_Smoke":null,"max_abv_Smoke":null,"best_beer_Barleywine":null,"best_beer_score_Barleywine":null,"most_popular_beer_Barleywine":null,"popularity_Barleywine":null,"n_beers_Barleywine":null,"avg_abv_Barleywine":null,"max_abv_beer_Barleywine":null,"max_abv_Barleywine":null,"best_beer":"avashi wheat","best_beer_score":2.4666666667,"most_popular_beer":"avashi wheat","popularity":1.0,"n_beers":1.0,"avg_abv":5.3,"max_abv_beer":"avashi wheat","max_abv":5.3},{"brewery":"Meadan Brewing","city":"Karmiel","lat":32.91708,"long":35.30501,"best_beer_IPA":null,"best_beer_score_IPA":null,"most_popular_beer_IPA":null,"popularity_IPA":null,"n_beers_IPA":null,"avg_abv_IPA":null,"max_abv_beer_IPA":null,"max_abv_IPA":null,"best_beer_Ale":null,"best_beer_score_Ale":null,"most_popular_beer_Ale":null,"popularity_Ale":null,"n_beers_Ale":null,"avg_abv_Ale":null,"max_abv_beer_Ale":null,"max_abv_Ale":null,"best_beer_Lager":null,"best_beer_score_Lager":null,"most_popular_beer_Lager":null,"popularity_Lager":null,"n_beers_Lager":null,"avg_abv_Lager":null,"max_abv_beer_Lager":null,"max_abv_Lager":null,"best_beer_Stout":null,"best_beer_score_Stout":null,"most_popular_beer_Stout":null,"popularity_Stout":null,"n_beers_Stout":null,"avg_abv_Stout":null,"max_abv_beer_Stout":null,"max_abv_Stout":null,"best_beer_Pilsner":null,"best_beer_score_Pilsner":null,"most_popular_beer_Pilsner":null,"popularity_Pilsner":null,"n_beers_Pilsner":null,"avg_abv_Pilsner":null,"max_abv_beer_Pilsner":null,"max_abv_Pilsner":null,"best_beer_Porter":null,"best_beer_score_Porter":null,"most_popular_beer_Porter":null,"popularity_Porter":null,"n_beers_Porter":null,"avg_abv_Porter":null,"max_abv_beer_Porter":null,"max_abv_Porter":null,"best_beer_Fruit":"Meadan Amber Date Ale","best_beer_score_Fruit":2.7733333333,"most_popular_beer_Fruit":"Meadan Amber Date Ale","popularity_Fruit":1.0,"n_beers_Fruit":1.0,"avg_abv_Fruit":5.5,"max_abv_beer_Fruit":"Meadan Amber Date Ale","max_abv_Fruit":5.5,"best_beer_Roggenbier":null,"best_beer_score_Roggenbier":null,"most_popular_beer_Roggenbier":null,"popularity_Roggenbier":null,"n_beers_Roggenbier":null,"avg_abv_Roggenbier":null,"max_abv_beer_Roggenbier":null,"max_abv_Roggenbier":null,"best_beer_Herb":null,"best_beer_score_Herb":null,"most_popular_beer_Herb":null,"popularity_Herb":null,"n_beers_Herb":null,"avg_abv_Herb":null,"max_abv_beer_Herb":null,"max_abv_Herb":null,"best_beer_Smoke":null,"best_beer_score_Smoke":null,"most_popular_beer_Smoke":null,"popularity_Smoke":null,"n_beers_Smoke":null,"avg_abv_Smoke":null,"max_abv_beer_Smoke":null,"max_abv_Smoke":null,"best_beer_Barleywine":null,"best_beer_score_Barleywine":null,"most_popular_beer_Barleywine":null,"popularity_Barleywine":null,"n_beers_Barleywine":null,"avg_abv_Barleywine":null,"max_abv_beer_Barleywine":null,"max_abv_Barleywine":null,"best_beer":"Meadan Bitter Date Ale - IPA","best_beer_score":2.88,"most_popular_beer":"Meadan Amber Date Ale","popularity":1.0,"n_beers":2.0,"avg_abv":5.5,"max_abv_beer":"Meadan Amber Date Ale","max_abv":5.5},{"brewery":"Israel Beer Breweries Ltd.","city":"Ashkelon","lat":31.66926,"long":34.57149,"best_beer_IPA":null,"best_beer_score_IPA":null,"most_popular_beer_IPA":null,"popularity_IPA":null,"n_beers_IPA":null,"avg_abv_IPA":null,"max_abv_beer_IPA":null,"max_abv_IPA":null,"best_beer_Ale":null,"best_beer_score_Ale":null,"most_popular_beer_Ale":null,"popularity_Ale":null,"n_beers_Ale":null,"avg_abv_Ale":null,"max_abv_beer_Ale":null,"max_abv_Ale":null,"best_beer_Lager":"Tuborg Red","best_beer_score_Lager":2.868,"most_popular_beer_Lager":"Tuborg Red","popularity_Lager":13.0,"n_beers_Lager":4.0,"avg_abv_Lager":5.475,"max_abv_beer_Lager":"Tuborg Strong Beer (Blue) 6.9%","max_abv_Lager":6.9,"best_beer_Stout":null,"best_beer_score_Stout":null,"most_popular_beer_Stout":null,"popularity_Stout":null,"n_beers_Stout":null,"avg_abv_Stout":null,"max_abv_beer_Stout":null,"max_abv_Stout":null,"best_beer_Pilsner":null,"best_beer_score_Pilsner":null,"most_popular_beer_Pilsner":null,"popularity_Pilsner":null,"n_beers_Pilsner":null,"avg_abv_Pilsner":null,"max_abv_beer_Pilsner":null,"max_abv_Pilsner":null,"best_beer_Porter":null,"best_beer_score_Porter":null,"most_popular_beer_Porter":null,"popularity_Porter":null,"n_beers_Porter":null,"avg_abv_Porter":null,"max_abv_beer_Porter":null,"max_abv_Porter":null,"best_beer_Fruit":null,"best_beer_score_Fruit":null,"most_popular_beer_Fruit":null,"popularity_Fruit":null,"n_beers_Fruit":null,"avg_abv_Fruit":null,"max_abv_beer_Fruit":null,"max_abv_Fruit":null,"best_beer_Roggenbier":null,"best_beer_score_Roggenbier":null,"most_popular_beer_Roggenbier":null,"popularity_Roggenbier":null,"n_beers_Roggenbier":null,"avg_abv_Roggenbier":null,"max_abv_beer_Roggenbier":null,"max_abv_Roggenbier":null,"best_beer_Herb":null,"best_beer_score_Herb":null,"most_popular_beer_Herb":null,"popularity_Herb":null,"n_beers_Herb":null,"avg_abv_Herb":null,"max_abv_beer_Herb":null,"max_abv_Herb":null,"best_beer_Smoke":null,"best_beer_score_Smoke":null,"most_popular_beer_Smoke":null,"popularity_Smoke":null,"n_beers_Smoke":null,"avg_abv_Smoke":null,"max_abv_beer_Smoke":null,"max_abv_Smoke":null,"best_beer_Barleywine":null,"best_beer_score_Barleywine":null,"most_popular_beer_Barleywine":null,"popularity_Barleywine":null,"n_beers_Barleywine":null,"avg_abv_Barleywine":null,"max_abv_beer_Barleywine":null,"max_abv_Barleywine":null,"best_beer":"Malty","best_beer_score":3.245,"most_popular_beer":"Tuborg Red","popularity":13.0,"n_beers":5.0,"avg_abv":4.48,"max_abv_beer":"Tuborg Strong Beer (Blue) 6.9%","max_abv":6.9},{"brewery":"Alexander","city":"Emek Hefer","lat":32.3373256,"long":34.8660113,"best_beer_IPA":"Alexander Green","best_beer_score_IPA":3.2582352941,"most_popular_beer_IPA":"Alexander Green","popularity_IPA":15.0,"n_beers_IPA":1.0,"avg_abv_IPA":6.0,"max_abv_beer_IPA":"Alexander Green","max_abv_IPA":6.0,"best_beer_Ale":"Alexander Blonde","best_beer_score_Ale":3.2911111111,"most_popular_beer_Ale":"Alexander Blonde","popularity_Ale":7.0,"n_beers_Ale":2.0,"avg_abv_Ale":6.65,"max_abv_beer_Ale":"Alexander Blazer","max_abv_Ale":8.0,"best_beer_Lager":null,"best_beer_score_Lager":null,"most_popular_beer_Lager":null,"popularity_Lager":null,"n_beers_Lager":null,"avg_abv_Lager":null,"max_abv_beer_Lager":null,"max_abv_Lager":null,"best_beer_Stout":"Alexander Black","best_beer_score_Stout":3.6292592593,"most_popular_beer_Stout":"Alexander Black","popularity_Stout":25.0,"n_beers_Stout":2.0,"avg_abv_Stout":8.7,"max_abv_beer_Stout":"Alexander Imperial Stout","max_abv_Stout":10.4,"best_beer_Pilsner":null,"best_beer_score_Pilsner":null,"most_popular_beer_Pilsner":null,"popularity_Pilsner":null,"n_beers_Pilsner":null,"avg_abv_Pilsner":null,"max_abv_beer_Pilsner":null,"max_abv_Pilsner":null,"best_beer_Porter":null,"best_beer_score_Porter":null,"most_popular_beer_Porter":null,"popularity_Porter":null,"n_beers_Porter":null,"avg_abv_Porter":null,"max_abv_beer_Porter":null,"max_abv_Porter":null,"best_beer_Fruit":null,"best_beer_score_Fruit":null,"most_popular_beer_Fruit":null,"popularity_Fruit":null,"n_beers_Fruit":null,"avg_abv_Fruit":null,"max_abv_beer_Fruit":null,"max_abv_Fruit":null,"best_beer_Roggenbier":null,"best_beer_score_Roggenbier":null,"most_popular_beer_Roggenbier":null,"popularity_Roggenbier":null,"n_beers_Roggenbier":null,"avg_abv_Roggenbier":null,"max_abv_beer_Roggenbier":null,"max_abv_Roggenbier":null,"best_beer_Herb":null,"best_beer_score_Herb":null,"most_popular_beer_Herb":null,"popularity_Herb":null,"n_beers_Herb":null,"avg_abv_Herb":null,"max_abv_beer_Herb":null,"max_abv_Herb":null,"best_beer_Smoke":null,"best_beer_score_Smoke":null,"most_popular_beer_Smoke":null,"popularity_Smoke":null,"n_beers_Smoke":null,"avg_abv_Smoke":null,"max_abv_beer_Smoke":null,"max_abv_Smoke":null,"best_beer_Barleywine":null,"best_beer_score_Barleywine":null,"most_popular_beer_Barleywine":null,"popularity_Barleywine":null,"n_beers_Barleywine":null,"avg_abv_Barleywine":null,"max_abv_beer_Barleywine":null,"max_abv_Barleywine":null,"best_beer":"Alexander Black","best_beer_score":3.6292592593,"most_popular_beer":"Alexander Black","popularity":25.0,"n_beers":7.0,"avg_abv":6.7714285714,"max_abv_beer":"Alexander Imperial Stout","max_abv":10.4},{"brewery":"Mivshelet Beertzinut - Serious Brewing","city":"Ketura","lat":30.0032822,"long":35.0920289,"best_beer_IPA":null,"best_beer_score_IPA":null,"most_popular_beer_IPA":null,"popularity_IPA":null,"n_beers_IPA":null,"avg_abv_IPA":null,"max_abv_beer_IPA":null,"max_abv_IPA":null,"best_beer_Ale":"Tal HaMidbar","best_beer_score_Ale":2.82,"most_popular_beer_Ale":"Tal HaMidbar","popularity_Ale":1.0,"n_beers_Ale":2.0,"avg_abv_Ale":4.05,"max_abv_beer_Ale":"Timna","max_abv_Ale":4.3,"best_beer_Lager":null,"best_beer_score_Lager":null,"most_popular_beer_Lager":null,"popularity_Lager":null,"n_beers_Lager":null,"avg_abv_Lager":null,"max_abv_beer_Lager":null,"max_abv_Lager":null,"best_beer_Stout":null,"best_beer_score_Stout":null,"most_popular_beer_Stout":null,"popularity_Stout":null,"n_beers_Stout":null,"avg_abv_Stout":null,"max_abv_beer_Stout":null,"max_abv_Stout":null,"best_beer_Pilsner":null,"best_beer_score_Pilsner":null,"most_popular_beer_Pilsner":null,"popularity_Pilsner":null,"n_beers_Pilsner":null,"avg_abv_Pilsner":null,"max_abv_beer_Pilsner":null,"max_abv_Pilsner":null,"best_beer_Porter":null,"best_beer_score_Porter":null,"most_popular_beer_Porter":null,"popularity_Porter":null,"n_beers_Porter":null,"avg_abv_Porter":null,"max_abv_beer_Porter":null,"max_abv_Porter":null,"best_beer_Fruit":null,"best_beer_score_Fruit":null,"most_popular_beer_Fruit":null,"popularity_Fruit":null,"n_beers_Fruit":null,"avg_abv_Fruit":null,"max_abv_beer_Fruit":null,"max_abv_Fruit":null,"best_beer_Roggenbier":null,"best_beer_score_Roggenbier":null,"most_popular_beer_Roggenbier":null,"popularity_Roggenbier":null,"n_beers_Roggenbier":null,"avg_abv_Roggenbier":null,"max_abv_beer_Roggenbier":null,"max_abv_Roggenbier":null,"best_beer_Herb":null,"best_beer_score_Herb":null,"most_popular_beer_Herb":null,"popularity_Herb":null,"n_beers_Herb":null,"avg_abv_Herb":null,"max_abv_beer_Herb":null,"max_abv_Herb":null,"best_beer_Smoke":"Cool Medjool","best_beer_score_Smoke":2.7833333333,"most_popular_beer_Smoke":"Cool Medjool","popularity_Smoke":1.0,"n_beers_Smoke":1.0,"avg_abv_Smoke":6.2,"max_abv_beer_Smoke":"Cool Medjool","max_abv_Smoke":6.2,"best_beer_Barleywine":null,"best_beer_score_Barleywine":null,"most_popular_beer_Barleywine":null,"popularity_Barleywine":null,"n_beers_Barleywine":null,"avg_abv_Barleywine":null,"max_abv_beer_Barleywine":null,"max_abv_Barleywine":null,"best_beer":"Tal HaMidbar","best_beer_score":2.82,"most_popular_beer":"Cool Medjool","popularity":1.0,"n_beers":3.0,"avg_abv":4.7666666667,"max_abv_beer":"Cool Medjool","max_abv":6.2},{"brewery":"Tel-Aviv BrewHouse","city":"Tel Aviv","lat":32.08088,"long":34.78057,"best_beer_IPA":null,"best_beer_score_IPA":null,"most_popular_beer_IPA":null,"popularity_IPA":null,"n_beers_IPA":null,"avg_abv_IPA":null,"max_abv_beer_IPA":null,"max_abv_IPA":null,"best_beer_Ale":null,"best_beer_score_Ale":null,"most_popular_beer_Ale":null,"popularity_Ale":null,"n_beers_Ale":null,"avg_abv_Ale":null,"max_abv_beer_Ale":null,"max_abv_Ale":null,"best_beer_Lager":"Masters","best_beer_score_Lager":2.745,"most_popular_beer_Lager":"Moonshine","popularity_Lager":2.0,"n_beers_Lager":3.0,"avg_abv_Lager":5.6666666667,"max_abv_beer_Lager":"Masters","max_abv_Lager":7.0,"best_beer_Stout":null,"best_beer_score_Stout":null,"most_popular_beer_Stout":null,"popularity_Stout":null,"n_beers_Stout":null,"avg_abv_Stout":null,"max_abv_beer_Stout":null,"max_abv_Stout":null,"best_beer_Pilsner":null,"best_beer_score_Pilsner":null,"most_popular_beer_Pilsner":null,"popularity_Pilsner":null,"n_beers_Pilsner":null,"avg_abv_Pilsner":null,"max_abv_beer_Pilsner":null,"max_abv_Pilsner":null,"best_beer_Porter":null,"best_beer_score_Porter":null,"most_popular_beer_Porter":null,"popularity_Porter":null,"n_beers_Porter":null,"avg_abv_Porter":null,"max_abv_beer_Porter":null,"max_abv_Porter":null,"best_beer_Fruit":null,"best_beer_score_Fruit":null,"most_popular_beer_Fruit":null,"popularity_Fruit":null,"n_beers_Fruit":null,"avg_abv_Fruit":null,"max_abv_beer_Fruit":null,"max_abv_Fruit":null,"best_beer_Roggenbier":null,"best_beer_score_Roggenbier":null,"most_popular_beer_Roggenbier":null,"popularity_Roggenbier":null,"n_beers_Roggenbier":null,"avg_abv_Roggenbier":null,"max_abv_beer_Roggenbier":null,"max_abv_Roggenbier":null,"best_beer_Herb":null,"best_beer_score_Herb":null,"most_popular_beer_Herb":null,"popularity_Herb":null,"n_beers_Herb":null,"avg_abv_Herb":null,"max_abv_beer_Herb":null,"max_abv_Herb":null,"best_beer_Smoke":null,"best_beer_score_Smoke":null,"most_popular_beer_Smoke":null,"popularity_Smoke":null,"n_beers_Smoke":null,"avg_abv_Smoke":null,"max_abv_beer_Smoke":null,"max_abv_Smoke":null,"best_beer_Barleywine":null,"best_beer_score_Barleywine":null,"most_popular_beer_Barleywine":null,"popularity_Barleywine":null,"n_beers_Barleywine":null,"avg_abv_Barleywine":null,"max_abv_beer_Barleywine":null,"max_abv_Barleywine":null,"best_beer":"Masters","best_beer_score":2.745,"most_popular_beer":"Moonshine","popularity":2.0,"n_beers":3.0,"avg_abv":5.6666666667,"max_abv_beer":"Masters","max_abv":7.0},{"brewery":"Beer Bazaar \/ Mivshelet Ha\u2019Aretz","city":"Kiryat Gat","lat":31.60998,"long":34.76422,"best_beer_IPA":null,"best_beer_score_IPA":null,"most_popular_beer_IPA":null,"popularity_IPA":null,"n_beers_IPA":null,"avg_abv_IPA":null,"max_abv_beer_IPA":null,"max_abv_IPA":null,"best_beer_Ale":"Hadictator Pale","best_beer_score_Ale":2.81,"most_popular_beer_Ale":"Hadictator Pale","popularity_Ale":1.0,"n_beers_Ale":1.0,"avg_abv_Ale":5.5,"max_abv_beer_Ale":"Hadictator Pale","max_abv_Ale":5.5,"best_beer_Lager":null,"best_beer_score_Lager":null,"most_popular_beer_Lager":null,"popularity_Lager":null,"n_beers_Lager":null,"avg_abv_Lager":null,"max_abv_beer_Lager":null,"max_abv_Lager":null,"best_beer_Stout":null,"best_beer_score_Stout":null,"most_popular_beer_Stout":null,"popularity_Stout":null,"n_beers_Stout":null,"avg_abv_Stout":null,"max_abv_beer_Stout":null,"max_abv_Stout":null,"best_beer_Pilsner":null,"best_beer_score_Pilsner":null,"most_popular_beer_Pilsner":null,"popularity_Pilsner":null,"n_beers_Pilsner":null,"avg_abv_Pilsner":null,"max_abv_beer_Pilsner":null,"max_abv_Pilsner":null,"best_beer_Porter":"HaDictator Porter","best_beer_score_Porter":2.8133333333,"most_popular_beer_Porter":"HaDictator Porter","popularity_Porter":1.0,"n_beers_Porter":1.0,"avg_abv_Porter":6.4,"max_abv_beer_Porter":"HaDictator Porter","max_abv_Porter":6.4,"best_beer_Fruit":null,"best_beer_score_Fruit":null,"most_popular_beer_Fruit":null,"popularity_Fruit":null,"n_beers_Fruit":null,"avg_abv_Fruit":null,"max_abv_beer_Fruit":null,"max_abv_Fruit":null,"best_beer_Roggenbier":null,"best_beer_score_Roggenbier":null,"most_popular_beer_Roggenbier":null,"popularity_Roggenbier":null,"n_beers_Roggenbier":null,"avg_abv_Roggenbier":null,"max_abv_beer_Roggenbier":null,"max_abv_Roggenbier":null,"best_beer_Herb":null,"best_beer_score_Herb":null,"most_popular_beer_Herb":null,"popularity_Herb":null,"n_beers_Herb":null,"avg_abv_Herb":null,"max_abv_beer_Herb":null,"max_abv_Herb":null,"best_beer_Smoke":null,"best_beer_score_Smoke":null,"most_popular_beer_Smoke":null,"popularity_Smoke":null,"n_beers_Smoke":null,"avg_abv_Smoke":null,"max_abv_beer_Smoke":null,"max_abv_Smoke":null,"best_beer_Barleywine":null,"best_beer_score_Barleywine":null,"most_popular_beer_Barleywine":null,"popularity_Barleywine":null,"n_beers_Barleywine":null,"avg_abv_Barleywine":null,"max_abv_beer_Barleywine":null,"max_abv_Barleywine":null,"best_beer":"Hadictator Laphroaig","best_beer_score":2.9833333333,"most_popular_beer":"HaDictator Porter","popularity":1.0,"n_beers":3.0,"avg_abv":6.2666666667,"max_abv_beer":"Hadictator Laphroaig","max_abv":6.9},{"brewery":"Oak & Ash Brewery","city":"Tel Aviv","lat":32.08088,"long":34.78057,"best_beer_IPA":null,"best_beer_score_IPA":null,"most_popular_beer_IPA":null,"popularity_IPA":null,"n_beers_IPA":null,"avg_abv_IPA":null,"max_abv_beer_IPA":null,"max_abv_IPA":null,"best_beer_Ale":"Oak & Ash Pale Ale","best_beer_score_Ale":2.89,"most_popular_beer_Ale":"Oak & Ash Pale Ale","popularity_Ale":1.0,"n_beers_Ale":1.0,"avg_abv_Ale":5.5,"max_abv_beer_Ale":"Oak & Ash Pale Ale","max_abv_Ale":5.5,"best_beer_Lager":null,"best_beer_score_Lager":null,"most_popular_beer_Lager":null,"popularity_Lager":null,"n_beers_Lager":null,"avg_abv_Lager":null,"max_abv_beer_Lager":null,"max_abv_Lager":null,"best_beer_Stout":null,"best_beer_score_Stout":null,"most_popular_beer_Stout":null,"popularity_Stout":null,"n_beers_Stout":null,"avg_abv_Stout":null,"max_abv_beer_Stout":null,"max_abv_Stout":null,"best_beer_Pilsner":null,"best_beer_score_Pilsner":null,"most_popular_beer_Pilsner":null,"popularity_Pilsner":null,"n_beers_Pilsner":null,"avg_abv_Pilsner":null,"max_abv_beer_Pilsner":null,"max_abv_Pilsner":null,"best_beer_Porter":null,"best_beer_score_Porter":null,"most_popular_beer_Porter":null,"popularity_Porter":null,"n_beers_Porter":null,"avg_abv_Porter":null,"max_abv_beer_Porter":null,"max_abv_Porter":null,"best_beer_Fruit":null,"best_beer_score_Fruit":null,"most_popular_beer_Fruit":null,"popularity_Fruit":null,"n_beers_Fruit":null,"avg_abv_Fruit":null,"max_abv_beer_Fruit":null,"max_abv_Fruit":null,"best_beer_Roggenbier":null,"best_beer_score_Roggenbier":null,"most_popular_beer_Roggenbier":null,"popularity_Roggenbier":null,"n_beers_Roggenbier":null,"avg_abv_Roggenbier":null,"max_abv_beer_Roggenbier":null,"max_abv_Roggenbier":null,"best_beer_Herb":null,"best_beer_score_Herb":null,"most_popular_beer_Herb":null,"popularity_Herb":null,"n_beers_Herb":null,"avg_abv_Herb":null,"max_abv_beer_Herb":null,"max_abv_Herb":null,"best_beer_Smoke":null,"best_beer_score_Smoke":null,"most_popular_beer_Smoke":null,"popularity_Smoke":null,"n_beers_Smoke":null,"avg_abv_Smoke":null,"max_abv_beer_Smoke":null,"max_abv_Smoke":null,"best_beer_Barleywine":null,"best_beer_score_Barleywine":null,"most_popular_beer_Barleywine":null,"popularity_Barleywine":null,"n_beers_Barleywine":null,"avg_abv_Barleywine":null,"max_abv_beer_Barleywine":null,"max_abv_Barleywine":null,"best_beer":"Oak & Ash Pale Ale","best_beer_score":2.89,"most_popular_beer":"Oak & Ash Pale Ale","popularity":1.0,"n_beers":1.0,"avg_abv":5.5,"max_abv_beer":"Oak & Ash Pale Ale","max_abv":5.5},{"brewery":"Golan Brewery","city":"Katzrin","lat":32.99194,"long":35.69139,"best_beer_IPA":"Og Fresh Summer Ale","best_beer_score_IPA":3.1666666667,"most_popular_beer_IPA":"IPA (Hops Tralala)","popularity_IPA":1.0,"n_beers_IPA":2.0,"avg_abv_IPA":5.25,"max_abv_beer_IPA":"IPA (Hops Tralala)","max_abv_IPA":6.0,"best_beer_Ale":"Bazelet Amber Ale","best_beer_score_Ale":3.4153846154,"most_popular_beer_Ale":"Bazelet Amber Ale","popularity_Ale":11.0,"n_beers_Ale":1.0,"avg_abv_Ale":6.4,"max_abv_beer_Ale":"Bazelet Amber Ale","max_abv_Ale":6.4,"best_beer_Lager":null,"best_beer_score_Lager":null,"most_popular_beer_Lager":null,"popularity_Lager":null,"n_beers_Lager":null,"avg_abv_Lager":null,"max_abv_beer_Lager":null,"max_abv_Lager":null,"best_beer_Stout":null,"best_beer_score_Stout":null,"most_popular_beer_Stout":null,"popularity_Stout":null,"n_beers_Stout":null,"avg_abv_Stout":null,"max_abv_beer_Stout":null,"max_abv_Stout":null,"best_beer_Pilsner":"Bazelet Pilsner","best_beer_score_Pilsner":3.0372727273,"most_popular_beer_Pilsner":"Bazelet Pilsner","popularity_Pilsner":9.0,"n_beers_Pilsner":1.0,"avg_abv_Pilsner":4.9,"max_abv_beer_Pilsner":"Bazelet Pilsner","max_abv_Pilsner":4.9,"best_beer_Porter":null,"best_beer_score_Porter":null,"most_popular_beer_Porter":null,"popularity_Porter":null,"n_beers_Porter":null,"avg_abv_Porter":null,"max_abv_beer_Porter":null,"max_abv_Porter":null,"best_beer_Fruit":null,"best_beer_score_Fruit":null,"most_popular_beer_Fruit":null,"popularity_Fruit":null,"n_beers_Fruit":null,"avg_abv_Fruit":null,"max_abv_beer_Fruit":null,"max_abv_Fruit":null,"best_beer_Roggenbier":null,"best_beer_score_Roggenbier":null,"most_popular_beer_Roggenbier":null,"popularity_Roggenbier":null,"n_beers_Roggenbier":null,"avg_abv_Roggenbier":null,"max_abv_beer_Roggenbier":null,"max_abv_Roggenbier":null,"best_beer_Herb":null,"best_beer_score_Herb":null,"most_popular_beer_Herb":null,"popularity_Herb":null,"n_beers_Herb":null,"avg_abv_Herb":null,"max_abv_beer_Herb":null,"max_abv_Herb":null,"best_beer_Smoke":null,"best_beer_score_Smoke":null,"most_popular_beer_Smoke":null,"popularity_Smoke":null,"n_beers_Smoke":null,"avg_abv_Smoke":null,"max_abv_beer_Smoke":null,"max_abv_Smoke":null,"best_beer_Barleywine":null,"best_beer_score_Barleywine":null,"most_popular_beer_Barleywine":null,"popularity_Barleywine":null,"n_beers_Barleywine":null,"avg_abv_Barleywine":null,"max_abv_beer_Barleywine":null,"max_abv_Barleywine":null,"best_beer":"Bazelet Double Bock","best_beer_score":3.4218181818,"most_popular_beer":"Bazelet Double Bock","popularity":20.0,"n_beers":7.0,"avg_abv":5.7142857143,"max_abv_beer":"Bazelet Double Bock","max_abv":8.0},{"brewery":"Mosco Beer Brewery","city":"Zanuch","lat":32.08088,"long":34.78057,"best_beer_IPA":null,"best_beer_score_IPA":null,"most_popular_beer_IPA":null,"popularity_IPA":null,"n_beers_IPA":null,"avg_abv_IPA":null,"max_abv_beer_IPA":null,"max_abv_IPA":null,"best_beer_Ale":"Mosco Blond Ale","best_beer_score_Ale":2.846,"most_popular_beer_Ale":"Mosco Blond Ale","popularity_Ale":8.0,"n_beers_Ale":2.0,"avg_abv_Ale":6.0,"max_abv_beer_Ale":"Mosco Blond Ale","max_abv_Ale":6.5,"best_beer_Lager":null,"best_beer_score_Lager":null,"most_popular_beer_Lager":null,"popularity_Lager":null,"n_beers_Lager":null,"avg_abv_Lager":null,"max_abv_beer_Lager":null,"max_abv_Lager":null,"best_beer_Stout":"Mosco Stout","best_beer_score_Stout":2.7133333333,"most_popular_beer_Stout":"Mosco Stout","popularity_Stout":1.0,"n_beers_Stout":1.0,"avg_abv_Stout":4.8,"max_abv_beer_Stout":"Mosco Stout","max_abv_Stout":4.8,"best_beer_Pilsner":null,"best_beer_score_Pilsner":null,"most_popular_beer_Pilsner":null,"popularity_Pilsner":null,"n_beers_Pilsner":null,"avg_abv_Pilsner":null,"max_abv_beer_Pilsner":null,"max_abv_Pilsner":null,"best_beer_Porter":null,"best_beer_score_Porter":null,"most_popular_beer_Porter":null,"popularity_Porter":null,"n_beers_Porter":null,"avg_abv_Porter":null,"max_abv_beer_Porter":null,"max_abv_Porter":null,"best_beer_Fruit":null,"best_beer_score_Fruit":null,"most_popular_beer_Fruit":null,"popularity_Fruit":null,"n_beers_Fruit":null,"avg_abv_Fruit":null,"max_abv_beer_Fruit":null,"max_abv_Fruit":null,"best_beer_Roggenbier":null,"best_beer_score_Roggenbier":null,"most_popular_beer_Roggenbier":null,"popularity_Roggenbier":null,"n_beers_Roggenbier":null,"avg_abv_Roggenbier":null,"max_abv_beer_Roggenbier":null,"max_abv_Roggenbier":null,"best_beer_Herb":null,"best_beer_score_Herb":null,"most_popular_beer_Herb":null,"popularity_Herb":null,"n_beers_Herb":null,"avg_abv_Herb":null,"max_abv_beer_Herb":null,"max_abv_Herb":null,"best_beer_Smoke":"Mosco Smoked Beer","best_beer_score_Smoke":2.6933333333,"most_popular_beer_Smoke":"Mosco Smoked Beer","popularity_Smoke":1.0,"n_beers_Smoke":1.0,"avg_abv_Smoke":7.0,"max_abv_beer_Smoke":"Mosco Smoked Beer","max_abv_Smoke":7.0,"best_beer_Barleywine":null,"best_beer_score_Barleywine":null,"most_popular_beer_Barleywine":null,"popularity_Barleywine":null,"n_beers_Barleywine":null,"avg_abv_Barleywine":null,"max_abv_beer_Barleywine":null,"max_abv_Barleywine":null,"best_beer":"BlinderWeiss Freestyle Wheat Beer","best_beer_score":2.86,"most_popular_beer":"Mosco Blond Ale","popularity":8.0,"n_beers":5.0,"avg_abv":5.76,"max_abv_beer":"Mosco Smoked Beer","max_abv":7.0},{"brewery":"Mivshelet HaShakhen","city":"Kfar Saba","lat":32.175,"long":34.90694,"best_beer_IPA":"Pressure Drop","best_beer_score_IPA":3.4516666667,"most_popular_beer_IPA":"Pressure Drop","popularity_IPA":4.0,"n_beers_IPA":1.0,"avg_abv_IPA":6.0,"max_abv_beer_IPA":"Pressure Drop","max_abv_IPA":6.0,"best_beer_Ale":"Dark Matter NZ Green Bullet","best_beer_score_Ale":3.0825,"most_popular_beer_Ale":"Dark Matter NZ Green Bullet","popularity_Ale":2.0,"n_beers_Ale":2.0,"avg_abv_Ale":5.25,"max_abv_beer_Ale":"Dark Matter NZ Green Bullet","max_abv_Ale":5.5,"best_beer_Lager":null,"best_beer_score_Lager":null,"most_popular_beer_Lager":null,"popularity_Lager":null,"n_beers_Lager":null,"avg_abv_Lager":null,"max_abv_beer_Lager":null,"max_abv_Lager":null,"best_beer_Stout":null,"best_beer_score_Stout":null,"most_popular_beer_Stout":null,"popularity_Stout":null,"n_beers_Stout":null,"avg_abv_Stout":null,"max_abv_beer_Stout":null,"max_abv_Stout":null,"best_beer_Pilsner":null,"best_beer_score_Pilsner":null,"most_popular_beer_Pilsner":null,"popularity_Pilsner":null,"n_beers_Pilsner":null,"avg_abv_Pilsner":null,"max_abv_beer_Pilsner":null,"max_abv_Pilsner":null,"best_beer_Porter":null,"best_beer_score_Porter":null,"most_popular_beer_Porter":null,"popularity_Porter":null,"n_beers_Porter":null,"avg_abv_Porter":null,"max_abv_beer_Porter":null,"max_abv_Porter":null,"best_beer_Fruit":null,"best_beer_score_Fruit":null,"most_popular_beer_Fruit":null,"popularity_Fruit":null,"n_beers_Fruit":null,"avg_abv_Fruit":null,"max_abv_beer_Fruit":null,"max_abv_Fruit":null,"best_beer_Roggenbier":null,"best_beer_score_Roggenbier":null,"most_popular_beer_Roggenbier":null,"popularity_Roggenbier":null,"n_beers_Roggenbier":null,"avg_abv_Roggenbier":null,"max_abv_beer_Roggenbier":null,"max_abv_Roggenbier":null,"best_beer_Herb":null,"best_beer_score_Herb":null,"most_popular_beer_Herb":null,"popularity_Herb":null,"n_beers_Herb":null,"avg_abv_Herb":null,"max_abv_beer_Herb":null,"max_abv_Herb":null,"best_beer_Smoke":null,"best_beer_score_Smoke":null,"most_popular_beer_Smoke":null,"popularity_Smoke":null,"n_beers_Smoke":null,"avg_abv_Smoke":null,"max_abv_beer_Smoke":null,"max_abv_Smoke":null,"best_beer_Barleywine":null,"best_beer_score_Barleywine":null,"most_popular_beer_Barleywine":null,"popularity_Barleywine":null,"n_beers_Barleywine":null,"avg_abv_Barleywine":null,"max_abv_beer_Barleywine":null,"max_abv_Barleywine":null,"best_beer":"Pressure Drop","best_beer_score":3.4516666667,"most_popular_beer":"Pressure Drop","popularity":4.0,"n_beers":3.0,"avg_abv":5.5,"max_abv_beer":"Pressure Drop","max_abv":6.0},{"brewery":"Jean\u2019s Brewery \/ Beera Shita","city":"Arad","lat":31.25882,"long":35.21282,"best_beer_IPA":null,"best_beer_score_IPA":null,"most_popular_beer_IPA":null,"popularity_IPA":null,"n_beers_IPA":null,"avg_abv_IPA":null,"max_abv_beer_IPA":null,"max_abv_IPA":null,"best_beer_Ale":null,"best_beer_score_Ale":null,"most_popular_beer_Ale":null,"popularity_Ale":null,"n_beers_Ale":null,"avg_abv_Ale":null,"max_abv_beer_Ale":null,"max_abv_Ale":null,"best_beer_Lager":null,"best_beer_score_Lager":null,"most_popular_beer_Lager":null,"popularity_Lager":null,"n_beers_Lager":null,"avg_abv_Lager":null,"max_abv_beer_Lager":null,"max_abv_Lager":null,"best_beer_Stout":null,"best_beer_score_Stout":null,"most_popular_beer_Stout":null,"popularity_Stout":null,"n_beers_Stout":null,"avg_abv_Stout":null,"max_abv_beer_Stout":null,"max_abv_Stout":null,"best_beer_Pilsner":null,"best_beer_score_Pilsner":null,"most_popular_beer_Pilsner":null,"popularity_Pilsner":null,"n_beers_Pilsner":null,"avg_abv_Pilsner":null,"max_abv_beer_Pilsner":null,"max_abv_Pilsner":null,"best_beer_Porter":null,"best_beer_score_Porter":null,"most_popular_beer_Porter":null,"popularity_Porter":null,"n_beers_Porter":null,"avg_abv_Porter":null,"max_abv_beer_Porter":null,"max_abv_Porter":null,"best_beer_Fruit":null,"best_beer_score_Fruit":null,"most_popular_beer_Fruit":null,"popularity_Fruit":null,"n_beers_Fruit":null,"avg_abv_Fruit":null,"max_abv_beer_Fruit":null,"max_abv_Fruit":null,"best_beer_Roggenbier":null,"best_beer_score_Roggenbier":null,"most_popular_beer_Roggenbier":null,"popularity_Roggenbier":null,"n_beers_Roggenbier":null,"avg_abv_Roggenbier":null,"max_abv_beer_Roggenbier":null,"max_abv_Roggenbier":null,"best_beer_Herb":null,"best_beer_score_Herb":null,"most_popular_beer_Herb":null,"popularity_Herb":null,"n_beers_Herb":null,"avg_abv_Herb":null,"max_abv_beer_Herb":null,"max_abv_Herb":null,"best_beer_Smoke":null,"best_beer_score_Smoke":null,"most_popular_beer_Smoke":null,"popularity_Smoke":null,"n_beers_Smoke":null,"avg_abv_Smoke":null,"max_abv_beer_Smoke":null,"max_abv_Smoke":null,"best_beer_Barleywine":null,"best_beer_score_Barleywine":null,"most_popular_beer_Barleywine":null,"popularity_Barleywine":null,"n_beers_Barleywine":null,"avg_abv_Barleywine":null,"max_abv_beer_Barleywine":null,"max_abv_Barleywine":null,"best_beer":"Sheeta Weissbier","best_beer_score":2.8833333333,"most_popular_beer":"Sheeta Weissbier","popularity":1.0,"n_beers":1.0,"avg_abv":4.8,"max_abv_beer":"Sheeta Weissbier","max_abv":4.8},{"brewery":"Lela Brewing","city":"Modi'in-Maccabim-Re'ut","lat":31.9085744,"long":35.0069297,"best_beer_IPA":null,"best_beer_score_IPA":null,"most_popular_beer_IPA":null,"popularity_IPA":null,"n_beers_IPA":null,"avg_abv_IPA":null,"max_abv_beer_IPA":null,"max_abv_IPA":null,"best_beer_Ale":"Lela Admonit Hazaka","best_beer_score_Ale":2.8,"most_popular_beer_Ale":"Lela Admonit Hazaka","popularity_Ale":1.0,"n_beers_Ale":1.0,"avg_abv_Ale":5.6,"max_abv_beer_Ale":"Lela Admonit Hazaka","max_abv_Ale":5.6,"best_beer_Lager":null,"best_beer_score_Lager":null,"most_popular_beer_Lager":null,"popularity_Lager":null,"n_beers_Lager":null,"avg_abv_Lager":null,"max_abv_beer_Lager":null,"max_abv_Lager":null,"best_beer_Stout":null,"best_beer_score_Stout":null,"most_popular_beer_Stout":null,"popularity_Stout":null,"n_beers_Stout":null,"avg_abv_Stout":null,"max_abv_beer_Stout":null,"max_abv_Stout":null,"best_beer_Pilsner":null,"best_beer_score_Pilsner":null,"most_popular_beer_Pilsner":null,"popularity_Pilsner":null,"n_beers_Pilsner":null,"avg_abv_Pilsner":null,"max_abv_beer_Pilsner":null,"max_abv_Pilsner":null,"best_beer_Porter":null,"best_beer_score_Porter":null,"most_popular_beer_Porter":null,"popularity_Porter":null,"n_beers_Porter":null,"avg_abv_Porter":null,"max_abv_beer_Porter":null,"max_abv_Porter":null,"best_beer_Fruit":null,"best_beer_score_Fruit":null,"most_popular_beer_Fruit":null,"popularity_Fruit":null,"n_beers_Fruit":null,"avg_abv_Fruit":null,"max_abv_beer_Fruit":null,"max_abv_Fruit":null,"best_beer_Roggenbier":null,"best_beer_score_Roggenbier":null,"most_popular_beer_Roggenbier":null,"popularity_Roggenbier":null,"n_beers_Roggenbier":null,"avg_abv_Roggenbier":null,"max_abv_beer_Roggenbier":null,"max_abv_Roggenbier":null,"best_beer_Herb":null,"best_beer_score_Herb":null,"most_popular_beer_Herb":null,"popularity_Herb":null,"n_beers_Herb":null,"avg_abv_Herb":null,"max_abv_beer_Herb":null,"max_abv_Herb":null,"best_beer_Smoke":null,"best_beer_score_Smoke":null,"most_popular_beer_Smoke":null,"popularity_Smoke":null,"n_beers_Smoke":null,"avg_abv_Smoke":null,"max_abv_beer_Smoke":null,"max_abv_Smoke":null,"best_beer_Barleywine":null,"best_beer_score_Barleywine":null,"most_popular_beer_Barleywine":null,"popularity_Barleywine":null,"n_beers_Barleywine":null,"avg_abv_Barleywine":null,"max_abv_beer_Barleywine":null,"max_abv_Barleywine":null,"best_beer":"Lela Hita","best_beer_score":2.82,"most_popular_beer":"Lela Hita","popularity":1.0,"n_beers":2.0,"avg_abv":5.5,"max_abv_beer":"Lela Admonit Hazaka","max_abv":5.6},{"brewery":"Glen Whisk(e)y Bar","city":"Jerusalem","lat":31.76904,"long":35.21633,"best_beer_IPA":"Alexander Green","best_beer_score_IPA":2.978,"most_popular_beer_IPA":"Alexander Green","popularity_IPA":3.0,"n_beers_IPA":1.0,"avg_abv_IPA":6.0,"max_abv_beer_IPA":"Alexander Green","max_abv_IPA":6.0,"best_beer_Ale":"Alexander Green","best_beer_score_Ale":2.978,"most_popular_beer_Ale":"Alexander Green","popularity_Ale":3.0,"n_beers_Ale":1.0,"avg_abv_Ale":6.0,"max_abv_beer_Ale":"Alexander Green","max_abv_Ale":6.0,"best_beer_Lager":null,"best_beer_score_Lager":null,"most_popular_beer_Lager":null,"popularity_Lager":null,"n_beers_Lager":null,"avg_abv_Lager":null,"max_abv_beer_Lager":null,"max_abv_Lager":null,"best_beer_Stout":null,"best_beer_score_Stout":null,"most_popular_beer_Stout":null,"popularity_Stout":null,"n_beers_Stout":null,"avg_abv_Stout":null,"max_abv_beer_Stout":null,"max_abv_Stout":null,"best_beer_Pilsner":null,"best_beer_score_Pilsner":null,"most_popular_beer_Pilsner":null,"popularity_Pilsner":null,"n_beers_Pilsner":null,"avg_abv_Pilsner":null,"max_abv_beer_Pilsner":null,"max_abv_Pilsner":null,"best_beer_Porter":null,"best_beer_score_Porter":null,"most_popular_beer_Porter":null,"popularity_Porter":null,"n_beers_Porter":null,"avg_abv_Porter":null,"max_abv_beer_Porter":null,"max_abv_Porter":null,"best_beer_Fruit":null,"best_beer_score_Fruit":null,"most_popular_beer_Fruit":null,"popularity_Fruit":null,"n_beers_Fruit":null,"avg_abv_Fruit":null,"max_abv_beer_Fruit":null,"max_abv_Fruit":null,"best_beer_Roggenbier":null,"best_beer_score_Roggenbier":null,"most_popular_beer_Roggenbier":null,"popularity_Roggenbier":null,"n_beers_Roggenbier":null,"avg_abv_Roggenbier":null,"max_abv_beer_Roggenbier":null,"max_abv_Roggenbier":null,"best_beer_Herb":null,"best_beer_score_Herb":null,"most_popular_beer_Herb":null,"popularity_Herb":null,"n_beers_Herb":null,"avg_abv_Herb":null,"max_abv_beer_Herb":null,"max_abv_Herb":null,"best_beer_Smoke":null,"best_beer_score_Smoke":null,"most_popular_beer_Smoke":null,"popularity_Smoke":null,"n_beers_Smoke":null,"avg_abv_Smoke":null,"max_abv_beer_Smoke":null,"max_abv_Smoke":null,"best_beer_Barleywine":null,"best_beer_score_Barleywine":null,"most_popular_beer_Barleywine":null,"popularity_Barleywine":null,"n_beers_Barleywine":null,"avg_abv_Barleywine":null,"max_abv_beer_Barleywine":null,"max_abv_Barleywine":null,"best_beer":"Glen Draught","best_beer_score":3.332,"most_popular_beer":"Glen Draught","popularity":3.0,"n_beers":2.0,"avg_abv":6.1,"max_abv_beer":"Glen Draught","max_abv":6.2},{"brewery":"Salara","city":"Ginegar","lat":32.6642603,"long":35.2569439,"best_beer_IPA":null,"best_beer_score_IPA":null,"most_popular_beer_IPA":null,"popularity_IPA":null,"n_beers_IPA":null,"avg_abv_IPA":null,"max_abv_beer_IPA":null,"max_abv_IPA":null,"best_beer_Ale":null,"best_beer_score_Ale":null,"most_popular_beer_Ale":null,"popularity_Ale":null,"n_beers_Ale":null,"avg_abv_Ale":null,"max_abv_beer_Ale":null,"max_abv_Ale":null,"best_beer_Lager":null,"best_beer_score_Lager":null,"most_popular_beer_Lager":null,"popularity_Lager":null,"n_beers_Lager":null,"avg_abv_Lager":null,"max_abv_beer_Lager":null,"max_abv_Lager":null,"best_beer_Stout":"Salara Smoked Stout","best_beer_score_Stout":3.356,"most_popular_beer_Stout":"Salara Smoked Stout","popularity_Stout":3.0,"n_beers_Stout":1.0,"avg_abv_Stout":5.3,"max_abv_beer_Stout":"Salara Smoked Stout","max_abv_Stout":5.3,"best_beer_Pilsner":null,"best_beer_score_Pilsner":null,"most_popular_beer_Pilsner":null,"popularity_Pilsner":null,"n_beers_Pilsner":null,"avg_abv_Pilsner":null,"max_abv_beer_Pilsner":null,"max_abv_Pilsner":null,"best_beer_Porter":null,"best_beer_score_Porter":null,"most_popular_beer_Porter":null,"popularity_Porter":null,"n_beers_Porter":null,"avg_abv_Porter":null,"max_abv_beer_Porter":null,"max_abv_Porter":null,"best_beer_Fruit":null,"best_beer_score_Fruit":null,"most_popular_beer_Fruit":null,"popularity_Fruit":null,"n_beers_Fruit":null,"avg_abv_Fruit":null,"max_abv_beer_Fruit":null,"max_abv_Fruit":null,"best_beer_Roggenbier":null,"best_beer_score_Roggenbier":null,"most_popular_beer_Roggenbier":null,"popularity_Roggenbier":null,"n_beers_Roggenbier":null,"avg_abv_Roggenbier":null,"max_abv_beer_Roggenbier":null,"max_abv_Roggenbier":null,"best_beer_Herb":null,"best_beer_score_Herb":null,"most_popular_beer_Herb":null,"popularity_Herb":null,"n_beers_Herb":null,"avg_abv_Herb":null,"max_abv_beer_Herb":null,"max_abv_Herb":null,"best_beer_Smoke":null,"best_beer_score_Smoke":null,"most_popular_beer_Smoke":null,"popularity_Smoke":null,"n_beers_Smoke":null,"avg_abv_Smoke":null,"max_abv_beer_Smoke":null,"max_abv_Smoke":null,"best_beer_Barleywine":null,"best_beer_score_Barleywine":null,"most_popular_beer_Barleywine":null,"popularity_Barleywine":null,"n_beers_Barleywine":null,"avg_abv_Barleywine":null,"max_abv_beer_Barleywine":null,"max_abv_Barleywine":null,"best_beer":"Salara Smoked Stout","best_beer_score":3.356,"most_popular_beer":"Salara Smoked Stout","popularity":3.0,"n_beers":1.0,"avg_abv":5.3,"max_abv_beer":"Salara Smoked Stout","max_abv":5.3}]