[{"brewery":"Okell & Sons Ltd","city":"Douglas","lat":54.15,"long":-4.48333,"best_beer_IPA":"Okell's IPA","best_beer_score_IPA":3.61,"most_popular_beer_IPA":"Okell's IPA","popularity_IPA":20.0,"n_beers_IPA":1.0,"avg_abv_IPA":4.5,"max_abv_beer_IPA":"Okell's IPA","max_abv_IPA":4.5,"best_beer_Ale":"Okell's IPA","best_beer_score_Ale":3.61,"most_popular_beer_Ale":"Okell's IPA","popularity_Ale":20.0,"n_beers_Ale":5.0,"avg_abv_Ale":4.5,"max_abv_beer_Ale":"1907","max_abv_Ale":6.1,"best_beer_Lager":"Steam","best_beer_score_Lager":2.9166666667,"most_popular_beer_Lager":"Steam","popularity_Lager":1.0,"n_beers_Lager":1.0,"avg_abv_Lager":5.0,"max_abv_beer_Lager":"Steam","max_abv_Lager":5.0,"best_beer_Stout":null,"best_beer_score_Stout":null,"most_popular_beer_Stout":null,"popularity_Stout":null,"n_beers_Stout":null,"avg_abv_Stout":null,"max_abv_beer_Stout":null,"max_abv_Stout":null,"best_beer_Pilsner":null,"best_beer_score_Pilsner":null,"most_popular_beer_Pilsner":null,"popularity_Pilsner":null,"n_beers_Pilsner":null,"avg_abv_Pilsner":null,"max_abv_beer_Pilsner":null,"max_abv_Pilsner":null,"best_beer_Porter":"Aile Smoked Celtic Porter","best_beer_score_Porter":3.5216666667,"most_popular_beer_Porter":"Aile Smoked Celtic Porter","popularity_Porter":10.0,"n_beers_Porter":2.0,"avg_abv_Porter":4.65,"max_abv_beer_Porter":"Aile Smoked Celtic Porter","max_abv_Porter":4.7,"best_beer_Fruit":null,"best_beer_score_Fruit":null,"most_popular_beer_Fruit":null,"popularity_Fruit":null,"n_beers_Fruit":null,"avg_abv_Fruit":null,"max_abv_beer_Fruit":null,"max_abv_Fruit":null,"best_beer_Roggenbier":null,"best_beer_score_Roggenbier":null,"most_popular_beer_Roggenbier":null,"popularity_Roggenbier":null,"n_beers_Roggenbier":null,"avg_abv_Roggenbier":null,"max_abv_beer_Roggenbier":null,"max_abv_Roggenbier":null,"best_beer_Herb":null,"best_beer_score_Herb":null,"most_popular_beer_Herb":null,"popularity_Herb":null,"n_beers_Herb":null,"avg_abv_Herb":null,"max_abv_beer_Herb":null,"max_abv_Herb":null,"best_beer_Smoke":null,"best_beer_score_Smoke":null,"most_popular_beer_Smoke":null,"popularity_Smoke":null,"n_beers_Smoke":null,"avg_abv_Smoke":null,"max_abv_beer_Smoke":null,"max_abv_Smoke":null,"best_beer_Barleywine":null,"best_beer_score_Barleywine":null,"most_popular_beer_Barleywine":null,"popularity_Barleywine":null,"n_beers_Barleywine":null,"avg_abv_Barleywine":null,"max_abv_beer_Barleywine":null,"max_abv_Barleywine":null,"best_beer":"Okell's IPA","best_beer_score":3.61,"most_popular_beer":"Okell's IPA","popularity":20.0,"n_beers":14.0,"avg_abv":4.5214285714,"max_abv_beer":"1907","max_abv":6.1},{"brewery":"Bushy's (Mount Brewing Company Ltd)","city":"Braddan","lat":54.16667,"long":-4.51667,"best_beer_IPA":"Shuttleworth Snap","best_beer_score_IPA":2.75,"most_popular_beer_IPA":"Shuttleworth Snap","popularity_IPA":1.0,"n_beers_IPA":1.0,"avg_abv_IPA":4.0,"max_abv_beer_IPA":"Shuttleworth Snap","max_abv_IPA":4.0,"best_beer_Ale":"Gibraltar Barbary Beer","best_beer_score_Ale":3.088,"most_popular_beer_Ale":"Ruby (1874) Mild","popularity_Ale":3.0,"n_beers_Ale":7.0,"avg_abv_Ale":4.1857142857,"max_abv_beer_Ale":"Piston Brew","max_abv_Ale":4.5,"best_beer_Lager":null,"best_beer_score_Lager":null,"most_popular_beer_Lager":null,"popularity_Lager":null,"n_beers_Lager":null,"avg_abv_Lager":null,"max_abv_beer_Lager":null,"max_abv_Lager":null,"best_beer_Stout":null,"best_beer_score_Stout":null,"most_popular_beer_Stout":null,"popularity_Stout":null,"n_beers_Stout":1.0,"avg_abv_Stout":4.2,"max_abv_beer_Stout":"Oyster Stout","max_abv_Stout":4.2,"best_beer_Pilsner":null,"best_beer_score_Pilsner":null,"most_popular_beer_Pilsner":null,"popularity_Pilsner":null,"n_beers_Pilsner":null,"avg_abv_Pilsner":null,"max_abv_beer_Pilsner":null,"max_abv_Pilsner":null,"best_beer_Porter":null,"best_beer_score_Porter":null,"most_popular_beer_Porter":null,"popularity_Porter":null,"n_beers_Porter":null,"avg_abv_Porter":null,"max_abv_beer_Porter":null,"max_abv_Porter":null,"best_beer_Fruit":null,"best_beer_score_Fruit":null,"most_popular_beer_Fruit":null,"popularity_Fruit":null,"n_beers_Fruit":null,"avg_abv_Fruit":null,"max_abv_beer_Fruit":null,"max_abv_Fruit":null,"best_beer_Roggenbier":null,"best_beer_score_Roggenbier":null,"most_popular_beer_Roggenbier":null,"popularity_Roggenbier":null,"n_beers_Roggenbier":null,"avg_abv_Roggenbier":null,"max_abv_beer_Roggenbier":null,"max_abv_Roggenbier":null,"best_beer_Herb":null,"best_beer_score_Herb":null,"most_popular_beer_Herb":null,"popularity_Herb":null,"n_beers_Herb":null,"avg_abv_Herb":null,"max_abv_beer_Herb":null,"max_abv_Herb":null,"best_beer_Smoke":null,"best_beer_score_Smoke":null,"most_popular_beer_Smoke":null,"popularity_Smoke":null,"n_beers_Smoke":null,"avg_abv_Smoke":null,"max_abv_beer_Smoke":null,"max_abv_Smoke":null,"best_beer_Barleywine":null,"best_beer_score_Barleywine":null,"most_popular_beer_Barleywine":null,"popularity_Barleywine":null,"n_beers_Barleywine":null,"avg_abv_Barleywine":null,"max_abv_beer_Barleywine":null,"max_abv_Barleywine":null,"best_beer":"Gibraltar Barbary Beer","best_beer_score":3.088,"most_popular_beer":"Ruby (1874) Mild","popularity":3.0,"n_beers":13.0,"avg_abv":4.1538461538,"max_abv_beer":"Lovely Jubbly Winter Ale","max_abv":5.2},{"brewery":"Doghouse Brewery","city":"Jurby","lat":54.35941,"long":-4.52199,"best_beer_IPA":null,"best_beer_score_IPA":null,"most_popular_beer_IPA":null,"popularity_IPA":null,"n_beers_IPA":1.0,"avg_abv_IPA":5.0,"max_abv_beer_IPA":"Dark IPA","max_abv_IPA":5.0,"best_beer_Ale":"Pale Ale","best_beer_score_Ale":2.9166666667,"most_popular_beer_Ale":"Pale Ale","popularity_Ale":1.0,"n_beers_Ale":4.0,"avg_abv_Ale":4.375,"max_abv_beer_Ale":"Dark IPA","max_abv_Ale":5.0,"best_beer_Lager":null,"best_beer_score_Lager":null,"most_popular_beer_Lager":null,"popularity_Lager":null,"n_beers_Lager":null,"avg_abv_Lager":null,"max_abv_beer_Lager":null,"max_abv_Lager":null,"best_beer_Stout":null,"best_beer_score_Stout":null,"most_popular_beer_Stout":null,"popularity_Stout":null,"n_beers_Stout":null,"avg_abv_Stout":null,"max_abv_beer_Stout":null,"max_abv_Stout":null,"best_beer_Pilsner":null,"best_beer_score_Pilsner":null,"most_popular_beer_Pilsner":null,"popularity_Pilsner":null,"n_beers_Pilsner":null,"avg_abv_Pilsner":null,"max_abv_beer_Pilsner":null,"max_abv_Pilsner":null,"best_beer_Porter":null,"best_beer_score_Porter":null,"most_popular_beer_Porter":null,"popularity_Porter":null,"n_beers_Porter":null,"avg_abv_Porter":null,"max_abv_beer_Porter":null,"max_abv_Porter":null,"best_beer_Fruit":null,"best_beer_score_Fruit":null,"most_popular_beer_Fruit":null,"popularity_Fruit":null,"n_beers_Fruit":null,"avg_abv_Fruit":null,"max_abv_beer_Fruit":null,"max_abv_Fruit":null,"best_beer_Roggenbier":null,"best_beer_score_Roggenbier":null,"most_popular_beer_Roggenbier":null,"popularity_Roggenbier":null,"n_beers_Roggenbier":null,"avg_abv_Roggenbier":null,"max_abv_beer_Roggenbier":null,"max_abv_Roggenbier":null,"best_beer_Herb":null,"best_beer_score_Herb":null,"most_popular_beer_Herb":null,"popularity_Herb":null,"n_beers_Herb":null,"avg_abv_Herb":null,"max_abv_beer_Herb":null,"max_abv_Herb":null,"best_beer_Smoke":null,"best_beer_score_Smoke":null,"most_popular_beer_Smoke":null,"popularity_Smoke":null,"n_beers_Smoke":null,"avg_abv_Smoke":null,"max_abv_beer_Smoke":null,"max_abv_Smoke":null,"best_beer_Barleywine":null,"best_beer_score_Barleywine":null,"most_popular_beer_Barleywine":null,"popularity_Barleywine":null,"n_beers_Barleywine":null,"avg_abv_Barleywine":null,"max_abv_beer_Barleywine":null,"max_abv_Barleywine":null,"best_beer":"Pale Ale","best_beer_score":2.9166666667,"most_popular_beer":"Pale Ale","popularity":1.0,"n_beers":5.0,"avg_abv":4.3,"max_abv_beer":"Dark IPA","max_abv":5.0},{"brewery":"Hooded Ram Brewing Company","city":"Douglas","lat":54.15,"long":-4.48333,"best_beer_IPA":"Little King Louis","best_beer_score_IPA":2.7266666667,"most_popular_beer_IPA":"Little King Louis","popularity_IPA":1.0,"n_beers_IPA":1.0,"avg_abv_IPA":6.5,"max_abv_beer_IPA":"Little King Louis","max_abv_IPA":6.5,"best_beer_Ale":"Mosaic","best_beer_score_Ale":3.0166666667,"most_popular_beer_Ale":"Mosaic","popularity_Ale":1.0,"n_beers_Ale":1.0,"avg_abv_Ale":5.0,"max_abv_beer_Ale":"Mosaic","max_abv_Ale":5.0,"best_beer_Lager":null,"best_beer_score_Lager":null,"most_popular_beer_Lager":null,"popularity_Lager":null,"n_beers_Lager":null,"avg_abv_Lager":null,"max_abv_beer_Lager":null,"max_abv_Lager":null,"best_beer_Stout":null,"best_beer_score_Stout":null,"most_popular_beer_Stout":null,"popularity_Stout":null,"n_beers_Stout":null,"avg_abv_Stout":null,"max_abv_beer_Stout":null,"max_abv_Stout":null,"best_beer_Pilsner":null,"best_beer_score_Pilsner":null,"most_popular_beer_Pilsner":null,"popularity_Pilsner":null,"n_beers_Pilsner":null,"avg_abv_Pilsner":null,"max_abv_beer_Pilsner":null,"max_abv_Pilsner":null,"best_beer_Porter":null,"best_beer_score_Porter":null,"most_popular_beer_Porter":null,"popularity_Porter":null,"n_beers_Porter":null,"avg_abv_Porter":null,"max_abv_beer_Porter":null,"max_abv_Porter":null,"best_beer_Fruit":null,"best_beer_score_Fruit":null,"most_popular_beer_Fruit":null,"popularity_Fruit":null,"n_beers_Fruit":null,"avg_abv_Fruit":null,"max_abv_beer_Fruit":null,"max_abv_Fruit":null,"best_beer_Roggenbier":null,"best_beer_score_Roggenbier":null,"most_popular_beer_Roggenbier":null,"popularity_Roggenbier":null,"n_beers_Roggenbier":null,"avg_abv_Roggenbier":null,"max_abv_beer_Roggenbier":null,"max_abv_Roggenbier":null,"best_beer_Herb":null,"best_beer_score_Herb":null,"most_popular_beer_Herb":null,"popularity_Herb":null,"n_beers_Herb":null,"avg_abv_Herb":null,"max_abv_beer_Herb":null,"max_abv_Herb":null,"best_beer_Smoke":null,"best_beer_score_Smoke":null,"most_popular_beer_Smoke":null,"popularity_Smoke":null,"n_beers_Smoke":null,"avg_abv_Smoke":null,"max_abv_beer_Smoke":null,"max_abv_Smoke":null,"best_beer_Barleywine":null,"best_beer_score_Barleywine":null,"most_popular_beer_Barleywine":null,"popularity_Barleywine":null,"n_beers_Barleywine":null,"avg_abv_Barleywine":null,"max_abv_beer_Barleywine":null,"max_abv_Barleywine":null,"best_beer":"Mosaic","best_beer_score":3.0166666667,"most_popular_beer":"Mosaic","popularity":1.0,"n_beers":3.0,"avg_abv":5.0666666667,"max_abv_beer":"Little King Louis","max_abv":6.5},{"brewery":"Old Laxey Brewery","city":"Old Laxey","lat":54.2317956,"long":-4.4056513,"best_beer_IPA":null,"best_beer_score_IPA":null,"most_popular_beer_IPA":null,"popularity_IPA":null,"n_beers_IPA":null,"avg_abv_IPA":null,"max_abv_beer_IPA":null,"max_abv_IPA":null,"best_beer_Ale":null,"best_beer_score_Ale":null,"most_popular_beer_Ale":null,"popularity_Ale":null,"n_beers_Ale":null,"avg_abv_Ale":null,"max_abv_beer_Ale":null,"max_abv_Ale":null,"best_beer_Lager":null,"best_beer_score_Lager":null,"most_popular_beer_Lager":null,"popularity_Lager":null,"n_beers_Lager":null,"avg_abv_Lager":null,"max_abv_beer_Lager":null,"max_abv_Lager":null,"best_beer_Stout":null,"best_beer_score_Stout":null,"most_popular_beer_Stout":null,"popularity_Stout":null,"n_beers_Stout":null,"avg_abv_Stout":null,"max_abv_beer_Stout":null,"max_abv_Stout":null,"best_beer_Pilsner":null,"best_beer_score_Pilsner":null,"most_popular_beer_Pilsner":null,"popularity_Pilsner":null,"n_beers_Pilsner":null,"avg_abv_Pilsner":null,"max_abv_beer_Pilsner":null,"max_abv_Pilsner":null,"best_beer_Porter":null,"best_beer_score_Porter":null,"most_popular_beer_Porter":null,"popularity_Porter":null,"n_beers_Porter":null,"avg_abv_Porter":null,"max_abv_beer_Porter":null,"max_abv_Porter":null,"best_beer_Fruit":null,"best_beer_score_Fruit":null,"most_popular_beer_Fruit":null,"popularity_Fruit":null,"n_beers_Fruit":null,"avg_abv_Fruit":null,"max_abv_beer_Fruit":null,"max_abv_Fruit":null,"best_beer_Roggenbier":null,"best_beer_score_Roggenbier":null,"most_popular_beer_Roggenbier":null,"popularity_Roggenbier":null,"n_beers_Roggenbier":null,"avg_abv_Roggenbier":null,"max_abv_beer_Roggenbier":null,"max_abv_Roggenbier":null,"best_beer_Herb":null,"best_beer_score_Herb":null,"most_popular_beer_Herb":null,"popularity_Herb":null,"n_beers_Herb":null,"avg_abv_Herb":null,"max_abv_beer_Herb":null,"max_abv_Herb":null,"best_beer_Smoke":null,"best_beer_score_Smoke":null,"most_popular_beer_Smoke":null,"popularity_Smoke":null,"n_beers_Smoke":null,"avg_abv_Smoke":null,"max_abv_beer_Smoke":null,"max_abv_Smoke":null,"best_beer_Barleywine":null,"best_beer_score_Barleywine":null,"most_popular_beer_Barleywine":null,"popularity_Barleywine":null,"n_beers_Barleywine":null,"avg_abv_Barleywine":null,"max_abv_beer_Barleywine":null,"max_abv_Barleywine":null,"best_beer":"Bosun Bitter","best_beer_score":2.75,"most_popular_beer":"Bosun Bitter","popularity":1.0,"n_beers":1.0,"avg_abv":3.8,"max_abv_beer":"Bosun Bitter","max_abv":3.8}]