[{"brewery":"Borg Bruggh\u00fas","city":"Reykjav\u00edk","lat":64.13548,"long":-21.89541,"best_beer_IPA":"\u00dalfur IPA Nr. 3","best_beer_score_IPA":3.9105970149,"most_popular_beer_IPA":"\u00dalfur IPA Nr. 3","popularity_IPA":65.0,"n_beers_IPA":7.0,"avg_abv_IPA":6.8142857143,"max_abv_beer_IPA":"\u00dalfur Double IPA Nr. 17","max_abv_IPA":9.0,"best_beer_Ale":"Hrefna Nr.40","best_beer_score_Ale":3.36,"most_popular_beer_Ale":"Hrefna Nr.40","popularity_Ale":3.0,"n_beers_Ale":16.0,"avg_abv_Ale":6.475,"max_abv_beer_Ale":"Hrefna Nr.40.1","max_abv_Ale":11.0,"best_beer_Lager":null,"best_beer_score_Lager":null,"most_popular_beer_Lager":null,"popularity_Lager":null,"n_beers_Lager":1.0,"avg_abv_Lager":4.6,"max_abv_beer_Lager":"Rumputuski Nr. 53","max_abv_Lager":4.6,"best_beer_Stout":"Gar\u00fan Icelandic Stout NR.19","best_beer_score_Stout":4.2516086957,"most_popular_beer_Stout":"Gar\u00fan Icelandic Stout NR.19","popularity_Stout":228.0,"n_beers_Stout":20.0,"avg_abv_Stout":12.325,"max_abv_beer_Stout":"Gar\u00fan Nr. 19.2","max_abv_Stout":21.0,"best_beer_Pilsner":"Br\u00ed\u00f3 Nr. 1","best_beer_score_Pilsner":3.3714285714,"most_popular_beer_Pilsner":"Br\u00ed\u00f3 Nr. 1","popularity_Pilsner":40.0,"n_beers_Pilsner":1.0,"avg_abv_Pilsner":4.5,"max_abv_beer_Pilsner":"Br\u00ed\u00f3 Nr. 1","max_abv_Pilsner":4.5,"best_beer_Porter":"Myrkvi Porter NR.13","best_beer_score_Porter":3.7536363636,"most_popular_beer_Porter":"Myrkvi Porter NR.13","popularity_Porter":42.0,"n_beers_Porter":3.0,"avg_abv_Porter":8.2666666667,"max_abv_beer_Porter":"Hur\u00f0askellir Nr.54","max_abv_Porter":11.5,"best_beer_Fruit":null,"best_beer_score_Fruit":null,"most_popular_beer_Fruit":null,"popularity_Fruit":null,"n_beers_Fruit":null,"avg_abv_Fruit":null,"max_abv_beer_Fruit":null,"max_abv_Fruit":null,"best_beer_Roggenbier":null,"best_beer_score_Roggenbier":null,"most_popular_beer_Roggenbier":null,"popularity_Roggenbier":null,"n_beers_Roggenbier":null,"avg_abv_Roggenbier":null,"max_abv_beer_Roggenbier":null,"max_abv_Roggenbier":null,"best_beer_Herb":"Snorri Nr. 10","best_beer_score_Herb":3.6073913043,"most_popular_beer_Herb":"Snorri Nr. 10","popularity_Herb":21.0,"n_beers_Herb":2.0,"avg_abv_Herb":5.3,"max_abv_beer_Herb":"Snorri Nr.10","max_abv_Herb":5.3,"best_beer_Smoke":"Fenrir Ta\u00f0reyktur IPA Nr. 26","best_beer_score_Smoke":2.9935714286,"most_popular_beer_Smoke":"Fenrir Ta\u00f0reyktur IPA Nr. 26","popularity_Smoke":12.0,"n_beers_Smoke":1.0,"avg_abv_Smoke":6.0,"max_abv_beer_Smoke":"Fenrir Ta\u00f0reyktur IPA Nr. 26","max_abv_Smoke":6.0,"best_beer_Barleywine":"Gilijaguar Barleywine NR. 14","best_beer_score_Barleywine":3.595,"most_popular_beer_Barleywine":"Gilijaguar Barleywine NR. 14","popularity_Barleywine":6.0,"n_beers_Barleywine":1.0,"avg_abv_Barleywine":10.0,"max_abv_beer_Barleywine":"Gilijaguar Barleywine NR. 14","max_abv_Barleywine":10.0,"best_beer":"Gar\u00fan Icelandic Stout NR.19","best_beer_score":4.2516086957,"most_popular_beer":"Gar\u00fan Icelandic Stout NR.19","popularity":228.0,"n_beers":57.0,"avg_abv":8.8,"max_abv_beer":"Gar\u00fan Nr. 19.2","max_abv":21.0},{"brewery":"Viking Brewery - Vifilfell Ltd.","city":"Akureyri","lat":65.68353,"long":-18.0878,"best_beer_IPA":"Viking Red IPA","best_beer_score_IPA":2.73,"most_popular_beer_IPA":"Viking Red IPA","popularity_IPA":1.0,"n_beers_IPA":1.0,"avg_abv_IPA":6.1,"max_abv_beer_IPA":"Viking Red IPA","max_abv_IPA":6.1,"best_beer_Ale":"\u00cdslenski Barinn H\u00f9sbj\u00f2r","best_beer_score_Ale":2.8066666667,"most_popular_beer_Ale":"Viking English Pale Ale","popularity_Ale":3.0,"n_beers_Ale":2.0,"avg_abv_Ale":4.4,"max_abv_beer_Ale":"Viking English Pale Ale","max_abv_Ale":4.8,"best_beer_Lager":"Viking Classic","best_beer_score_Lager":3.0937037037,"most_popular_beer_Lager":"V\u00edking Lager","popularity_Lager":47.0,"n_beers_Lager":10.0,"avg_abv_Lager":5.12,"max_abv_beer_Lager":"V\u00edking Sterkur","max_abv_Lager":7.0,"best_beer_Stout":"Viking Stout","best_beer_score_Stout":3.5594736842,"most_popular_beer_Stout":"Black Death","popularity_Stout":24.0,"n_beers_Stout":3.0,"avg_abv_Stout":5.8,"max_abv_beer_Stout":"Black Death","max_abv_Stout":5.8,"best_beer_Pilsner":"Islenskur \u00darvals Pils Organic","best_beer_score_Pilsner":3.1175,"most_popular_beer_Pilsner":"Islenskur \u00darvals Pils Organic","popularity_Pilsner":10.0,"n_beers_Pilsner":1.0,"avg_abv_Pilsner":5.0,"max_abv_beer_Pilsner":"Islenskur \u00darvals Pils Organic","max_abv_Pilsner":5.0,"best_beer_Porter":null,"best_beer_score_Porter":null,"most_popular_beer_Porter":null,"popularity_Porter":null,"n_beers_Porter":null,"avg_abv_Porter":null,"max_abv_beer_Porter":null,"max_abv_Porter":null,"best_beer_Fruit":"Viking Sumar\u00f6l","best_beer_score_Fruit":3.514,"most_popular_beer_Fruit":"Viking Sumar\u00f6l","popularity_Fruit":3.0,"n_beers_Fruit":1.0,"avg_abv_Fruit":5.0,"max_abv_beer_Fruit":"Viking Sumar\u00f6l","max_abv_Fruit":5.0,"best_beer_Roggenbier":null,"best_beer_score_Roggenbier":null,"most_popular_beer_Roggenbier":null,"popularity_Roggenbier":null,"n_beers_Roggenbier":null,"avg_abv_Roggenbier":null,"max_abv_beer_Roggenbier":null,"max_abv_Roggenbier":null,"best_beer_Herb":null,"best_beer_score_Herb":null,"most_popular_beer_Herb":null,"popularity_Herb":null,"n_beers_Herb":null,"avg_abv_Herb":null,"max_abv_beer_Herb":null,"max_abv_Herb":null,"best_beer_Smoke":null,"best_beer_score_Smoke":null,"most_popular_beer_Smoke":null,"popularity_Smoke":null,"n_beers_Smoke":null,"avg_abv_Smoke":null,"max_abv_beer_Smoke":null,"max_abv_Smoke":null,"best_beer_Barleywine":null,"best_beer_score_Barleywine":null,"most_popular_beer_Barleywine":null,"popularity_Barleywine":null,"n_beers_Barleywine":null,"avg_abv_Barleywine":null,"max_abv_beer_Barleywine":null,"max_abv_Barleywine":null,"best_beer":"Viking Stout","best_beer_score":3.5594736842,"most_popular_beer":"V\u00edking Lager","popularity":47.0,"n_beers":22.0,"avg_abv":5.0795454545,"max_abv_beer":"V\u00edking Sterkur","max_abv":7.0},{"brewery":"G\u00e6\u00f0ingur \u00d6l","city":"Sau\u00f0\u00e1rkr\u00f3ki","lat":65.74611,"long":-19.63944,"best_beer_IPA":"Tumi Humall IPA","best_beer_score_IPA":3.7086363636,"most_popular_beer_IPA":"Tumi Humall IPA","popularity_IPA":20.0,"n_beers_IPA":4.0,"avg_abv_IPA":8.075,"max_abv_beer_IPA":"Fulltr\u00fai Syslumanns DIPA","max_abv_IPA":10.0,"best_beer_Ale":"Pale Ale","best_beer_score_Ale":3.4273333333,"most_popular_beer_Ale":"Pale Ale","popularity_Ale":13.0,"n_beers_Ale":6.0,"avg_abv_Ale":5.0333333333,"max_abv_beer_Ale":"\u00deorrabj\u00f3r (2016)","max_abv_Ale":5.6,"best_beer_Lager":"Saga Parag\u00faay","best_beer_score_Lager":3.0,"most_popular_beer_Lager":"Saga Parag\u00faay","popularity_Lager":1.0,"n_beers_Lager":4.0,"avg_abv_Lager":4.825,"max_abv_beer_Lager":"Micro","max_abv_Lager":5.0,"best_beer_Stout":"Stout","best_beer_score_Stout":3.604137931,"most_popular_beer_Stout":"Stout","popularity_Stout":27.0,"n_beers_Stout":1.0,"avg_abv_Stout":5.6,"max_abv_beer_Stout":"Stout","max_abv_Stout":5.6,"best_beer_Pilsner":null,"best_beer_score_Pilsner":null,"most_popular_beer_Pilsner":null,"popularity_Pilsner":null,"n_beers_Pilsner":null,"avg_abv_Pilsner":null,"max_abv_beer_Pilsner":null,"max_abv_Pilsner":null,"best_beer_Porter":null,"best_beer_score_Porter":null,"most_popular_beer_Porter":null,"popularity_Porter":null,"n_beers_Porter":null,"avg_abv_Porter":null,"max_abv_beer_Porter":null,"max_abv_Porter":null,"best_beer_Fruit":null,"best_beer_score_Fruit":null,"most_popular_beer_Fruit":null,"popularity_Fruit":null,"n_beers_Fruit":null,"avg_abv_Fruit":null,"max_abv_beer_Fruit":null,"max_abv_Fruit":null,"best_beer_Roggenbier":null,"best_beer_score_Roggenbier":null,"most_popular_beer_Roggenbier":null,"popularity_Roggenbier":null,"n_beers_Roggenbier":null,"avg_abv_Roggenbier":null,"max_abv_beer_Roggenbier":null,"max_abv_Roggenbier":null,"best_beer_Herb":null,"best_beer_score_Herb":null,"most_popular_beer_Herb":null,"popularity_Herb":null,"n_beers_Herb":null,"avg_abv_Herb":null,"max_abv_beer_Herb":null,"max_abv_Herb":null,"best_beer_Smoke":null,"best_beer_score_Smoke":null,"most_popular_beer_Smoke":null,"popularity_Smoke":null,"n_beers_Smoke":null,"avg_abv_Smoke":null,"max_abv_beer_Smoke":null,"max_abv_Smoke":null,"best_beer_Barleywine":null,"best_beer_score_Barleywine":null,"most_popular_beer_Barleywine":null,"popularity_Barleywine":null,"n_beers_Barleywine":null,"avg_abv_Barleywine":null,"max_abv_beer_Barleywine":null,"max_abv_Barleywine":null,"best_beer":"Tumi Humall IPA","best_beer_score":3.7086363636,"most_popular_beer":"Stout","popularity":27.0,"n_beers":19.0,"avg_abv":5.7,"max_abv_beer":"Fulltr\u00fai Syslumanns DIPA","max_abv":10.0},{"brewery":"\u00d6lger\u00f0in Egill Skallagr\u00edmsson","city":"Reykjav\u00edk","lat":64.13548,"long":-21.89541,"best_beer_IPA":null,"best_beer_score_IPA":null,"most_popular_beer_IPA":null,"popularity_IPA":null,"n_beers_IPA":null,"avg_abv_IPA":null,"max_abv_beer_IPA":null,"max_abv_IPA":null,"best_beer_Ale":null,"best_beer_score_Ale":null,"most_popular_beer_Ale":null,"popularity_Ale":null,"n_beers_Ale":null,"avg_abv_Ale":null,"max_abv_beer_Ale":null,"max_abv_Ale":null,"best_beer_Lager":"Malt J\u00f3labj\u00f3r","best_beer_score_Lager":3.0875,"most_popular_beer_Lager":"Gull","popularity_Lager":80.0,"n_beers_Lager":13.0,"avg_abv_Lager":5.2615384615,"max_abv_beer_Lager":"Sterkur","max_abv_Lager":6.2,"best_beer_Stout":null,"best_beer_score_Stout":null,"most_popular_beer_Stout":null,"popularity_Stout":null,"n_beers_Stout":null,"avg_abv_Stout":null,"max_abv_beer_Stout":null,"max_abv_Stout":null,"best_beer_Pilsner":null,"best_beer_score_Pilsner":null,"most_popular_beer_Pilsner":null,"popularity_Pilsner":null,"n_beers_Pilsner":null,"avg_abv_Pilsner":null,"max_abv_beer_Pilsner":null,"max_abv_Pilsner":null,"best_beer_Porter":null,"best_beer_score_Porter":null,"most_popular_beer_Porter":null,"popularity_Porter":null,"n_beers_Porter":null,"avg_abv_Porter":null,"max_abv_beer_Porter":null,"max_abv_Porter":null,"best_beer_Fruit":null,"best_beer_score_Fruit":null,"most_popular_beer_Fruit":null,"popularity_Fruit":null,"n_beers_Fruit":null,"avg_abv_Fruit":null,"max_abv_beer_Fruit":null,"max_abv_Fruit":null,"best_beer_Roggenbier":null,"best_beer_score_Roggenbier":null,"most_popular_beer_Roggenbier":null,"popularity_Roggenbier":null,"n_beers_Roggenbier":null,"avg_abv_Roggenbier":null,"max_abv_beer_Roggenbier":null,"max_abv_Roggenbier":null,"best_beer_Herb":null,"best_beer_score_Herb":null,"most_popular_beer_Herb":null,"popularity_Herb":null,"n_beers_Herb":null,"avg_abv_Herb":null,"max_abv_beer_Herb":null,"max_abv_Herb":null,"best_beer_Smoke":null,"best_beer_score_Smoke":null,"most_popular_beer_Smoke":null,"popularity_Smoke":null,"n_beers_Smoke":null,"avg_abv_Smoke":null,"max_abv_beer_Smoke":null,"max_abv_Smoke":null,"best_beer_Barleywine":null,"best_beer_score_Barleywine":null,"most_popular_beer_Barleywine":null,"popularity_Barleywine":null,"n_beers_Barleywine":null,"avg_abv_Barleywine":null,"max_abv_beer_Barleywine":null,"max_abv_Barleywine":null,"best_beer":"Malt J\u00f3labj\u00f3r","best_beer_score":3.0875,"most_popular_beer":"Gull","popularity":80.0,"n_beers":16.0,"avg_abv":5.1375,"max_abv_beer":"Boli Doppelbock","max_abv":7.5},{"brewery":"Bruggh\u00fas Ste\u00f0ja","city":"Borgarnes","lat":64.53834,"long":-21.92064,"best_beer_IPA":null,"best_beer_score_IPA":null,"most_popular_beer_IPA":null,"popularity_IPA":null,"n_beers_IPA":null,"avg_abv_IPA":null,"max_abv_beer_IPA":null,"max_abv_IPA":null,"best_beer_Ale":null,"best_beer_score_Ale":null,"most_popular_beer_Ale":null,"popularity_Ale":null,"n_beers_Ale":null,"avg_abv_Ale":null,"max_abv_beer_Ale":null,"max_abv_Ale":null,"best_beer_Lager":"Sumarbj\u00f3r","best_beer_score_Lager":2.99,"most_popular_beer_Lager":"Sumarbj\u00f3r","popularity_Lager":2.0,"n_beers_Lager":2.0,"avg_abv_Lager":4.65,"max_abv_beer_Lager":"\u00deari P\u00e1skabj\u00f3r","max_abv_Lager":4.8,"best_beer_Stout":"Milk Stout","best_beer_score_Stout":2.9166666667,"most_popular_beer_Stout":"Milk Stout","popularity_Stout":1.0,"n_beers_Stout":1.0,"avg_abv_Stout":4.6,"max_abv_beer_Stout":"Milk Stout","max_abv_Stout":4.6,"best_beer_Pilsner":"Lager Bj\u00f3r","best_beer_score_Pilsner":3.128,"most_popular_beer_Pilsner":"Lager Bj\u00f3r","popularity_Pilsner":3.0,"n_beers_Pilsner":1.0,"avg_abv_Pilsner":4.7,"max_abv_beer_Pilsner":"Lager Bj\u00f3r","max_abv_Pilsner":4.7,"best_beer_Porter":"Special Alm\u00e1ttugur J\u00f3la\u00f6l","best_beer_score_Porter":2.56,"most_popular_beer_Porter":"Special Alm\u00e1ttugur J\u00f3la\u00f6l","popularity_Porter":1.0,"n_beers_Porter":1.0,"avg_abv_Porter":6.0,"max_abv_beer_Porter":"Special Alm\u00e1ttugur J\u00f3la\u00f6l","max_abv_Porter":6.0,"best_beer_Fruit":"Radler L\u00e9ttbj\u00f3r","best_beer_score_Fruit":2.8066666667,"most_popular_beer_Fruit":"Radler L\u00e9ttbj\u00f3r","popularity_Fruit":1.0,"n_beers_Fruit":2.0,"avg_abv_Fruit":3.225,"max_abv_beer_Fruit":"Skvisa Jar\u00f0arberja Bj\u00f3r","max_abv_Fruit":4.2,"best_beer_Roggenbier":null,"best_beer_score_Roggenbier":null,"most_popular_beer_Roggenbier":null,"popularity_Roggenbier":null,"n_beers_Roggenbier":null,"avg_abv_Roggenbier":null,"max_abv_beer_Roggenbier":null,"max_abv_Roggenbier":null,"best_beer_Herb":"Icelandic Northern Lights","best_beer_score_Herb":3.2328571429,"most_popular_beer_Herb":"Icelandic Northern Lights","popularity_Herb":5.0,"n_beers_Herb":1.0,"avg_abv_Herb":5.3,"max_abv_beer_Herb":"Icelandic Northern Lights","max_abv_Herb":5.3,"best_beer_Smoke":"Hvalur 1","best_beer_score_Smoke":3.396,"most_popular_beer_Smoke":"Hvalur 2","popularity_Smoke":8.0,"n_beers_Smoke":2.0,"avg_abv_Smoke":5.15,"max_abv_beer_Smoke":"Hvalur 1","max_abv_Smoke":5.2,"best_beer_Barleywine":null,"best_beer_score_Barleywine":null,"most_popular_beer_Barleywine":null,"popularity_Barleywine":null,"n_beers_Barleywine":null,"avg_abv_Barleywine":null,"max_abv_beer_Barleywine":null,"max_abv_Barleywine":null,"best_beer":"Hvalur 1","best_beer_score":3.396,"most_popular_beer":"Hvalur 2","popularity":8.0,"n_beers":12.0,"avg_abv":4.7375,"max_abv_beer":"Special Alm\u00e1ttugur J\u00f3la\u00f6l","max_abv":6.0},{"brewery":"Einst\u00f6k \u00d6lger\u00f0 (Einst\u00f6k Beer Company)","city":"Akureyri","lat":65.68353,"long":-18.0878,"best_beer_IPA":null,"best_beer_score_IPA":null,"most_popular_beer_IPA":null,"popularity_IPA":null,"n_beers_IPA":null,"avg_abv_IPA":null,"max_abv_beer_IPA":null,"max_abv_IPA":null,"best_beer_Ale":"Icelandic Wee Heavy","best_beer_score_Ale":4.0669902913,"most_popular_beer_Ale":"Icelandic Arctic Pale Ale","popularity_Ale":349.0,"n_beers_Ale":2.0,"avg_abv_Ale":6.8,"max_abv_beer_Ale":"Icelandic Wee Heavy","max_abv_Ale":8.0,"best_beer_Lager":null,"best_beer_score_Lager":null,"most_popular_beer_Lager":null,"popularity_Lager":null,"n_beers_Lager":null,"avg_abv_Lager":null,"max_abv_beer_Lager":null,"max_abv_Lager":null,"best_beer_Stout":null,"best_beer_score_Stout":null,"most_popular_beer_Stout":null,"popularity_Stout":null,"n_beers_Stout":null,"avg_abv_Stout":null,"max_abv_beer_Stout":null,"max_abv_Stout":null,"best_beer_Pilsner":null,"best_beer_score_Pilsner":null,"most_popular_beer_Pilsner":null,"popularity_Pilsner":null,"n_beers_Pilsner":null,"avg_abv_Pilsner":null,"max_abv_beer_Pilsner":null,"max_abv_Pilsner":null,"best_beer_Porter":"Icelandic Toasted Porter","best_beer_score_Porter":3.8244273504,"most_popular_beer_Porter":"Icelandic Toasted Porter","popularity_Porter":583.0,"n_beers_Porter":1.0,"avg_abv_Porter":6.0,"max_abv_beer_Porter":"Icelandic Toasted Porter","max_abv_Porter":6.0,"best_beer_Fruit":null,"best_beer_score_Fruit":null,"most_popular_beer_Fruit":null,"popularity_Fruit":null,"n_beers_Fruit":null,"avg_abv_Fruit":null,"max_abv_beer_Fruit":null,"max_abv_Fruit":null,"best_beer_Roggenbier":null,"best_beer_score_Roggenbier":null,"most_popular_beer_Roggenbier":null,"popularity_Roggenbier":null,"n_beers_Roggenbier":null,"avg_abv_Roggenbier":null,"max_abv_beer_Roggenbier":null,"max_abv_Roggenbier":null,"best_beer_Herb":null,"best_beer_score_Herb":null,"most_popular_beer_Herb":null,"popularity_Herb":null,"n_beers_Herb":null,"avg_abv_Herb":null,"max_abv_beer_Herb":null,"max_abv_Herb":null,"best_beer_Smoke":null,"best_beer_score_Smoke":null,"most_popular_beer_Smoke":null,"popularity_Smoke":null,"n_beers_Smoke":null,"avg_abv_Smoke":null,"max_abv_beer_Smoke":null,"max_abv_Smoke":null,"best_beer_Barleywine":null,"best_beer_score_Barleywine":null,"most_popular_beer_Barleywine":null,"popularity_Barleywine":null,"n_beers_Barleywine":null,"avg_abv_Barleywine":null,"max_abv_beer_Barleywine":null,"max_abv_Barleywine":null,"best_beer":"Icelandic Wee Heavy","best_beer_score":4.0669902913,"most_popular_beer":"Icelandic Toasted Porter","popularity":583.0,"n_beers":7.0,"avg_abv":6.3857142857,"max_abv_beer":"Icelandic Winter Ale","max_abv":8.0},{"brewery":"\u00d6lvisholt Bruggh\u00fas","city":"Selfoss","lat":63.93311,"long":-20.99712,"best_beer_IPA":"R\u00f6\u00f0ull","best_beer_score_IPA":3.308,"most_popular_beer_IPA":"R\u00f6\u00f0ull","popularity_IPA":3.0,"n_beers_IPA":3.0,"avg_abv_IPA":6.3333333333,"max_abv_beer_IPA":"SHIP-O-HOJ","max_abv_IPA":7.0,"best_beer_Ale":"M\u00f3ri","best_beer_score_Ale":3.51,"most_popular_beer_Ale":"M\u00f3ri","popularity_Ale":16.0,"n_beers_Ale":10.0,"avg_abv_Ale":5.79,"max_abv_beer_Ale":"Suttungasumbl","max_abv_Ale":7.2,"best_beer_Lager":null,"best_beer_score_Lager":null,"most_popular_beer_Lager":null,"popularity_Lager":null,"n_beers_Lager":null,"avg_abv_Lager":null,"max_abv_beer_Lager":null,"max_abv_Lager":null,"best_beer_Stout":"Lava","best_beer_score_Stout":4.0888307155,"most_popular_beer_Stout":"Lava","popularity_Stout":571.0,"n_beers_Stout":1.0,"avg_abv_Stout":9.4,"max_abv_beer_Stout":"Lava","max_abv_Stout":9.4,"best_beer_Pilsner":null,"best_beer_score_Pilsner":null,"most_popular_beer_Pilsner":null,"popularity_Pilsner":null,"n_beers_Pilsner":null,"avg_abv_Pilsner":null,"max_abv_beer_Pilsner":null,"max_abv_Pilsner":null,"best_beer_Porter":"OMG S\u00fakkula\u00f0i Porter","best_beer_score_Porter":2.9966666667,"most_popular_beer_Porter":"OMG S\u00fakkula\u00f0i Porter","popularity_Porter":1.0,"n_beers_Porter":2.0,"avg_abv_Porter":6.05,"max_abv_beer_Porter":"OMG S\u00fakkula\u00f0i Porter","max_abv_Porter":6.5,"best_beer_Fruit":null,"best_beer_score_Fruit":null,"most_popular_beer_Fruit":null,"popularity_Fruit":null,"n_beers_Fruit":4.0,"avg_abv_Fruit":5.575,"max_abv_beer_Fruit":"Bruggh\u00fas","max_abv_Fruit":6.3,"best_beer_Roggenbier":null,"best_beer_score_Roggenbier":null,"most_popular_beer_Roggenbier":null,"popularity_Roggenbier":null,"n_beers_Roggenbier":null,"avg_abv_Roggenbier":null,"max_abv_beer_Roggenbier":null,"max_abv_Roggenbier":null,"best_beer_Herb":"Mung\u00e1t","best_beer_score_Herb":2.98,"most_popular_beer_Herb":"Mung\u00e1t","popularity_Herb":1.0,"n_beers_Herb":1.0,"avg_abv_Herb":4.6,"max_abv_beer_Herb":"Mung\u00e1t","max_abv_Herb":4.6,"best_beer_Smoke":"\u00d6lvisholt J\u00f3labj\u00f3r","best_beer_score_Smoke":3.35,"most_popular_beer_Smoke":"\u00d6lvisholt J\u00f3labj\u00f3r","popularity_Smoke":16.0,"n_beers_Smoke":2.0,"avg_abv_Smoke":6.5,"max_abv_beer_Smoke":"J\u00f3labj\u00f3r (2009-)","max_abv_Smoke":6.5,"best_beer_Barleywine":"J\u00f3li","best_beer_score_Barleywine":3.2725,"most_popular_beer_Barleywine":"J\u00f3li","popularity_Barleywine":2.0,"n_beers_Barleywine":1.0,"avg_abv_Barleywine":10.0,"max_abv_beer_Barleywine":"J\u00f3li","max_abv_Barleywine":10.0,"best_beer":"Lava","best_beer_score":4.0888307155,"most_popular_beer":"Lava","popularity":571.0,"n_beers":34.0,"avg_abv":6.1529411765,"max_abv_beer":"J\u00f3li","max_abv":10.0},{"brewery":"Bryggjan Bruggh\u00fas Bistro & Brewery","city":"Reykjav\u00edk","lat":64.13548,"long":-21.89541,"best_beer_IPA":"Hop Dylan","best_beer_score_IPA":3.27,"most_popular_beer_IPA":"Hop Dylan","popularity_IPA":3.0,"n_beers_IPA":2.0,"avg_abv_IPA":6.85,"max_abv_beer_IPA":"New England IPA","max_abv_IPA":7.2,"best_beer_Ale":"Pale Ale","best_beer_score_Ale":3.2766666667,"most_popular_beer_Ale":"Pale Ale","popularity_Ale":4.0,"n_beers_Ale":3.0,"avg_abv_Ale":5.5666666667,"max_abv_beer_Ale":"Pale Ale","max_abv_Ale":5.7,"best_beer_Lager":null,"best_beer_score_Lager":null,"most_popular_beer_Lager":null,"popularity_Lager":null,"n_beers_Lager":null,"avg_abv_Lager":null,"max_abv_beer_Lager":null,"max_abv_Lager":null,"best_beer_Stout":"Paint It Black","best_beer_score_Stout":3.494,"most_popular_beer_Stout":"Paint It Black","popularity_Stout":3.0,"n_beers_Stout":1.0,"avg_abv_Stout":9.0,"max_abv_beer_Stout":"Paint It Black","max_abv_Stout":9.0,"best_beer_Pilsner":null,"best_beer_score_Pilsner":null,"most_popular_beer_Pilsner":null,"popularity_Pilsner":null,"n_beers_Pilsner":null,"avg_abv_Pilsner":null,"max_abv_beer_Pilsner":null,"max_abv_Pilsner":null,"best_beer_Porter":null,"best_beer_score_Porter":null,"most_popular_beer_Porter":null,"popularity_Porter":null,"n_beers_Porter":null,"avg_abv_Porter":null,"max_abv_beer_Porter":null,"max_abv_Porter":null,"best_beer_Fruit":null,"best_beer_score_Fruit":null,"most_popular_beer_Fruit":null,"popularity_Fruit":null,"n_beers_Fruit":null,"avg_abv_Fruit":null,"max_abv_beer_Fruit":null,"max_abv_Fruit":null,"best_beer_Roggenbier":null,"best_beer_score_Roggenbier":null,"most_popular_beer_Roggenbier":null,"popularity_Roggenbier":null,"n_beers_Roggenbier":null,"avg_abv_Roggenbier":null,"max_abv_beer_Roggenbier":null,"max_abv_Roggenbier":null,"best_beer_Herb":null,"best_beer_score_Herb":null,"most_popular_beer_Herb":null,"popularity_Herb":null,"n_beers_Herb":null,"avg_abv_Herb":null,"max_abv_beer_Herb":null,"max_abv_Herb":null,"best_beer_Smoke":null,"best_beer_score_Smoke":null,"most_popular_beer_Smoke":null,"popularity_Smoke":null,"n_beers_Smoke":null,"avg_abv_Smoke":null,"max_abv_beer_Smoke":null,"max_abv_Smoke":null,"best_beer_Barleywine":null,"best_beer_score_Barleywine":null,"most_popular_beer_Barleywine":null,"popularity_Barleywine":null,"n_beers_Barleywine":null,"avg_abv_Barleywine":null,"max_abv_beer_Barleywine":null,"max_abv_Barleywine":null,"best_beer":"Paint It Black","best_beer_score":3.494,"most_popular_beer":"Pale Ale","popularity":4.0,"n_beers":7.0,"avg_abv":6.2285714286,"max_abv_beer":"Paint It Black","max_abv":9.0},{"brewery":"\u00d6lverk Pizza & Bruggh\u00fas","city":"Hverager\u00f0i","lat":64.00039,"long":-21.18602,"best_beer_IPA":"NEIPA","best_beer_score_IPA":2.8333333333,"most_popular_beer_IPA":"NEIPA","popularity_IPA":1.0,"n_beers_IPA":2.0,"avg_abv_IPA":6.7,"max_abv_beer_IPA":"Biss\u00ed Kriss\u00ed","max_abv_IPA":7.0,"best_beer_Ale":"Hoppy Wheat","best_beer_score_Ale":2.8833333333,"most_popular_beer_Ale":"Hoppy Wheat","popularity_Ale":1.0,"n_beers_Ale":2.0,"avg_abv_Ale":4.95,"max_abv_beer_Ale":"Pale Ale","max_abv_Ale":5.2,"best_beer_Lager":null,"best_beer_score_Lager":null,"most_popular_beer_Lager":null,"popularity_Lager":null,"n_beers_Lager":null,"avg_abv_Lager":null,"max_abv_beer_Lager":null,"max_abv_Lager":null,"best_beer_Stout":null,"best_beer_score_Stout":null,"most_popular_beer_Stout":null,"popularity_Stout":null,"n_beers_Stout":null,"avg_abv_Stout":null,"max_abv_beer_Stout":null,"max_abv_Stout":null,"best_beer_Pilsner":null,"best_beer_score_Pilsner":null,"most_popular_beer_Pilsner":null,"popularity_Pilsner":null,"n_beers_Pilsner":null,"avg_abv_Pilsner":null,"max_abv_beer_Pilsner":null,"max_abv_Pilsner":null,"best_beer_Porter":"Porter","best_beer_score_Porter":2.84,"most_popular_beer_Porter":"Porter","popularity_Porter":1.0,"n_beers_Porter":1.0,"avg_abv_Porter":4.9,"max_abv_beer_Porter":"Porter","max_abv_Porter":4.9,"best_beer_Fruit":null,"best_beer_score_Fruit":null,"most_popular_beer_Fruit":null,"popularity_Fruit":null,"n_beers_Fruit":null,"avg_abv_Fruit":null,"max_abv_beer_Fruit":null,"max_abv_Fruit":null,"best_beer_Roggenbier":null,"best_beer_score_Roggenbier":null,"most_popular_beer_Roggenbier":null,"popularity_Roggenbier":null,"n_beers_Roggenbier":null,"avg_abv_Roggenbier":null,"max_abv_beer_Roggenbier":null,"max_abv_Roggenbier":null,"best_beer_Herb":null,"best_beer_score_Herb":null,"most_popular_beer_Herb":null,"popularity_Herb":null,"n_beers_Herb":null,"avg_abv_Herb":null,"max_abv_beer_Herb":null,"max_abv_Herb":null,"best_beer_Smoke":null,"best_beer_score_Smoke":null,"most_popular_beer_Smoke":null,"popularity_Smoke":null,"n_beers_Smoke":null,"avg_abv_Smoke":null,"max_abv_beer_Smoke":null,"max_abv_Smoke":null,"best_beer_Barleywine":null,"best_beer_score_Barleywine":null,"most_popular_beer_Barleywine":null,"popularity_Barleywine":null,"n_beers_Barleywine":null,"avg_abv_Barleywine":null,"max_abv_beer_Barleywine":null,"max_abv_Barleywine":null,"best_beer":"K\u00f6lsch","best_beer_score":2.9166666667,"most_popular_beer":"Porter","popularity":1.0,"n_beers":6.0,"avg_abv":5.8,"max_abv_beer":"Biss\u00ed Kriss\u00ed","max_abv":7.0},{"brewery":"Bruggsmi\u00f0jan","city":"\u00c1rsk\u00f3gssandur","lat":65.944437,"long":-18.353875,"best_beer_IPA":"Kaldi IPA","best_beer_score_IPA":2.8966666667,"most_popular_beer_IPA":"Kaldi IPA","popularity_IPA":1.0,"n_beers_IPA":1.0,"avg_abv_IPA":6.0,"max_abv_beer_IPA":"Kaldi IPA","max_abv_IPA":6.0,"best_beer_Ale":null,"best_beer_score_Ale":null,"most_popular_beer_Ale":null,"popularity_Ale":null,"n_beers_Ale":null,"avg_abv_Ale":null,"max_abv_beer_Ale":null,"max_abv_Ale":null,"best_beer_Lager":"J\u00f3la Kaldi","best_beer_score_Lager":3.4666666667,"most_popular_beer_Lager":"Kaldi D\u00f6kkur","popularity_Lager":17.0,"n_beers_Lager":4.0,"avg_abv_Lager":5.25,"max_abv_beer_Lager":"Porra Kaldi","max_abv_Lager":5.6,"best_beer_Stout":null,"best_beer_score_Stout":null,"most_popular_beer_Stout":null,"popularity_Stout":null,"n_beers_Stout":null,"avg_abv_Stout":null,"max_abv_beer_Stout":null,"max_abv_Stout":null,"best_beer_Pilsner":"Lj\u00f3s \u00d3sia\u00f0ur","best_beer_score_Pilsner":2.8333333333,"most_popular_beer_Pilsner":"Kaldi Lite","popularity_Pilsner":1.0,"n_beers_Pilsner":2.0,"avg_abv_Pilsner":4.85,"max_abv_beer_Pilsner":"Lj\u00f3s \u00d3sia\u00f0ur","max_abv_Pilsner":5.3,"best_beer_Porter":"J\u00f3la Kaldi S\u00fakkuladi","best_beer_score_Porter":3.0166666667,"most_popular_beer_Porter":"J\u00f3la Kaldi S\u00fakkuladi","popularity_Porter":1.0,"n_beers_Porter":1.0,"avg_abv_Porter":6.5,"max_abv_beer_Porter":"J\u00f3la Kaldi S\u00fakkuladi","max_abv_Porter":6.5,"best_beer_Fruit":null,"best_beer_score_Fruit":null,"most_popular_beer_Fruit":null,"popularity_Fruit":null,"n_beers_Fruit":null,"avg_abv_Fruit":null,"max_abv_beer_Fruit":null,"max_abv_Fruit":null,"best_beer_Roggenbier":null,"best_beer_score_Roggenbier":null,"most_popular_beer_Roggenbier":null,"popularity_Roggenbier":null,"n_beers_Roggenbier":null,"avg_abv_Roggenbier":null,"max_abv_beer_Roggenbier":null,"max_abv_Roggenbier":null,"best_beer_Herb":"Stinnings Kaldi","best_beer_score_Herb":3.1016666667,"most_popular_beer_Herb":"Stinnings Kaldi","popularity_Herb":4.0,"n_beers_Herb":1.0,"avg_abv_Herb":4.6,"max_abv_beer_Herb":"Stinnings Kaldi","max_abv_Herb":4.6,"best_beer_Smoke":null,"best_beer_score_Smoke":null,"most_popular_beer_Smoke":null,"popularity_Smoke":null,"n_beers_Smoke":null,"avg_abv_Smoke":null,"max_abv_beer_Smoke":null,"max_abv_Smoke":null,"best_beer_Barleywine":null,"best_beer_score_Barleywine":null,"most_popular_beer_Barleywine":null,"popularity_Barleywine":null,"n_beers_Barleywine":null,"avg_abv_Barleywine":null,"max_abv_beer_Barleywine":null,"max_abv_Barleywine":null,"best_beer":"Nor\u00f0ankaldi","best_beer_score":3.5058333333,"most_popular_beer":"Kaldi D\u00f6kkur","popularity":17.0,"n_beers":11.0,"avg_abv":5.3272727273,"max_abv_beer":"J\u00f3la Kaldi S\u00fakkuladi","max_abv":6.5},{"brewery":"\u00d6lger\u00f0 Reykjav\u00edkur","city":"Reykjav\u00edk","lat":64.13548,"long":-21.89541,"best_beer_IPA":null,"best_beer_score_IPA":null,"most_popular_beer_IPA":null,"popularity_IPA":null,"n_beers_IPA":null,"avg_abv_IPA":null,"max_abv_beer_IPA":null,"max_abv_IPA":null,"best_beer_Ale":null,"best_beer_score_Ale":null,"most_popular_beer_Ale":null,"popularity_Ale":null,"n_beers_Ale":null,"avg_abv_Ale":null,"max_abv_beer_Ale":null,"max_abv_Ale":null,"best_beer_Lager":"Gullfoss","best_beer_score_Lager":2.5766666667,"most_popular_beer_Lager":"Gullfoss","popularity_Lager":1.0,"n_beers_Lager":1.0,"avg_abv_Lager":5.0,"max_abv_beer_Lager":"Gullfoss","max_abv_Lager":5.0,"best_beer_Stout":null,"best_beer_score_Stout":null,"most_popular_beer_Stout":null,"popularity_Stout":null,"n_beers_Stout":null,"avg_abv_Stout":null,"max_abv_beer_Stout":null,"max_abv_Stout":null,"best_beer_Pilsner":null,"best_beer_score_Pilsner":null,"most_popular_beer_Pilsner":null,"popularity_Pilsner":null,"n_beers_Pilsner":null,"avg_abv_Pilsner":null,"max_abv_beer_Pilsner":null,"max_abv_Pilsner":null,"best_beer_Porter":null,"best_beer_score_Porter":null,"most_popular_beer_Porter":null,"popularity_Porter":null,"n_beers_Porter":null,"avg_abv_Porter":null,"max_abv_beer_Porter":null,"max_abv_Porter":null,"best_beer_Fruit":null,"best_beer_score_Fruit":null,"most_popular_beer_Fruit":null,"popularity_Fruit":null,"n_beers_Fruit":null,"avg_abv_Fruit":null,"max_abv_beer_Fruit":null,"max_abv_Fruit":null,"best_beer_Roggenbier":null,"best_beer_score_Roggenbier":null,"most_popular_beer_Roggenbier":null,"popularity_Roggenbier":null,"n_beers_Roggenbier":null,"avg_abv_Roggenbier":null,"max_abv_beer_Roggenbier":null,"max_abv_Roggenbier":null,"best_beer_Herb":null,"best_beer_score_Herb":null,"most_popular_beer_Herb":null,"popularity_Herb":null,"n_beers_Herb":null,"avg_abv_Herb":null,"max_abv_beer_Herb":null,"max_abv_Herb":null,"best_beer_Smoke":null,"best_beer_score_Smoke":null,"most_popular_beer_Smoke":null,"popularity_Smoke":null,"n_beers_Smoke":null,"avg_abv_Smoke":null,"max_abv_beer_Smoke":null,"max_abv_Smoke":null,"best_beer_Barleywine":null,"best_beer_score_Barleywine":null,"most_popular_beer_Barleywine":null,"popularity_Barleywine":null,"n_beers_Barleywine":null,"avg_abv_Barleywine":null,"max_abv_beer_Barleywine":null,"max_abv_Barleywine":null,"best_beer":"Gullfoss","best_beer_score":2.5766666667,"most_popular_beer":"Gullfoss","popularity":1.0,"n_beers":1.0,"avg_abv":5.0,"max_abv_beer":"Gullfoss","max_abv":5.0},{"brewery":"\u00d6lger\u00f0 El Grill\u00f3 Ehf.","city":"Reykjav\u00edk","lat":64.13548,"long":-21.89541,"best_beer_IPA":null,"best_beer_score_IPA":null,"most_popular_beer_IPA":null,"popularity_IPA":null,"n_beers_IPA":null,"avg_abv_IPA":null,"max_abv_beer_IPA":null,"max_abv_IPA":null,"best_beer_Ale":null,"best_beer_score_Ale":null,"most_popular_beer_Ale":null,"popularity_Ale":null,"n_beers_Ale":null,"avg_abv_Ale":null,"max_abv_beer_Ale":null,"max_abv_Ale":null,"best_beer_Lager":"El Grillo","best_beer_score_Lager":2.4633333333,"most_popular_beer_Lager":"El Grillo","popularity_Lager":1.0,"n_beers_Lager":1.0,"avg_abv_Lager":5.0,"max_abv_beer_Lager":"El Grillo","max_abv_Lager":5.0,"best_beer_Stout":null,"best_beer_score_Stout":null,"most_popular_beer_Stout":null,"popularity_Stout":null,"n_beers_Stout":null,"avg_abv_Stout":null,"max_abv_beer_Stout":null,"max_abv_Stout":null,"best_beer_Pilsner":null,"best_beer_score_Pilsner":null,"most_popular_beer_Pilsner":null,"popularity_Pilsner":null,"n_beers_Pilsner":null,"avg_abv_Pilsner":null,"max_abv_beer_Pilsner":null,"max_abv_Pilsner":null,"best_beer_Porter":null,"best_beer_score_Porter":null,"most_popular_beer_Porter":null,"popularity_Porter":null,"n_beers_Porter":null,"avg_abv_Porter":null,"max_abv_beer_Porter":null,"max_abv_Porter":null,"best_beer_Fruit":null,"best_beer_score_Fruit":null,"most_popular_beer_Fruit":null,"popularity_Fruit":null,"n_beers_Fruit":null,"avg_abv_Fruit":null,"max_abv_beer_Fruit":null,"max_abv_Fruit":null,"best_beer_Roggenbier":null,"best_beer_score_Roggenbier":null,"most_popular_beer_Roggenbier":null,"popularity_Roggenbier":null,"n_beers_Roggenbier":null,"avg_abv_Roggenbier":null,"max_abv_beer_Roggenbier":null,"max_abv_Roggenbier":null,"best_beer_Herb":null,"best_beer_score_Herb":null,"most_popular_beer_Herb":null,"popularity_Herb":null,"n_beers_Herb":null,"avg_abv_Herb":null,"max_abv_beer_Herb":null,"max_abv_Herb":null,"best_beer_Smoke":null,"best_beer_score_Smoke":null,"most_popular_beer_Smoke":null,"popularity_Smoke":null,"n_beers_Smoke":null,"avg_abv_Smoke":null,"max_abv_beer_Smoke":null,"max_abv_Smoke":null,"best_beer_Barleywine":null,"best_beer_score_Barleywine":null,"most_popular_beer_Barleywine":null,"popularity_Barleywine":null,"n_beers_Barleywine":null,"avg_abv_Barleywine":null,"max_abv_beer_Barleywine":null,"max_abv_Barleywine":null,"best_beer":"El Grillo","best_beer_score":2.4633333333,"most_popular_beer":"El Grillo","popularity":1.0,"n_beers":1.0,"avg_abv":5.0,"max_abv_beer":"El Grillo","max_abv":5.0},{"brewery":"Dokkan Bruggh\u00fas","city":"\u00cdsafj\u00f6r\u00f0ur","lat":66.07475,"long":-23.13498,"best_beer_IPA":"Dynjandi IPA","best_beer_score_IPA":2.9866666667,"most_popular_beer_IPA":"Dynjandi IPA","popularity_IPA":1.0,"n_beers_IPA":1.0,"avg_abv_IPA":6.1,"max_abv_beer_IPA":"Dynjandi IPA","max_abv_IPA":6.1,"best_beer_Ale":"Amber","best_beer_score_Ale":2.9166666667,"most_popular_beer_Ale":"Amber","popularity_Ale":1.0,"n_beers_Ale":3.0,"avg_abv_Ale":5.0,"max_abv_beer_Ale":"Amber","max_abv_Ale":5.0,"best_beer_Lager":null,"best_beer_score_Lager":null,"most_popular_beer_Lager":null,"popularity_Lager":null,"n_beers_Lager":null,"avg_abv_Lager":null,"max_abv_beer_Lager":null,"max_abv_Lager":null,"best_beer_Stout":null,"best_beer_score_Stout":null,"most_popular_beer_Stout":null,"popularity_Stout":null,"n_beers_Stout":null,"avg_abv_Stout":null,"max_abv_beer_Stout":null,"max_abv_Stout":null,"best_beer_Pilsner":null,"best_beer_score_Pilsner":null,"most_popular_beer_Pilsner":null,"popularity_Pilsner":null,"n_beers_Pilsner":null,"avg_abv_Pilsner":null,"max_abv_beer_Pilsner":null,"max_abv_Pilsner":null,"best_beer_Porter":null,"best_beer_score_Porter":null,"most_popular_beer_Porter":null,"popularity_Porter":null,"n_beers_Porter":null,"avg_abv_Porter":null,"max_abv_beer_Porter":null,"max_abv_Porter":null,"best_beer_Fruit":null,"best_beer_score_Fruit":null,"most_popular_beer_Fruit":null,"popularity_Fruit":null,"n_beers_Fruit":null,"avg_abv_Fruit":null,"max_abv_beer_Fruit":null,"max_abv_Fruit":null,"best_beer_Roggenbier":null,"best_beer_score_Roggenbier":null,"most_popular_beer_Roggenbier":null,"popularity_Roggenbier":null,"n_beers_Roggenbier":null,"avg_abv_Roggenbier":null,"max_abv_beer_Roggenbier":null,"max_abv_Roggenbier":null,"best_beer_Herb":null,"best_beer_score_Herb":null,"most_popular_beer_Herb":null,"popularity_Herb":null,"n_beers_Herb":null,"avg_abv_Herb":null,"max_abv_beer_Herb":null,"max_abv_Herb":null,"best_beer_Smoke":null,"best_beer_score_Smoke":null,"most_popular_beer_Smoke":null,"popularity_Smoke":null,"n_beers_Smoke":null,"avg_abv_Smoke":null,"max_abv_beer_Smoke":null,"max_abv_Smoke":null,"best_beer_Barleywine":null,"best_beer_score_Barleywine":null,"most_popular_beer_Barleywine":null,"popularity_Barleywine":null,"n_beers_Barleywine":null,"avg_abv_Barleywine":null,"max_abv_beer_Barleywine":null,"max_abv_Barleywine":null,"best_beer":"Dynjandi IPA","best_beer_score":2.9866666667,"most_popular_beer":"Amber","popularity":1.0,"n_beers":4.0,"avg_abv":5.275,"max_abv_beer":"Dynjandi IPA","max_abv":6.1},{"brewery":"Kaldi Bar\/Caf\u00e9","city":"Reykjavik","lat":64.13548,"long":-21.89541,"best_beer_IPA":null,"best_beer_score_IPA":null,"most_popular_beer_IPA":null,"popularity_IPA":null,"n_beers_IPA":null,"avg_abv_IPA":null,"max_abv_beer_IPA":null,"max_abv_IPA":null,"best_beer_Ale":null,"best_beer_score_Ale":null,"most_popular_beer_Ale":null,"popularity_Ale":null,"n_beers_Ale":null,"avg_abv_Ale":null,"max_abv_beer_Ale":null,"max_abv_Ale":null,"best_beer_Lager":null,"best_beer_score_Lager":null,"most_popular_beer_Lager":null,"popularity_Lager":null,"n_beers_Lager":null,"avg_abv_Lager":null,"max_abv_beer_Lager":null,"max_abv_Lager":null,"best_beer_Stout":null,"best_beer_score_Stout":null,"most_popular_beer_Stout":null,"popularity_Stout":null,"n_beers_Stout":null,"avg_abv_Stout":null,"max_abv_beer_Stout":null,"max_abv_Stout":null,"best_beer_Pilsner":null,"best_beer_score_Pilsner":null,"most_popular_beer_Pilsner":null,"popularity_Pilsner":null,"n_beers_Pilsner":null,"avg_abv_Pilsner":null,"max_abv_beer_Pilsner":null,"max_abv_Pilsner":null,"best_beer_Porter":null,"best_beer_score_Porter":null,"most_popular_beer_Porter":null,"popularity_Porter":null,"n_beers_Porter":null,"avg_abv_Porter":null,"max_abv_beer_Porter":null,"max_abv_Porter":null,"best_beer_Fruit":null,"best_beer_score_Fruit":null,"most_popular_beer_Fruit":null,"popularity_Fruit":null,"n_beers_Fruit":null,"avg_abv_Fruit":null,"max_abv_beer_Fruit":null,"max_abv_Fruit":null,"best_beer_Roggenbier":null,"best_beer_score_Roggenbier":null,"most_popular_beer_Roggenbier":null,"popularity_Roggenbier":null,"n_beers_Roggenbier":null,"avg_abv_Roggenbier":null,"max_abv_beer_Roggenbier":null,"max_abv_Roggenbier":null,"best_beer_Herb":null,"best_beer_score_Herb":null,"most_popular_beer_Herb":null,"popularity_Herb":null,"n_beers_Herb":null,"avg_abv_Herb":null,"max_abv_beer_Herb":null,"max_abv_Herb":null,"best_beer_Smoke":null,"best_beer_score_Smoke":null,"most_popular_beer_Smoke":null,"popularity_Smoke":null,"n_beers_Smoke":null,"avg_abv_Smoke":null,"max_abv_beer_Smoke":null,"max_abv_Smoke":null,"best_beer_Barleywine":null,"best_beer_score_Barleywine":null,"most_popular_beer_Barleywine":null,"popularity_Barleywine":null,"n_beers_Barleywine":null,"avg_abv_Barleywine":null,"max_abv_beer_Barleywine":null,"max_abv_Barleywine":null,"best_beer":"Kaldi Dark Lager","best_beer_score":3.5566666667,"most_popular_beer":"Kaldi Dark Lager","popularity":4.0,"n_beers":1.0,"avg_abv":5.0,"max_abv_beer":"Kaldi Dark Lager","max_abv":5.0},{"brewery":"Malbygg","city":"Reykjavik","lat":64.13548,"long":-21.89541,"best_beer_IPA":"Massadur","best_beer_score_IPA":3.07,"most_popular_beer_IPA":"Massadur","popularity_IPA":1.0,"n_beers_IPA":1.0,"avg_abv_IPA":8.0,"max_abv_beer_IPA":"Massadur","max_abv_IPA":8.0,"best_beer_Ale":"Kisi","best_beer_score_Ale":2.9866666667,"most_popular_beer_Ale":"Kisi","popularity_Ale":1.0,"n_beers_Ale":1.0,"avg_abv_Ale":5.0,"max_abv_beer_Ale":"Kisi","max_abv_Ale":5.0,"best_beer_Lager":null,"best_beer_score_Lager":null,"most_popular_beer_Lager":null,"popularity_Lager":null,"n_beers_Lager":null,"avg_abv_Lager":null,"max_abv_beer_Lager":null,"max_abv_Lager":null,"best_beer_Stout":null,"best_beer_score_Stout":null,"most_popular_beer_Stout":null,"popularity_Stout":null,"n_beers_Stout":null,"avg_abv_Stout":null,"max_abv_beer_Stout":null,"max_abv_Stout":null,"best_beer_Pilsner":null,"best_beer_score_Pilsner":null,"most_popular_beer_Pilsner":null,"popularity_Pilsner":null,"n_beers_Pilsner":null,"avg_abv_Pilsner":null,"max_abv_beer_Pilsner":null,"max_abv_Pilsner":null,"best_beer_Porter":null,"best_beer_score_Porter":null,"most_popular_beer_Porter":null,"popularity_Porter":null,"n_beers_Porter":null,"avg_abv_Porter":null,"max_abv_beer_Porter":null,"max_abv_Porter":null,"best_beer_Fruit":null,"best_beer_score_Fruit":null,"most_popular_beer_Fruit":null,"popularity_Fruit":null,"n_beers_Fruit":null,"avg_abv_Fruit":null,"max_abv_beer_Fruit":null,"max_abv_Fruit":null,"best_beer_Roggenbier":null,"best_beer_score_Roggenbier":null,"most_popular_beer_Roggenbier":null,"popularity_Roggenbier":null,"n_beers_Roggenbier":null,"avg_abv_Roggenbier":null,"max_abv_beer_Roggenbier":null,"max_abv_Roggenbier":null,"best_beer_Herb":null,"best_beer_score_Herb":null,"most_popular_beer_Herb":null,"popularity_Herb":null,"n_beers_Herb":null,"avg_abv_Herb":null,"max_abv_beer_Herb":null,"max_abv_Herb":null,"best_beer_Smoke":null,"best_beer_score_Smoke":null,"most_popular_beer_Smoke":null,"popularity_Smoke":null,"n_beers_Smoke":null,"avg_abv_Smoke":null,"max_abv_beer_Smoke":null,"max_abv_Smoke":null,"best_beer_Barleywine":null,"best_beer_score_Barleywine":null,"most_popular_beer_Barleywine":null,"popularity_Barleywine":null,"n_beers_Barleywine":null,"avg_abv_Barleywine":null,"max_abv_beer_Barleywine":null,"max_abv_Barleywine":null,"best_beer":"Massadur","best_beer_score":3.07,"most_popular_beer":"Massadur","popularity":1.0,"n_beers":2.0,"avg_abv":6.5,"max_abv_beer":"Massadur","max_abv":8.0},{"brewery":"Lady Brewery","city":"Reykjavik","lat":64.13548,"long":-21.89541,"best_beer_IPA":"First Lady","best_beer_score_IPA":3.11,"most_popular_beer_IPA":"First Lady","popularity_IPA":2.0,"n_beers_IPA":1.0,"avg_abv_IPA":6.1,"max_abv_beer_IPA":"First Lady","max_abv_IPA":6.1,"best_beer_Ale":"Good Enough for Me","best_beer_score_Ale":2.8966666667,"most_popular_beer_Ale":"Good Enough for Me","popularity_Ale":1.0,"n_beers_Ale":1.0,"avg_abv_Ale":5.2,"max_abv_beer_Ale":"Good Enough for Me","max_abv_Ale":5.2,"best_beer_Lager":null,"best_beer_score_Lager":null,"most_popular_beer_Lager":null,"popularity_Lager":null,"n_beers_Lager":null,"avg_abv_Lager":null,"max_abv_beer_Lager":null,"max_abv_Lager":null,"best_beer_Stout":null,"best_beer_score_Stout":null,"most_popular_beer_Stout":null,"popularity_Stout":null,"n_beers_Stout":null,"avg_abv_Stout":null,"max_abv_beer_Stout":null,"max_abv_Stout":null,"best_beer_Pilsner":null,"best_beer_score_Pilsner":null,"most_popular_beer_Pilsner":null,"popularity_Pilsner":null,"n_beers_Pilsner":null,"avg_abv_Pilsner":null,"max_abv_beer_Pilsner":null,"max_abv_Pilsner":null,"best_beer_Porter":null,"best_beer_score_Porter":null,"most_popular_beer_Porter":null,"popularity_Porter":null,"n_beers_Porter":null,"avg_abv_Porter":null,"max_abv_beer_Porter":null,"max_abv_Porter":null,"best_beer_Fruit":null,"best_beer_score_Fruit":null,"most_popular_beer_Fruit":null,"popularity_Fruit":null,"n_beers_Fruit":null,"avg_abv_Fruit":null,"max_abv_beer_Fruit":null,"max_abv_Fruit":null,"best_beer_Roggenbier":null,"best_beer_score_Roggenbier":null,"most_popular_beer_Roggenbier":null,"popularity_Roggenbier":null,"n_beers_Roggenbier":null,"avg_abv_Roggenbier":null,"max_abv_beer_Roggenbier":null,"max_abv_Roggenbier":null,"best_beer_Herb":null,"best_beer_score_Herb":null,"most_popular_beer_Herb":null,"popularity_Herb":null,"n_beers_Herb":null,"avg_abv_Herb":null,"max_abv_beer_Herb":null,"max_abv_Herb":null,"best_beer_Smoke":null,"best_beer_score_Smoke":null,"most_popular_beer_Smoke":null,"popularity_Smoke":null,"n_beers_Smoke":null,"avg_abv_Smoke":null,"max_abv_beer_Smoke":null,"max_abv_Smoke":null,"best_beer_Barleywine":null,"best_beer_score_Barleywine":null,"most_popular_beer_Barleywine":null,"popularity_Barleywine":null,"n_beers_Barleywine":null,"avg_abv_Barleywine":null,"max_abv_beer_Barleywine":null,"max_abv_Barleywine":null,"best_beer":"First Lady","best_beer_score":3.11,"most_popular_beer":"First Lady","popularity":2.0,"n_beers":2.0,"avg_abv":5.65,"max_abv_beer":"First Lady","max_abv":6.1},{"brewery":"Mj\u00f6\u00f0ur Ehf.","city":"Stykkish\u00f3lmur","lat":65.07537,"long":-22.72977,"best_beer_IPA":null,"best_beer_score_IPA":null,"most_popular_beer_IPA":null,"popularity_IPA":null,"n_beers_IPA":null,"avg_abv_IPA":null,"max_abv_beer_IPA":null,"max_abv_IPA":null,"best_beer_Ale":null,"best_beer_score_Ale":null,"most_popular_beer_Ale":null,"popularity_Ale":null,"n_beers_Ale":null,"avg_abv_Ale":null,"max_abv_beer_Ale":null,"max_abv_Ale":null,"best_beer_Lager":null,"best_beer_score_Lager":null,"most_popular_beer_Lager":null,"popularity_Lager":null,"n_beers_Lager":null,"avg_abv_Lager":null,"max_abv_beer_Lager":null,"max_abv_Lager":null,"best_beer_Stout":null,"best_beer_score_Stout":null,"most_popular_beer_Stout":null,"popularity_Stout":null,"n_beers_Stout":null,"avg_abv_Stout":null,"max_abv_beer_Stout":null,"max_abv_Stout":null,"best_beer_Pilsner":null,"best_beer_score_Pilsner":null,"most_popular_beer_Pilsner":null,"popularity_Pilsner":null,"n_beers_Pilsner":null,"avg_abv_Pilsner":null,"max_abv_beer_Pilsner":null,"max_abv_Pilsner":null,"best_beer_Porter":null,"best_beer_score_Porter":null,"most_popular_beer_Porter":null,"popularity_Porter":null,"n_beers_Porter":null,"avg_abv_Porter":null,"max_abv_beer_Porter":null,"max_abv_Porter":null,"best_beer_Fruit":null,"best_beer_score_Fruit":null,"most_popular_beer_Fruit":null,"popularity_Fruit":null,"n_beers_Fruit":null,"avg_abv_Fruit":null,"max_abv_beer_Fruit":null,"max_abv_Fruit":null,"best_beer_Roggenbier":null,"best_beer_score_Roggenbier":null,"most_popular_beer_Roggenbier":null,"popularity_Roggenbier":null,"n_beers_Roggenbier":null,"avg_abv_Roggenbier":null,"max_abv_beer_Roggenbier":null,"max_abv_Roggenbier":null,"best_beer_Herb":null,"best_beer_score_Herb":null,"most_popular_beer_Herb":null,"popularity_Herb":null,"n_beers_Herb":null,"avg_abv_Herb":null,"max_abv_beer_Herb":null,"max_abv_Herb":null,"best_beer_Smoke":null,"best_beer_score_Smoke":null,"most_popular_beer_Smoke":null,"popularity_Smoke":null,"n_beers_Smoke":null,"avg_abv_Smoke":null,"max_abv_beer_Smoke":null,"max_abv_Smoke":null,"best_beer_Barleywine":null,"best_beer_score_Barleywine":null,"most_popular_beer_Barleywine":null,"popularity_Barleywine":null,"n_beers_Barleywine":null,"avg_abv_Barleywine":null,"max_abv_beer_Barleywine":null,"max_abv_Barleywine":null,"best_beer":"J\u00f6kull","best_beer_score":2.775,"most_popular_beer":"J\u00f6kull","popularity":2.0,"n_beers":1.0,"avg_abv":5.0,"max_abv_beer":"J\u00f6kull","max_abv":5.0},{"brewery":"Segull 67","city":"Siglufj\u00f6r\u00f0ur","lat":66.15198,"long":-18.90815,"best_beer_IPA":null,"best_beer_score_IPA":null,"most_popular_beer_IPA":null,"popularity_IPA":null,"n_beers_IPA":null,"avg_abv_IPA":null,"max_abv_beer_IPA":null,"max_abv_IPA":null,"best_beer_Ale":"Tindur","best_beer_score_Ale":3.0,"most_popular_beer_Ale":"Tindur","popularity_Ale":1.0,"n_beers_Ale":1.0,"avg_abv_Ale":5.2,"max_abv_beer_Ale":"Tindur","max_abv_Ale":5.2,"best_beer_Lager":null,"best_beer_score_Lager":null,"most_popular_beer_Lager":null,"popularity_Lager":null,"n_beers_Lager":null,"avg_abv_Lager":null,"max_abv_beer_Lager":null,"max_abv_Lager":null,"best_beer_Stout":null,"best_beer_score_Stout":null,"most_popular_beer_Stout":null,"popularity_Stout":null,"n_beers_Stout":null,"avg_abv_Stout":null,"max_abv_beer_Stout":null,"max_abv_Stout":null,"best_beer_Pilsner":null,"best_beer_score_Pilsner":null,"most_popular_beer_Pilsner":null,"popularity_Pilsner":null,"n_beers_Pilsner":null,"avg_abv_Pilsner":null,"max_abv_beer_Pilsner":null,"max_abv_Pilsner":null,"best_beer_Porter":null,"best_beer_score_Porter":null,"most_popular_beer_Porter":null,"popularity_Porter":null,"n_beers_Porter":null,"avg_abv_Porter":null,"max_abv_beer_Porter":null,"max_abv_Porter":null,"best_beer_Fruit":null,"best_beer_score_Fruit":null,"most_popular_beer_Fruit":null,"popularity_Fruit":null,"n_beers_Fruit":null,"avg_abv_Fruit":null,"max_abv_beer_Fruit":null,"max_abv_Fruit":null,"best_beer_Roggenbier":null,"best_beer_score_Roggenbier":null,"most_popular_beer_Roggenbier":null,"popularity_Roggenbier":null,"n_beers_Roggenbier":null,"avg_abv_Roggenbier":null,"max_abv_beer_Roggenbier":null,"max_abv_Roggenbier":null,"best_beer_Herb":null,"best_beer_score_Herb":null,"most_popular_beer_Herb":null,"popularity_Herb":null,"n_beers_Herb":null,"avg_abv_Herb":null,"max_abv_beer_Herb":null,"max_abv_Herb":null,"best_beer_Smoke":null,"best_beer_score_Smoke":null,"most_popular_beer_Smoke":null,"popularity_Smoke":null,"n_beers_Smoke":null,"avg_abv_Smoke":null,"max_abv_beer_Smoke":null,"max_abv_Smoke":null,"best_beer_Barleywine":null,"best_beer_score_Barleywine":null,"most_popular_beer_Barleywine":null,"popularity_Barleywine":null,"n_beers_Barleywine":null,"avg_abv_Barleywine":null,"max_abv_beer_Barleywine":null,"max_abv_Barleywine":null,"best_beer":"Tindur","best_beer_score":3.0,"most_popular_beer":"Tindur","popularity":1.0,"n_beers":1.0,"avg_abv":5.2,"max_abv_beer":"Tindur","max_abv":5.2},{"brewery":"Kex Brewing","city":"Reykjavik","lat":64.13548,"long":-21.89541,"best_beer_IPA":"Batman","best_beer_score_IPA":2.9166666667,"most_popular_beer_IPA":"Batman","popularity_IPA":1.0,"n_beers_IPA":1.0,"avg_abv_IPA":4.9,"max_abv_beer_IPA":"Batman","max_abv_IPA":4.9,"best_beer_Ale":null,"best_beer_score_Ale":null,"most_popular_beer_Ale":null,"popularity_Ale":null,"n_beers_Ale":null,"avg_abv_Ale":null,"max_abv_beer_Ale":null,"max_abv_Ale":null,"best_beer_Lager":null,"best_beer_score_Lager":null,"most_popular_beer_Lager":null,"popularity_Lager":null,"n_beers_Lager":null,"avg_abv_Lager":null,"max_abv_beer_Lager":null,"max_abv_Lager":null,"best_beer_Stout":null,"best_beer_score_Stout":null,"most_popular_beer_Stout":null,"popularity_Stout":null,"n_beers_Stout":null,"avg_abv_Stout":null,"max_abv_beer_Stout":null,"max_abv_Stout":null,"best_beer_Pilsner":null,"best_beer_score_Pilsner":null,"most_popular_beer_Pilsner":null,"popularity_Pilsner":null,"n_beers_Pilsner":null,"avg_abv_Pilsner":null,"max_abv_beer_Pilsner":null,"max_abv_Pilsner":null,"best_beer_Porter":null,"best_beer_score_Porter":null,"most_popular_beer_Porter":null,"popularity_Porter":null,"n_beers_Porter":null,"avg_abv_Porter":null,"max_abv_beer_Porter":null,"max_abv_Porter":null,"best_beer_Fruit":null,"best_beer_score_Fruit":null,"most_popular_beer_Fruit":null,"popularity_Fruit":null,"n_beers_Fruit":null,"avg_abv_Fruit":null,"max_abv_beer_Fruit":null,"max_abv_Fruit":null,"best_beer_Roggenbier":null,"best_beer_score_Roggenbier":null,"most_popular_beer_Roggenbier":null,"popularity_Roggenbier":null,"n_beers_Roggenbier":null,"avg_abv_Roggenbier":null,"max_abv_beer_Roggenbier":null,"max_abv_Roggenbier":null,"best_beer_Herb":null,"best_beer_score_Herb":null,"most_popular_beer_Herb":null,"popularity_Herb":null,"n_beers_Herb":null,"avg_abv_Herb":null,"max_abv_beer_Herb":null,"max_abv_Herb":null,"best_beer_Smoke":null,"best_beer_score_Smoke":null,"most_popular_beer_Smoke":null,"popularity_Smoke":null,"n_beers_Smoke":null,"avg_abv_Smoke":null,"max_abv_beer_Smoke":null,"max_abv_Smoke":null,"best_beer_Barleywine":null,"best_beer_score_Barleywine":null,"most_popular_beer_Barleywine":null,"popularity_Barleywine":null,"n_beers_Barleywine":null,"avg_abv_Barleywine":null,"max_abv_beer_Barleywine":null,"max_abv_Barleywine":null,"best_beer":"Batman","best_beer_score":2.9166666667,"most_popular_beer":"Batman","popularity":1.0,"n_beers":1.0,"avg_abv":4.9,"max_abv_beer":"Batman","max_abv":4.9},{"brewery":"The Brothers Brewery","city":"Vestmannaeyjab\u00e6r","lat":63.4401009,"long":-20.2785899,"best_beer_IPA":"Dirty Julie","best_beer_score_IPA":3.3275,"most_popular_beer_IPA":"Dirty Julie","popularity_IPA":2.0,"n_beers_IPA":1.0,"avg_abv_IPA":4.7,"max_abv_beer_IPA":"Dirty Julie","max_abv_IPA":4.7,"best_beer_Ale":null,"best_beer_score_Ale":null,"most_popular_beer_Ale":null,"popularity_Ale":null,"n_beers_Ale":null,"avg_abv_Ale":null,"max_abv_beer_Ale":null,"max_abv_Ale":null,"best_beer_Lager":null,"best_beer_score_Lager":null,"most_popular_beer_Lager":null,"popularity_Lager":null,"n_beers_Lager":null,"avg_abv_Lager":null,"max_abv_beer_Lager":null,"max_abv_Lager":null,"best_beer_Stout":null,"best_beer_score_Stout":null,"most_popular_beer_Stout":null,"popularity_Stout":null,"n_beers_Stout":null,"avg_abv_Stout":null,"max_abv_beer_Stout":null,"max_abv_Stout":null,"best_beer_Pilsner":null,"best_beer_score_Pilsner":null,"most_popular_beer_Pilsner":null,"popularity_Pilsner":null,"n_beers_Pilsner":null,"avg_abv_Pilsner":null,"max_abv_beer_Pilsner":null,"max_abv_Pilsner":null,"best_beer_Porter":null,"best_beer_score_Porter":null,"most_popular_beer_Porter":null,"popularity_Porter":null,"n_beers_Porter":null,"avg_abv_Porter":null,"max_abv_beer_Porter":null,"max_abv_Porter":null,"best_beer_Fruit":null,"best_beer_score_Fruit":null,"most_popular_beer_Fruit":null,"popularity_Fruit":null,"n_beers_Fruit":null,"avg_abv_Fruit":null,"max_abv_beer_Fruit":null,"max_abv_Fruit":null,"best_beer_Roggenbier":null,"best_beer_score_Roggenbier":null,"most_popular_beer_Roggenbier":null,"popularity_Roggenbier":null,"n_beers_Roggenbier":null,"avg_abv_Roggenbier":null,"max_abv_beer_Roggenbier":null,"max_abv_Roggenbier":null,"best_beer_Herb":null,"best_beer_score_Herb":null,"most_popular_beer_Herb":null,"popularity_Herb":null,"n_beers_Herb":null,"avg_abv_Herb":null,"max_abv_beer_Herb":null,"max_abv_Herb":null,"best_beer_Smoke":null,"best_beer_score_Smoke":null,"most_popular_beer_Smoke":null,"popularity_Smoke":null,"n_beers_Smoke":null,"avg_abv_Smoke":null,"max_abv_beer_Smoke":null,"max_abv_Smoke":null,"best_beer_Barleywine":null,"best_beer_score_Barleywine":null,"most_popular_beer_Barleywine":null,"popularity_Barleywine":null,"n_beers_Barleywine":null,"avg_abv_Barleywine":null,"max_abv_beer_Barleywine":null,"max_abv_Barleywine":null,"best_beer":"Dirty Julie","best_beer_score":3.3275,"most_popular_beer":"Dirty Julie","popularity":2.0,"n_beers":1.0,"avg_abv":4.7,"max_abv_beer":"Dirty Julie","max_abv":4.7}]