[{"brewery":"Liberation Brewery","city":"St. Saviour","lat":49.1964567,"long":-2.0791301,"best_beer_IPA":"IPA","best_beer_score_IPA":3.06,"most_popular_beer_IPA":"IPA","popularity_IPA":5.0,"n_beers_IPA":2.0,"avg_abv_IPA":5.1,"max_abv_beer_IPA":"Liberation 145","max_abv_IPA":5.4,"best_beer_Ale":"Liberation Ale","best_beer_score_Ale":3.2383333333,"most_popular_beer_Ale":"IPA","popularity_Ale":5.0,"n_beers_Ale":14.0,"avg_abv_Ale":4.4214285714,"max_abv_beer_Ale":"140th Comm. Ale","max_abv_Ale":7.0,"best_beer_Lager":"Blonde","best_beer_score_Lager":2.8066666667,"most_popular_beer_Lager":"Blonde","popularity_Lager":1.0,"n_beers_Lager":1.0,"avg_abv_Lager":3.8,"max_abv_beer_Lager":"Blonde","max_abv_Lager":3.8,"best_beer_Stout":null,"best_beer_score_Stout":null,"most_popular_beer_Stout":null,"popularity_Stout":null,"n_beers_Stout":null,"avg_abv_Stout":null,"max_abv_beer_Stout":null,"max_abv_Stout":null,"best_beer_Pilsner":null,"best_beer_score_Pilsner":null,"most_popular_beer_Pilsner":null,"popularity_Pilsner":null,"n_beers_Pilsner":null,"avg_abv_Pilsner":null,"max_abv_beer_Pilsner":null,"max_abv_Pilsner":null,"best_beer_Porter":null,"best_beer_score_Porter":null,"most_popular_beer_Porter":null,"popularity_Porter":null,"n_beers_Porter":null,"avg_abv_Porter":null,"max_abv_beer_Porter":null,"max_abv_Porter":null,"best_beer_Fruit":null,"best_beer_score_Fruit":null,"most_popular_beer_Fruit":null,"popularity_Fruit":null,"n_beers_Fruit":null,"avg_abv_Fruit":null,"max_abv_beer_Fruit":null,"max_abv_Fruit":null,"best_beer_Roggenbier":null,"best_beer_score_Roggenbier":null,"most_popular_beer_Roggenbier":null,"popularity_Roggenbier":null,"n_beers_Roggenbier":null,"avg_abv_Roggenbier":null,"max_abv_beer_Roggenbier":null,"max_abv_Roggenbier":null,"best_beer_Herb":"La Mare Ale","best_beer_score_Herb":2.98,"most_popular_beer_Herb":"La Mare Ale","popularity_Herb":1.0,"n_beers_Herb":1.0,"avg_abv_Herb":4.8,"max_abv_beer_Herb":"La Mare Ale","max_abv_Herb":4.8,"best_beer_Smoke":null,"best_beer_score_Smoke":null,"most_popular_beer_Smoke":null,"popularity_Smoke":null,"n_beers_Smoke":null,"avg_abv_Smoke":null,"max_abv_beer_Smoke":null,"max_abv_Smoke":null,"best_beer_Barleywine":null,"best_beer_score_Barleywine":null,"most_popular_beer_Barleywine":null,"popularity_Barleywine":null,"n_beers_Barleywine":null,"avg_abv_Barleywine":null,"max_abv_beer_Barleywine":null,"max_abv_Barleywine":null,"best_beer":"Liberation Ale","best_beer_score":3.2383333333,"most_popular_beer":"IPA","popularity":5.0,"n_beers":19.0,"avg_abv":4.4315789474,"max_abv_beer":"140th Comm. Ale","max_abv":7.0},{"brewery":"The Pocket Brewery","city":"St. Ouen","lat":49.2335087,"long":-2.2020406,"best_beer_IPA":"Lady Hamilton IPA","best_beer_score_IPA":2.8333333333,"most_popular_beer_IPA":"Lady Hamilton IPA","popularity_IPA":1.0,"n_beers_IPA":1.0,"avg_abv_IPA":4.7,"max_abv_beer_IPA":"Lady Hamilton IPA","max_abv_IPA":4.7,"best_beer_Ale":"Lady Hamilton IPA","best_beer_score_Ale":2.8333333333,"most_popular_beer_Ale":"Lady Hamilton IPA","popularity_Ale":1.0,"n_beers_Ale":2.0,"avg_abv_Ale":4.6,"max_abv_beer_Ale":"Lady Hamilton IPA","max_abv_Ale":4.7,"best_beer_Lager":null,"best_beer_score_Lager":null,"most_popular_beer_Lager":null,"popularity_Lager":null,"n_beers_Lager":null,"avg_abv_Lager":null,"max_abv_beer_Lager":null,"max_abv_Lager":null,"best_beer_Stout":"St Ouen's Strong Stout","best_beer_score_Stout":2.6666666667,"most_popular_beer_Stout":"St Ouen's Strong Stout","popularity_Stout":1.0,"n_beers_Stout":1.0,"avg_abv_Stout":6.4,"max_abv_beer_Stout":"St Ouen's Strong Stout","max_abv_Stout":6.4,"best_beer_Pilsner":null,"best_beer_score_Pilsner":null,"most_popular_beer_Pilsner":null,"popularity_Pilsner":null,"n_beers_Pilsner":null,"avg_abv_Pilsner":null,"max_abv_beer_Pilsner":null,"max_abv_Pilsner":null,"best_beer_Porter":null,"best_beer_score_Porter":null,"most_popular_beer_Porter":null,"popularity_Porter":null,"n_beers_Porter":null,"avg_abv_Porter":null,"max_abv_beer_Porter":null,"max_abv_Porter":null,"best_beer_Fruit":null,"best_beer_score_Fruit":null,"most_popular_beer_Fruit":null,"popularity_Fruit":null,"n_beers_Fruit":null,"avg_abv_Fruit":null,"max_abv_beer_Fruit":null,"max_abv_Fruit":null,"best_beer_Roggenbier":null,"best_beer_score_Roggenbier":null,"most_popular_beer_Roggenbier":null,"popularity_Roggenbier":null,"n_beers_Roggenbier":null,"avg_abv_Roggenbier":null,"max_abv_beer_Roggenbier":null,"max_abv_Roggenbier":null,"best_beer_Herb":null,"best_beer_score_Herb":null,"most_popular_beer_Herb":null,"popularity_Herb":null,"n_beers_Herb":null,"avg_abv_Herb":null,"max_abv_beer_Herb":null,"max_abv_Herb":null,"best_beer_Smoke":null,"best_beer_score_Smoke":null,"most_popular_beer_Smoke":null,"popularity_Smoke":null,"n_beers_Smoke":null,"avg_abv_Smoke":null,"max_abv_beer_Smoke":null,"max_abv_Smoke":null,"best_beer_Barleywine":null,"best_beer_score_Barleywine":null,"most_popular_beer_Barleywine":null,"popularity_Barleywine":null,"n_beers_Barleywine":null,"avg_abv_Barleywine":null,"max_abv_beer_Barleywine":null,"max_abv_Barleywine":null,"best_beer":"Lady Hamilton IPA","best_beer_score":2.8333333333,"most_popular_beer":"Lady Hamilton IPA","popularity":1.0,"n_beers":3.0,"avg_abv":5.2,"max_abv_beer":"St Ouen's Strong Stout","max_abv":6.4}]