[{"brewery":"Desnoes & Geddes Limited","city":"Kingston","lat":17.99702,"long":-76.79358,"best_beer_IPA":null,"best_beer_score_IPA":null,"most_popular_beer_IPA":null,"popularity_IPA":null,"n_beers_IPA":null,"avg_abv_IPA":null,"max_abv_beer_IPA":null,"max_abv_IPA":null,"best_beer_Ale":null,"best_beer_score_Ale":null,"most_popular_beer_Ale":null,"popularity_Ale":null,"n_beers_Ale":null,"avg_abv_Ale":null,"max_abv_beer_Ale":null,"max_abv_Ale":null,"best_beer_Lager":"Red Stripe Jamaican Lager","best_beer_score_Lager":2.9678818182,"most_popular_beer_Lager":"Red Stripe Jamaican Lager","popularity_Lager":3298.0,"n_beers_Lager":7.0,"avg_abv_Lager":4.3785714286,"max_abv_beer_Lager":"Red Stripe Bold","max_abv_Lager":6.0,"best_beer_Stout":"Guinness Foreign Extra Stout (Jamaica)","best_beer_score_Stout":3.5866666667,"most_popular_beer_Stout":"Dragon Stout","popularity_Stout":508.0,"n_beers_Stout":5.0,"avg_abv_Stout":8.4,"max_abv_beer_Stout":"Dragon Stout Spitfire","max_abv_Stout":10.0,"best_beer_Pilsner":null,"best_beer_score_Pilsner":null,"most_popular_beer_Pilsner":null,"popularity_Pilsner":null,"n_beers_Pilsner":null,"avg_abv_Pilsner":null,"max_abv_beer_Pilsner":null,"max_abv_Pilsner":null,"best_beer_Porter":null,"best_beer_score_Porter":null,"most_popular_beer_Porter":null,"popularity_Porter":null,"n_beers_Porter":null,"avg_abv_Porter":null,"max_abv_beer_Porter":null,"max_abv_Porter":null,"best_beer_Fruit":"Red Stripe Lemon Paradise","best_beer_score_Fruit":3.0116666667,"most_popular_beer_Fruit":"Red Stripe Lemon Paradise","popularity_Fruit":4.0,"n_beers_Fruit":1.0,"avg_abv_Fruit":4.7,"max_abv_beer_Fruit":"Red Stripe Lemon Paradise","max_abv_Fruit":4.7,"best_beer_Roggenbier":null,"best_beer_score_Roggenbier":null,"most_popular_beer_Roggenbier":null,"popularity_Roggenbier":null,"n_beers_Roggenbier":null,"avg_abv_Roggenbier":null,"max_abv_beer_Roggenbier":null,"max_abv_Roggenbier":null,"best_beer_Herb":null,"best_beer_score_Herb":null,"most_popular_beer_Herb":null,"popularity_Herb":null,"n_beers_Herb":null,"avg_abv_Herb":null,"max_abv_beer_Herb":null,"max_abv_Herb":null,"best_beer_Smoke":null,"best_beer_score_Smoke":null,"most_popular_beer_Smoke":null,"popularity_Smoke":null,"n_beers_Smoke":null,"avg_abv_Smoke":null,"max_abv_beer_Smoke":null,"max_abv_Smoke":null,"best_beer_Barleywine":null,"best_beer_score_Barleywine":null,"most_popular_beer_Barleywine":null,"popularity_Barleywine":null,"n_beers_Barleywine":null,"avg_abv_Barleywine":null,"max_abv_beer_Barleywine":null,"max_abv_Barleywine":null,"best_beer":"Guinness Foreign Extra Stout (Jamaica)","best_beer_score":3.5866666667,"most_popular_beer":"Red Stripe Jamaican Lager","popularity":3298.0,"n_beers":13.0,"avg_abv":5.95,"max_abv_beer":"Dragon Stout Spitfire","max_abv":10.0},{"brewery":"Big City Brewing CO LTD","city":"Kingston","lat":17.99702,"long":-76.79358,"best_beer_IPA":null,"best_beer_score_IPA":null,"most_popular_beer_IPA":null,"popularity_IPA":null,"n_beers_IPA":null,"avg_abv_IPA":null,"max_abv_beer_IPA":null,"max_abv_IPA":null,"best_beer_Ale":null,"best_beer_score_Ale":null,"most_popular_beer_Ale":null,"popularity_Ale":null,"n_beers_Ale":null,"avg_abv_Ale":null,"max_abv_beer_Ale":null,"max_abv_Ale":null,"best_beer_Lager":"Real Rock","best_beer_score_Lager":2.9236363636,"most_popular_beer_Lager":"Real Rock","popularity_Lager":20.0,"n_beers_Lager":2.0,"avg_abv_Lager":4.65,"max_abv_beer_Lager":"Real Rock","max_abv_Lager":5.0,"best_beer_Stout":"Jamaica Stout","best_beer_score_Stout":3.6512857143,"most_popular_beer_Stout":"Jamaica Stout","popularity_Stout":68.0,"n_beers_Stout":2.0,"avg_abv_Stout":7.6,"max_abv_beer_Stout":"Lion Heart Stout","max_abv_Stout":7.6,"best_beer_Pilsner":null,"best_beer_score_Pilsner":null,"most_popular_beer_Pilsner":null,"popularity_Pilsner":null,"n_beers_Pilsner":null,"avg_abv_Pilsner":null,"max_abv_beer_Pilsner":null,"max_abv_Pilsner":null,"best_beer_Porter":null,"best_beer_score_Porter":null,"most_popular_beer_Porter":null,"popularity_Porter":null,"n_beers_Porter":null,"avg_abv_Porter":null,"max_abv_beer_Porter":null,"max_abv_Porter":null,"best_beer_Fruit":null,"best_beer_score_Fruit":null,"most_popular_beer_Fruit":null,"popularity_Fruit":null,"n_beers_Fruit":null,"avg_abv_Fruit":null,"max_abv_beer_Fruit":null,"max_abv_Fruit":null,"best_beer_Roggenbier":null,"best_beer_score_Roggenbier":null,"most_popular_beer_Roggenbier":null,"popularity_Roggenbier":null,"n_beers_Roggenbier":null,"avg_abv_Roggenbier":null,"max_abv_beer_Roggenbier":null,"max_abv_Roggenbier":null,"best_beer_Herb":"Royal Jamaican Alcoholic Ginger Beer","best_beer_score_Herb":3.3976666667,"most_popular_beer_Herb":"Royal Jamaican Alcoholic Ginger Beer","popularity_Herb":58.0,"n_beers_Herb":1.0,"avg_abv_Herb":4.4,"max_abv_beer_Herb":"Royal Jamaican Alcoholic Ginger Beer","max_abv_Herb":4.4,"best_beer_Smoke":null,"best_beer_score_Smoke":null,"most_popular_beer_Smoke":null,"popularity_Smoke":null,"n_beers_Smoke":null,"avg_abv_Smoke":null,"max_abv_beer_Smoke":null,"max_abv_Smoke":null,"best_beer_Barleywine":null,"best_beer_score_Barleywine":null,"most_popular_beer_Barleywine":null,"popularity_Barleywine":null,"n_beers_Barleywine":null,"avg_abv_Barleywine":null,"max_abv_beer_Barleywine":null,"max_abv_Barleywine":null,"best_beer":"Jamaica Stout","best_beer_score":3.6512857143,"most_popular_beer":"Jamaica Stout","popularity":68.0,"n_beers":5.0,"avg_abv":5.78,"max_abv_beer":"Lion Heart Stout","max_abv":7.6}]