[{"brewery":"Carakale Brewing Co.","city":"Amman","lat":31.95522,"long":35.94503,"best_beer_IPA":null,"best_beer_score_IPA":null,"most_popular_beer_IPA":null,"popularity_IPA":null,"n_beers_IPA":1.0,"avg_abv_IPA":6.5,"max_abv_beer_IPA":"India Pale Ale","max_abv_IPA":6.5,"best_beer_Ale":"Dead Sea-rious!","best_beer_score_Ale":3.7221052632,"most_popular_beer_Ale":"Dead Sea-rious!","popularity_Ale":17.0,"n_beers_Ale":6.0,"avg_abv_Ale":6.3,"max_abv_beer_Ale":"Imperial Red Ale","max_abv_Ale":9.3,"best_beer_Lager":null,"best_beer_score_Lager":null,"most_popular_beer_Lager":null,"popularity_Lager":null,"n_beers_Lager":null,"avg_abv_Lager":null,"max_abv_beer_Lager":null,"max_abv_Lager":null,"best_beer_Stout":"Master Brewer's Series: Mocha Stout","best_beer_score_Stout":2.88,"most_popular_beer_Stout":"Master Brewer's Series: Mocha Stout","popularity_Stout":1.0,"n_beers_Stout":1.0,"avg_abv_Stout":5.0,"max_abv_beer_Stout":"Master Brewer's Series: Mocha Stout","max_abv_Stout":5.0,"best_beer_Pilsner":"Pilsner","best_beer_score_Pilsner":2.8966666667,"most_popular_beer_Pilsner":"Pilsner","popularity_Pilsner":1.0,"n_beers_Pilsner":1.0,"avg_abv_Pilsner":5.0,"max_abv_beer_Pilsner":"Pilsner","max_abv_Pilsner":5.0,"best_beer_Porter":"Black Camel Spider","best_beer_score_Porter":3.7958333333,"most_popular_beer_Porter":"Black Camel Spider","popularity_Porter":10.0,"n_beers_Porter":2.0,"avg_abv_Porter":8.75,"max_abv_beer_Porter":"Black Camel Spider","max_abv_Porter":10.5,"best_beer_Fruit":null,"best_beer_score_Fruit":null,"most_popular_beer_Fruit":null,"popularity_Fruit":null,"n_beers_Fruit":null,"avg_abv_Fruit":null,"max_abv_beer_Fruit":null,"max_abv_Fruit":null,"best_beer_Roggenbier":null,"best_beer_score_Roggenbier":null,"most_popular_beer_Roggenbier":null,"popularity_Roggenbier":null,"n_beers_Roggenbier":null,"avg_abv_Roggenbier":null,"max_abv_beer_Roggenbier":null,"max_abv_Roggenbier":null,"best_beer_Herb":null,"best_beer_score_Herb":null,"most_popular_beer_Herb":null,"popularity_Herb":null,"n_beers_Herb":null,"avg_abv_Herb":null,"max_abv_beer_Herb":null,"max_abv_Herb":null,"best_beer_Smoke":null,"best_beer_score_Smoke":null,"most_popular_beer_Smoke":null,"popularity_Smoke":null,"n_beers_Smoke":null,"avg_abv_Smoke":null,"max_abv_beer_Smoke":null,"max_abv_Smoke":null,"best_beer_Barleywine":null,"best_beer_score_Barleywine":null,"most_popular_beer_Barleywine":null,"popularity_Barleywine":null,"n_beers_Barleywine":null,"avg_abv_Barleywine":null,"max_abv_beer_Barleywine":null,"max_abv_Barleywine":null,"best_beer":"Black Camel Spider","best_beer_score":3.7958333333,"most_popular_beer":"Dead Sea-rious!","popularity":17.0,"n_beers":12.0,"avg_abv":6.5166666667,"max_abv_beer":"Black Camel Spider","max_abv":10.5},{"brewery":"Middle East International Investments Group\/MEIIG","city":"Amman","lat":31.95522,"long":35.94503,"best_beer_IPA":null,"best_beer_score_IPA":null,"most_popular_beer_IPA":null,"popularity_IPA":null,"n_beers_IPA":null,"avg_abv_IPA":null,"max_abv_beer_IPA":null,"max_abv_IPA":null,"best_beer_Ale":null,"best_beer_score_Ale":null,"most_popular_beer_Ale":null,"popularity_Ale":null,"n_beers_Ale":null,"avg_abv_Ale":null,"max_abv_beer_Ale":null,"max_abv_Ale":null,"best_beer_Lager":"Philadelphia Beer","best_beer_score_Lager":2.665,"most_popular_beer_Lager":"Philadelphia Beer","popularity_Lager":6.0,"n_beers_Lager":2.0,"avg_abv_Lager":4.375,"max_abv_beer_Lager":"Philadelphia Beer","max_abv_Lager":5.0,"best_beer_Stout":null,"best_beer_score_Stout":null,"most_popular_beer_Stout":null,"popularity_Stout":null,"n_beers_Stout":null,"avg_abv_Stout":null,"max_abv_beer_Stout":null,"max_abv_Stout":null,"best_beer_Pilsner":null,"best_beer_score_Pilsner":null,"most_popular_beer_Pilsner":null,"popularity_Pilsner":null,"n_beers_Pilsner":null,"avg_abv_Pilsner":null,"max_abv_beer_Pilsner":null,"max_abv_Pilsner":null,"best_beer_Porter":null,"best_beer_score_Porter":null,"most_popular_beer_Porter":null,"popularity_Porter":null,"n_beers_Porter":null,"avg_abv_Porter":null,"max_abv_beer_Porter":null,"max_abv_Porter":null,"best_beer_Fruit":null,"best_beer_score_Fruit":null,"most_popular_beer_Fruit":null,"popularity_Fruit":null,"n_beers_Fruit":null,"avg_abv_Fruit":null,"max_abv_beer_Fruit":null,"max_abv_Fruit":null,"best_beer_Roggenbier":null,"best_beer_score_Roggenbier":null,"most_popular_beer_Roggenbier":null,"popularity_Roggenbier":null,"n_beers_Roggenbier":null,"avg_abv_Roggenbier":null,"max_abv_beer_Roggenbier":null,"max_abv_Roggenbier":null,"best_beer_Herb":null,"best_beer_score_Herb":null,"most_popular_beer_Herb":null,"popularity_Herb":null,"n_beers_Herb":null,"avg_abv_Herb":null,"max_abv_beer_Herb":null,"max_abv_Herb":null,"best_beer_Smoke":null,"best_beer_score_Smoke":null,"most_popular_beer_Smoke":null,"popularity_Smoke":null,"n_beers_Smoke":null,"avg_abv_Smoke":null,"max_abv_beer_Smoke":null,"max_abv_Smoke":null,"best_beer_Barleywine":null,"best_beer_score_Barleywine":null,"most_popular_beer_Barleywine":null,"popularity_Barleywine":null,"n_beers_Barleywine":null,"avg_abv_Barleywine":null,"max_abv_beer_Barleywine":null,"max_abv_Barleywine":null,"best_beer":"Philadelphia Beer","best_beer_score":2.665,"most_popular_beer":"Philadelphia Beer","popularity":6.0,"n_beers":4.0,"avg_abv":6.6875,"max_abv_beer":"Petra 10%","max_abv":10.0}]