[{"brewery":"The Hand and Malt Brewing Company","city":"Gyeonggi-do","lat":37.2752,"long":127.0095,"best_beer_IPA":"Slow IPA","best_beer_score_IPA":3.312,"most_popular_beer_IPA":"Slow IPA","popularity_IPA":3.0,"n_beers_IPA":1.0,"avg_abv_IPA":4.6,"max_abv_beer_IPA":"Slow IPA","max_abv_IPA":4.6,"best_beer_Ale":"Changwon Express Asoke Pale Ale","best_beer_score_Ale":3.184,"most_popular_beer_Ale":"Changwon Express Asoke Pale Ale","popularity_Ale":3.0,"n_beers_Ale":2.0,"avg_abv_Ale":4.95,"max_abv_beer_Ale":"Chung Pyung Harvest Ale","max_abv_Ale":5.2,"best_beer_Lager":null,"best_beer_score_Lager":null,"most_popular_beer_Lager":null,"popularity_Lager":null,"n_beers_Lager":null,"avg_abv_Lager":null,"max_abv_beer_Lager":null,"max_abv_Lager":null,"best_beer_Stout":"Mocha Stout","best_beer_score_Stout":3.6490909091,"most_popular_beer_Stout":"Mocha Stout","popularity_Stout":9.0,"n_beers_Stout":4.0,"avg_abv_Stout":5.025,"max_abv_beer_Stout":"Changwon Express Chao Phraya Stout","max_abv_Stout":5.4,"best_beer_Pilsner":"Flower Power Pilsner","best_beer_score_Pilsner":2.8866666667,"most_popular_beer_Pilsner":"Flower Power Pilsner","popularity_Pilsner":1.0,"n_beers_Pilsner":1.0,"avg_abv_Pilsner":5.2,"max_abv_beer_Pilsner":"Flower Power Pilsner","max_abv_Pilsner":5.2,"best_beer_Porter":null,"best_beer_score_Porter":null,"most_popular_beer_Porter":null,"popularity_Porter":null,"n_beers_Porter":null,"avg_abv_Porter":null,"max_abv_beer_Porter":null,"max_abv_Porter":null,"best_beer_Fruit":null,"best_beer_score_Fruit":null,"most_popular_beer_Fruit":null,"popularity_Fruit":null,"n_beers_Fruit":null,"avg_abv_Fruit":null,"max_abv_beer_Fruit":null,"max_abv_Fruit":null,"best_beer_Roggenbier":null,"best_beer_score_Roggenbier":null,"most_popular_beer_Roggenbier":null,"popularity_Roggenbier":null,"n_beers_Roggenbier":null,"avg_abv_Roggenbier":null,"max_abv_beer_Roggenbier":null,"max_abv_Roggenbier":null,"best_beer_Herb":null,"best_beer_score_Herb":null,"most_popular_beer_Herb":null,"popularity_Herb":null,"n_beers_Herb":null,"avg_abv_Herb":null,"max_abv_beer_Herb":null,"max_abv_Herb":null,"best_beer_Smoke":null,"best_beer_score_Smoke":null,"most_popular_beer_Smoke":null,"popularity_Smoke":null,"n_beers_Smoke":null,"avg_abv_Smoke":null,"max_abv_beer_Smoke":null,"max_abv_Smoke":null,"best_beer_Barleywine":null,"best_beer_score_Barleywine":null,"most_popular_beer_Barleywine":null,"popularity_Barleywine":null,"n_beers_Barleywine":null,"avg_abv_Barleywine":null,"max_abv_beer_Barleywine":null,"max_abv_Barleywine":null,"best_beer":"Mocha Stout","best_beer_score":3.6490909091,"most_popular_beer":"Mocha Stout","popularity":9.0,"n_beers":12.0,"avg_abv":5.0416666667,"max_abv_beer":"Extra Special Ale","max_abv":5.7},{"brewery":"Amazing Brewing Company","city":"Seoul","lat":37.566,"long":126.9784,"best_beer_IPA":"Amazing IPA","best_beer_score_IPA":2.9766666667,"most_popular_beer_IPA":"Amazing IPA","popularity_IPA":1.0,"n_beers_IPA":2.0,"avg_abv_IPA":6.35,"max_abv_beer_IPA":"First Love New England IPA","max_abv_IPA":6.5,"best_beer_Ale":"Seoul Forest New England Pale Ale","best_beer_score_Ale":2.8733333333,"most_popular_beer_Ale":"Seoul Forest New England Pale Ale","popularity_Ale":1.0,"n_beers_Ale":4.0,"avg_abv_Ale":5.2,"max_abv_beer_Ale":"Aromatic Yuzu Ale","max_abv_Ale":5.5,"best_beer_Lager":null,"best_beer_score_Lager":null,"most_popular_beer_Lager":null,"popularity_Lager":null,"n_beers_Lager":null,"avg_abv_Lager":null,"max_abv_beer_Lager":null,"max_abv_Lager":null,"best_beer_Stout":"Shocking Stout","best_beer_score_Stout":2.9066666667,"most_popular_beer_Stout":"Shocking Stout","popularity_Stout":1.0,"n_beers_Stout":2.0,"avg_abv_Stout":7.5,"max_abv_beer_Stout":"Shocking Stout","max_abv_Stout":8.5,"best_beer_Pilsner":null,"best_beer_score_Pilsner":null,"most_popular_beer_Pilsner":null,"popularity_Pilsner":null,"n_beers_Pilsner":null,"avg_abv_Pilsner":null,"max_abv_beer_Pilsner":null,"max_abv_Pilsner":null,"best_beer_Porter":null,"best_beer_score_Porter":null,"most_popular_beer_Porter":null,"popularity_Porter":null,"n_beers_Porter":null,"avg_abv_Porter":null,"max_abv_beer_Porter":null,"max_abv_Porter":null,"best_beer_Fruit":null,"best_beer_score_Fruit":null,"most_popular_beer_Fruit":null,"popularity_Fruit":null,"n_beers_Fruit":null,"avg_abv_Fruit":null,"max_abv_beer_Fruit":null,"max_abv_Fruit":null,"best_beer_Roggenbier":null,"best_beer_score_Roggenbier":null,"most_popular_beer_Roggenbier":null,"popularity_Roggenbier":null,"n_beers_Roggenbier":null,"avg_abv_Roggenbier":null,"max_abv_beer_Roggenbier":null,"max_abv_Roggenbier":null,"best_beer_Herb":null,"best_beer_score_Herb":null,"most_popular_beer_Herb":null,"popularity_Herb":null,"n_beers_Herb":null,"avg_abv_Herb":null,"max_abv_beer_Herb":null,"max_abv_Herb":null,"best_beer_Smoke":null,"best_beer_score_Smoke":null,"most_popular_beer_Smoke":null,"popularity_Smoke":null,"n_beers_Smoke":null,"avg_abv_Smoke":null,"max_abv_beer_Smoke":null,"max_abv_Smoke":null,"best_beer_Barleywine":null,"best_beer_score_Barleywine":null,"most_popular_beer_Barleywine":null,"popularity_Barleywine":null,"n_beers_Barleywine":null,"avg_abv_Barleywine":null,"max_abv_beer_Barleywine":null,"max_abv_Barleywine":null,"best_beer":"Amazing IPA","best_beer_score":2.9766666667,"most_popular_beer":"Shocking Stout","popularity":1.0,"n_beers":9.0,"avg_abv":6.0,"max_abv_beer":"Shocking Stout","max_abv":8.5},{"brewery":"Pogona Brewing Company","city":"Seoul","lat":37.566,"long":126.9784,"best_beer_IPA":"Galaxy IPA","best_beer_score_IPA":2.9166666667,"most_popular_beer_IPA":"Galaxy IPA","popularity_IPA":1.0,"n_beers_IPA":1.0,"avg_abv_IPA":6.5,"max_abv_beer_IPA":"Galaxy IPA","max_abv_IPA":6.5,"best_beer_Ale":null,"best_beer_score_Ale":null,"most_popular_beer_Ale":null,"popularity_Ale":null,"n_beers_Ale":null,"avg_abv_Ale":null,"max_abv_beer_Ale":null,"max_abv_Ale":null,"best_beer_Lager":null,"best_beer_score_Lager":null,"most_popular_beer_Lager":null,"popularity_Lager":null,"n_beers_Lager":null,"avg_abv_Lager":null,"max_abv_beer_Lager":null,"max_abv_Lager":null,"best_beer_Stout":null,"best_beer_score_Stout":null,"most_popular_beer_Stout":null,"popularity_Stout":null,"n_beers_Stout":null,"avg_abv_Stout":null,"max_abv_beer_Stout":null,"max_abv_Stout":null,"best_beer_Pilsner":null,"best_beer_score_Pilsner":null,"most_popular_beer_Pilsner":null,"popularity_Pilsner":null,"n_beers_Pilsner":null,"avg_abv_Pilsner":null,"max_abv_beer_Pilsner":null,"max_abv_Pilsner":null,"best_beer_Porter":null,"best_beer_score_Porter":null,"most_popular_beer_Porter":null,"popularity_Porter":null,"n_beers_Porter":null,"avg_abv_Porter":null,"max_abv_beer_Porter":null,"max_abv_Porter":null,"best_beer_Fruit":null,"best_beer_score_Fruit":null,"most_popular_beer_Fruit":null,"popularity_Fruit":null,"n_beers_Fruit":null,"avg_abv_Fruit":null,"max_abv_beer_Fruit":null,"max_abv_Fruit":null,"best_beer_Roggenbier":null,"best_beer_score_Roggenbier":null,"most_popular_beer_Roggenbier":null,"popularity_Roggenbier":null,"n_beers_Roggenbier":null,"avg_abv_Roggenbier":null,"max_abv_beer_Roggenbier":null,"max_abv_Roggenbier":null,"best_beer_Herb":null,"best_beer_score_Herb":null,"most_popular_beer_Herb":null,"popularity_Herb":null,"n_beers_Herb":null,"avg_abv_Herb":null,"max_abv_beer_Herb":null,"max_abv_Herb":null,"best_beer_Smoke":null,"best_beer_score_Smoke":null,"most_popular_beer_Smoke":null,"popularity_Smoke":null,"n_beers_Smoke":null,"avg_abv_Smoke":null,"max_abv_beer_Smoke":null,"max_abv_Smoke":null,"best_beer_Barleywine":null,"best_beer_score_Barleywine":null,"most_popular_beer_Barleywine":null,"popularity_Barleywine":null,"n_beers_Barleywine":null,"avg_abv_Barleywine":null,"max_abv_beer_Barleywine":null,"max_abv_Barleywine":null,"best_beer":"Galaxy IPA","best_beer_score":2.9166666667,"most_popular_beer":"Galaxy IPA","popularity":1.0,"n_beers":1.0,"avg_abv":6.5,"max_abv_beer":"Galaxy IPA","max_abv":6.5},{"brewery":"MysterLee Brewing Co.","city":"Seoul","lat":37.566,"long":126.9784,"best_beer_IPA":"Me.Green NE Style IPA (Vermont Yeast)","best_beer_score_IPA":3.2266666667,"most_popular_beer_IPA":"Me.Green NE Style IPA (Vermont Yeast)","popularity_IPA":1.0,"n_beers_IPA":6.0,"avg_abv_IPA":7.0166666667,"max_abv_beer_IPA":"Mr.Green NE Style Double IPA","max_abv_IPA":8.1,"best_beer_Ale":"Me.Green NE Style IPA (Vermont Yeast)","best_beer_score_Ale":3.2266666667,"most_popular_beer_Ale":"Me.Green NE Style IPA (Vermont Yeast)","popularity_Ale":1.0,"n_beers_Ale":14.0,"avg_abv_Ale":4.65,"max_abv_beer_Ale":"Me.Green NE Style IPA (Vermont Yeast)","max_abv_Ale":7.1,"best_beer_Lager":null,"best_beer_score_Lager":null,"most_popular_beer_Lager":null,"popularity_Lager":null,"n_beers_Lager":1.0,"avg_abv_Lager":5.8,"max_abv_beer_Lager":"Mr.Yellow Amber Lager","max_abv_Lager":5.8,"best_beer_Stout":null,"best_beer_score_Stout":null,"most_popular_beer_Stout":null,"popularity_Stout":null,"n_beers_Stout":6.0,"avg_abv_Stout":8.2833333333,"max_abv_beer_Stout":"Mr.Black Coffee & Cinnamon Imperial Stout","max_abv_Stout":11.0,"best_beer_Pilsner":null,"best_beer_score_Pilsner":null,"most_popular_beer_Pilsner":null,"popularity_Pilsner":null,"n_beers_Pilsner":1.0,"avg_abv_Pilsner":5.5,"max_abv_beer_Pilsner":"MR.YELLOW Portland Style Pilsner","max_abv_Pilsner":5.5,"best_beer_Porter":null,"best_beer_score_Porter":null,"most_popular_beer_Porter":null,"popularity_Porter":null,"n_beers_Porter":1.0,"avg_abv_Porter":5.9,"max_abv_beer_Porter":"Mr.Black Vanilla & Cacao Nibs Porter","max_abv_Porter":5.9,"best_beer_Fruit":null,"best_beer_score_Fruit":null,"most_popular_beer_Fruit":null,"popularity_Fruit":null,"n_beers_Fruit":null,"avg_abv_Fruit":null,"max_abv_beer_Fruit":null,"max_abv_Fruit":null,"best_beer_Roggenbier":null,"best_beer_score_Roggenbier":null,"most_popular_beer_Roggenbier":null,"popularity_Roggenbier":null,"n_beers_Roggenbier":null,"avg_abv_Roggenbier":null,"max_abv_beer_Roggenbier":null,"max_abv_Roggenbier":null,"best_beer_Herb":null,"best_beer_score_Herb":null,"most_popular_beer_Herb":null,"popularity_Herb":null,"n_beers_Herb":null,"avg_abv_Herb":null,"max_abv_beer_Herb":null,"max_abv_Herb":null,"best_beer_Smoke":null,"best_beer_score_Smoke":null,"most_popular_beer_Smoke":null,"popularity_Smoke":null,"n_beers_Smoke":null,"avg_abv_Smoke":null,"max_abv_beer_Smoke":null,"max_abv_Smoke":null,"best_beer_Barleywine":null,"best_beer_score_Barleywine":null,"most_popular_beer_Barleywine":null,"popularity_Barleywine":null,"n_beers_Barleywine":null,"avg_abv_Barleywine":null,"max_abv_beer_Barleywine":null,"max_abv_Barleywine":null,"best_beer":"Me.Green NE Style IPA (Vermont Yeast)","best_beer_score":3.2266666667,"most_popular_beer":"Me.Green NE Style IPA (Vermont Yeast)","popularity":1.0,"n_beers":29.0,"avg_abv":5.9310344828,"max_abv_beer":"Mr.Black Coffee & Cinnamon Imperial Stout","max_abv":11.0},{"brewery":"Magpie Brewing Itaewon","city":"Seoul","lat":37.566,"long":126.9784,"best_beer_IPA":"Bird Food","best_beer_score_IPA":3.0533333333,"most_popular_beer_IPA":"Bird Food","popularity_IPA":1.0,"n_beers_IPA":4.0,"avg_abv_IPA":6.475,"max_abv_beer_IPA":"The Saint","max_abv_IPA":7.2,"best_beer_Ale":"Pale Ale","best_beer_score_Ale":3.254,"most_popular_beer_Ale":"Pale Ale","popularity_Ale":8.0,"n_beers_Ale":9.0,"avg_abv_Ale":5.2333333333,"max_abv_beer_Ale":"The Sinner","max_abv_Ale":7.5,"best_beer_Lager":null,"best_beer_score_Lager":null,"most_popular_beer_Lager":null,"popularity_Lager":null,"n_beers_Lager":null,"avg_abv_Lager":null,"max_abv_beer_Lager":null,"max_abv_Lager":null,"best_beer_Stout":null,"best_beer_score_Stout":null,"most_popular_beer_Stout":null,"popularity_Stout":null,"n_beers_Stout":null,"avg_abv_Stout":null,"max_abv_beer_Stout":null,"max_abv_Stout":null,"best_beer_Pilsner":null,"best_beer_score_Pilsner":null,"most_popular_beer_Pilsner":null,"popularity_Pilsner":null,"n_beers_Pilsner":null,"avg_abv_Pilsner":null,"max_abv_beer_Pilsner":null,"max_abv_Pilsner":null,"best_beer_Porter":"The Last Train","best_beer_score_Porter":3.59,"most_popular_beer_Porter":"Porter","popularity_Porter":5.0,"n_beers_Porter":2.0,"avg_abv_Porter":6.4,"max_abv_beer_Porter":"The Last Train","max_abv_Porter":8.0,"best_beer_Fruit":null,"best_beer_score_Fruit":null,"most_popular_beer_Fruit":null,"popularity_Fruit":null,"n_beers_Fruit":1.0,"avg_abv_Fruit":4.3,"max_abv_beer_Fruit":"Raspberry Lemon Wheat","max_abv_Fruit":4.3,"best_beer_Roggenbier":null,"best_beer_score_Roggenbier":null,"most_popular_beer_Roggenbier":null,"popularity_Roggenbier":null,"n_beers_Roggenbier":1.0,"avg_abv_Roggenbier":6.2,"max_abv_beer_Roggenbier":"A Bird In The Hand","max_abv_Roggenbier":6.2,"best_beer_Herb":null,"best_beer_score_Herb":null,"most_popular_beer_Herb":null,"popularity_Herb":null,"n_beers_Herb":null,"avg_abv_Herb":null,"max_abv_beer_Herb":null,"max_abv_Herb":null,"best_beer_Smoke":null,"best_beer_score_Smoke":null,"most_popular_beer_Smoke":null,"popularity_Smoke":null,"n_beers_Smoke":null,"avg_abv_Smoke":null,"max_abv_beer_Smoke":null,"max_abv_Smoke":null,"best_beer_Barleywine":"Winter Warmer","best_beer_score_Barleywine":3.0433333333,"most_popular_beer_Barleywine":"Winter Warmer","popularity_Barleywine":1.0,"n_beers_Barleywine":1.0,"avg_abv_Barleywine":9.87,"max_abv_beer_Barleywine":"Winter Warmer","max_abv_Barleywine":9.87,"best_beer":"The Last Train","best_beer_score":3.59,"most_popular_beer":"Pale Ale","popularity":8.0,"n_beers":19.0,"avg_abv":6.0615789474,"max_abv_beer":"Winter Warmer","max_abv":9.87},{"brewery":"Korea Craft Brewery","city":"Chungcheongbuk-do","lat":36.6357,"long":127.4915,"best_beer_IPA":"Ark Be High IPA","best_beer_score_IPA":3.305,"most_popular_beer_IPA":"Ark Be High IPA","popularity_IPA":4.0,"n_beers_IPA":2.0,"avg_abv_IPA":6.25,"max_abv_beer_IPA":"Ark Be High IPA","max_abv_IPA":7.0,"best_beer_Ale":"Surf Man APA","best_beer_score_Ale":3.085,"most_popular_beer_Ale":"Surf Man APA","popularity_Ale":2.0,"n_beers_Ale":1.0,"avg_abv_Ale":5.0,"max_abv_beer_Ale":"Surf Man APA","max_abv_Ale":5.0,"best_beer_Lager":null,"best_beer_score_Lager":null,"most_popular_beer_Lager":null,"popularity_Lager":null,"n_beers_Lager":null,"avg_abv_Lager":null,"max_abv_beer_Lager":null,"max_abv_Lager":null,"best_beer_Stout":"Black Swan","best_beer_score_Stout":3.0225,"most_popular_beer_Stout":"Black Swan","popularity_Stout":2.0,"n_beers_Stout":2.0,"avg_abv_Stout":4.5,"max_abv_beer_Stout":"Black Swan","max_abv_Stout":4.5,"best_beer_Pilsner":null,"best_beer_score_Pilsner":null,"most_popular_beer_Pilsner":null,"popularity_Pilsner":null,"n_beers_Pilsner":null,"avg_abv_Pilsner":null,"max_abv_beer_Pilsner":null,"max_abv_Pilsner":null,"best_beer_Porter":null,"best_beer_score_Porter":null,"most_popular_beer_Porter":null,"popularity_Porter":null,"n_beers_Porter":null,"avg_abv_Porter":null,"max_abv_beer_Porter":null,"max_abv_Porter":null,"best_beer_Fruit":null,"best_beer_score_Fruit":null,"most_popular_beer_Fruit":null,"popularity_Fruit":null,"n_beers_Fruit":null,"avg_abv_Fruit":null,"max_abv_beer_Fruit":null,"max_abv_Fruit":null,"best_beer_Roggenbier":null,"best_beer_score_Roggenbier":null,"most_popular_beer_Roggenbier":null,"popularity_Roggenbier":null,"n_beers_Roggenbier":null,"avg_abv_Roggenbier":null,"max_abv_beer_Roggenbier":null,"max_abv_Roggenbier":null,"best_beer_Herb":null,"best_beer_score_Herb":null,"most_popular_beer_Herb":null,"popularity_Herb":null,"n_beers_Herb":null,"avg_abv_Herb":null,"max_abv_beer_Herb":null,"max_abv_Herb":null,"best_beer_Smoke":null,"best_beer_score_Smoke":null,"most_popular_beer_Smoke":null,"popularity_Smoke":null,"n_beers_Smoke":null,"avg_abv_Smoke":null,"max_abv_beer_Smoke":null,"max_abv_Smoke":null,"best_beer_Barleywine":null,"best_beer_score_Barleywine":null,"most_popular_beer_Barleywine":null,"popularity_Barleywine":null,"n_beers_Barleywine":null,"avg_abv_Barleywine":null,"max_abv_beer_Barleywine":null,"max_abv_Barleywine":null,"best_beer":"Hug Me","best_beer_score":3.3566666667,"most_popular_beer":"Ark Be High IPA","popularity":4.0,"n_beers":7.0,"avg_abv":5.7857142857,"max_abv_beer":"Ark Dong Bing Go","max_abv":8.5},{"brewery":"Made In PONG DANG","city":"Seoul","lat":37.566,"long":126.9784,"best_beer_IPA":"Mosa-C IPA","best_beer_score_IPA":2.92,"most_popular_beer_IPA":"Mosaic Bomb! IPA","popularity_IPA":2.0,"n_beers_IPA":5.0,"avg_abv_IPA":6.26,"max_abv_beer_IPA":"222-1 Daero IPA","max_abv_IPA":6.5,"best_beer_Ale":"Single Hop Series: Centennial Pale Ale","best_beer_score_Ale":3.1075,"most_popular_beer_Ale":"Belgian Blond Ale","popularity_Ale":3.0,"n_beers_Ale":14.0,"avg_abv_Ale":4.6857142857,"max_abv_beer_Ale":"Hoppy Brown","max_abv_Ale":5.6,"best_beer_Lager":"Hope Lager","best_beer_score_Lager":2.6033333333,"most_popular_beer_Lager":"Fall In Lager","popularity_Lager":1.0,"n_beers_Lager":2.0,"avg_abv_Lager":5.1,"max_abv_beer_Lager":"Fall In Lager","max_abv_Lager":5.2,"best_beer_Stout":"Into The Barrel Artisan Project Bourbon Chocolate Buddha","best_beer_score_Stout":2.8625,"most_popular_beer_Stout":"Thank You Berry Coffee Stout","popularity_Stout":2.0,"n_beers_Stout":5.0,"avg_abv_Stout":6.98,"max_abv_beer_Stout":"Into The Barrel Artisan Project Bourbon Buddha","max_abv_Stout":8.0,"best_beer_Pilsner":null,"best_beer_score_Pilsner":null,"most_popular_beer_Pilsner":null,"popularity_Pilsner":null,"n_beers_Pilsner":null,"avg_abv_Pilsner":null,"max_abv_beer_Pilsner":null,"max_abv_Pilsner":null,"best_beer_Porter":null,"best_beer_score_Porter":null,"most_popular_beer_Porter":null,"popularity_Porter":null,"n_beers_Porter":null,"avg_abv_Porter":null,"max_abv_beer_Porter":null,"max_abv_Porter":null,"best_beer_Fruit":null,"best_beer_score_Fruit":null,"most_popular_beer_Fruit":null,"popularity_Fruit":null,"n_beers_Fruit":null,"avg_abv_Fruit":null,"max_abv_beer_Fruit":null,"max_abv_Fruit":null,"best_beer_Roggenbier":null,"best_beer_score_Roggenbier":null,"most_popular_beer_Roggenbier":null,"popularity_Roggenbier":null,"n_beers_Roggenbier":null,"avg_abv_Roggenbier":null,"max_abv_beer_Roggenbier":null,"max_abv_Roggenbier":null,"best_beer_Herb":null,"best_beer_score_Herb":null,"most_popular_beer_Herb":null,"popularity_Herb":null,"n_beers_Herb":null,"avg_abv_Herb":null,"max_abv_beer_Herb":null,"max_abv_Herb":null,"best_beer_Smoke":null,"best_beer_score_Smoke":null,"most_popular_beer_Smoke":null,"popularity_Smoke":null,"n_beers_Smoke":null,"avg_abv_Smoke":null,"max_abv_beer_Smoke":null,"max_abv_Smoke":null,"best_beer_Barleywine":null,"best_beer_score_Barleywine":null,"most_popular_beer_Barleywine":null,"popularity_Barleywine":null,"n_beers_Barleywine":null,"avg_abv_Barleywine":null,"max_abv_beer_Barleywine":null,"max_abv_Barleywine":null,"best_beer":"Single Hop Series: Centennial Pale Ale","best_beer_score":3.1075,"most_popular_beer":"Belgian Blond Ale","popularity":3.0,"n_beers":27.0,"avg_abv":5.4407407407,"max_abv_beer":"Into The Barrel Artisan Project Bourbon Buddha","max_abv":8.0},{"brewery":"The Booth Brewing (\ub354\ubd80\uc2a4)","city":"Seoul","lat":37.566,"long":126.9784,"best_beer_IPA":"Kukmin IPA","best_beer_score_IPA":3.522,"most_popular_beer_IPA":"Kukmin IPA","popularity_IPA":8.0,"n_beers_IPA":10.0,"avg_abv_IPA":6.31,"max_abv_beer_IPA":"Codename: 006","max_abv_IPA":7.3,"best_beer_Ale":"Basil Gose","best_beer_score_Ale":3.095,"most_popular_beer_Ale":"Basil Gose","popularity_Ale":2.0,"n_beers_Ale":12.0,"avg_abv_Ale":5.2916666667,"max_abv_beer_Ale":"Lifetime Pale Ale","max_abv_Ale":6.3,"best_beer_Lager":null,"best_beer_score_Lager":null,"most_popular_beer_Lager":null,"popularity_Lager":null,"n_beers_Lager":1.0,"avg_abv_Lager":5.7,"max_abv_beer_Lager":"IPO Not IPA","max_abv_Lager":5.7,"best_beer_Stout":"Dancing Cow Milk Stout","best_beer_score_Stout":3.0875,"most_popular_beer_Stout":"Dancing Cow Milk Stout","popularity_Stout":2.0,"n_beers_Stout":2.0,"avg_abv_Stout":6.15,"max_abv_beer_Stout":"Woof Stout","max_abv_Stout":7.3,"best_beer_Pilsner":null,"best_beer_score_Pilsner":null,"most_popular_beer_Pilsner":null,"popularity_Pilsner":null,"n_beers_Pilsner":null,"avg_abv_Pilsner":null,"max_abv_beer_Pilsner":null,"max_abv_Pilsner":null,"best_beer_Porter":null,"best_beer_score_Porter":null,"most_popular_beer_Porter":null,"popularity_Porter":null,"n_beers_Porter":2.0,"avg_abv_Porter":4.9,"max_abv_beer_Porter":"Christmas Porter","max_abv_Porter":4.9,"best_beer_Fruit":null,"best_beer_score_Fruit":null,"most_popular_beer_Fruit":null,"popularity_Fruit":null,"n_beers_Fruit":null,"avg_abv_Fruit":null,"max_abv_beer_Fruit":null,"max_abv_Fruit":null,"best_beer_Roggenbier":null,"best_beer_score_Roggenbier":null,"most_popular_beer_Roggenbier":null,"popularity_Roggenbier":null,"n_beers_Roggenbier":2.0,"avg_abv_Roggenbier":7.5,"max_abv_beer_Roggenbier":"Chaser In The Rye","max_abv_Roggenbier":8.8,"best_beer_Herb":null,"best_beer_score_Herb":null,"most_popular_beer_Herb":null,"popularity_Herb":null,"n_beers_Herb":null,"avg_abv_Herb":null,"max_abv_beer_Herb":null,"max_abv_Herb":null,"best_beer_Smoke":null,"best_beer_score_Smoke":null,"most_popular_beer_Smoke":null,"popularity_Smoke":null,"n_beers_Smoke":null,"avg_abv_Smoke":null,"max_abv_beer_Smoke":null,"max_abv_Smoke":null,"best_beer_Barleywine":null,"best_beer_score_Barleywine":null,"most_popular_beer_Barleywine":null,"popularity_Barleywine":null,"n_beers_Barleywine":null,"avg_abv_Barleywine":null,"max_abv_beer_Barleywine":null,"max_abv_Barleywine":null,"best_beer":"Kukmin IPA","best_beer_score":3.522,"most_popular_beer":"Kukmin IPA","popularity":8.0,"n_beers":31.0,"avg_abv":5.8,"max_abv_beer":"Chaser In The Rye","max_abv":8.8},{"brewery":"Oriental Brewery Co., Ltd","city":"Seoul","lat":37.566,"long":126.9784,"best_beer_IPA":null,"best_beer_score_IPA":null,"most_popular_beer_IPA":null,"popularity_IPA":null,"n_beers_IPA":null,"avg_abv_IPA":null,"max_abv_beer_IPA":null,"max_abv_IPA":null,"best_beer_Ale":"Aleston Brown Ale","best_beer_score_Ale":2.58,"most_popular_beer_Ale":"Aleston Brown Ale","popularity_Ale":2.0,"n_beers_Ale":2.0,"avg_abv_Ale":5.1,"max_abv_beer_Ale":"Aleston Brown Ale","max_abv_Ale":5.2,"best_beer_Lager":"OB Golden Lager","best_beer_score_Lager":2.9401492537,"most_popular_beer_Lager":"Cass Fresh","popularity_Lager":163.0,"n_beers_Lager":11.0,"avg_abv_Lager":4.4636363636,"max_abv_beer_Lager":"Red Rock","max_abv_Lager":5.0,"best_beer_Stout":null,"best_beer_score_Stout":null,"most_popular_beer_Stout":null,"popularity_Stout":null,"n_beers_Stout":null,"avg_abv_Stout":null,"max_abv_beer_Stout":null,"max_abv_Stout":null,"best_beer_Pilsner":"OB Premier Pilsner","best_beer_score_Pilsner":2.7868965517,"most_popular_beer_Pilsner":"OB Premier Pilsner","popularity_Pilsner":27.0,"n_beers_Pilsner":1.0,"avg_abv_Pilsner":5.2,"max_abv_beer_Pilsner":"OB Premier Pilsner","max_abv_Pilsner":5.2,"best_beer_Porter":null,"best_beer_score_Porter":null,"most_popular_beer_Porter":null,"popularity_Porter":null,"n_beers_Porter":null,"avg_abv_Porter":null,"max_abv_beer_Porter":null,"max_abv_Porter":null,"best_beer_Fruit":null,"best_beer_score_Fruit":null,"most_popular_beer_Fruit":null,"popularity_Fruit":null,"n_beers_Fruit":null,"avg_abv_Fruit":null,"max_abv_beer_Fruit":null,"max_abv_Fruit":null,"best_beer_Roggenbier":null,"best_beer_score_Roggenbier":null,"most_popular_beer_Roggenbier":null,"popularity_Roggenbier":null,"n_beers_Roggenbier":null,"avg_abv_Roggenbier":null,"max_abv_beer_Roggenbier":null,"max_abv_Roggenbier":null,"best_beer_Herb":null,"best_beer_score_Herb":null,"most_popular_beer_Herb":null,"popularity_Herb":null,"n_beers_Herb":null,"avg_abv_Herb":null,"max_abv_beer_Herb":null,"max_abv_Herb":null,"best_beer_Smoke":null,"best_beer_score_Smoke":null,"most_popular_beer_Smoke":null,"popularity_Smoke":null,"n_beers_Smoke":null,"avg_abv_Smoke":null,"max_abv_beer_Smoke":null,"max_abv_Smoke":null,"best_beer_Barleywine":null,"best_beer_score_Barleywine":null,"most_popular_beer_Barleywine":null,"popularity_Barleywine":null,"n_beers_Barleywine":null,"avg_abv_Barleywine":null,"max_abv_beer_Barleywine":null,"max_abv_Barleywine":null,"best_beer":"OB Golden Lager","best_beer_score":2.9401492537,"most_popular_beer":"Cass Fresh","popularity":163.0,"n_beers":17.0,"avg_abv":4.6941176471,"max_abv_beer":"Cass Red","max_abv":6.9},{"brewery":"Budnamu Brewery","city":"Gangneung","lat":37.75266,"long":128.87239,"best_beer_IPA":null,"best_beer_score_IPA":null,"most_popular_beer_IPA":null,"popularity_IPA":null,"n_beers_IPA":null,"avg_abv_IPA":null,"max_abv_beer_IPA":null,"max_abv_IPA":null,"best_beer_Ale":null,"best_beer_score_Ale":null,"most_popular_beer_Ale":null,"popularity_Ale":null,"n_beers_Ale":3.0,"avg_abv_Ale":5.8666666667,"max_abv_beer_Ale":"Amber Ale","max_abv_Ale":6.2,"best_beer_Lager":"Budnamu India Pale Lager","best_beer_score_Lager":2.8833333333,"most_popular_beer_Lager":"Budnamu India Pale Lager","popularity_Lager":1.0,"n_beers_Lager":1.0,"avg_abv_Lager":6.1,"max_abv_beer_Lager":"Budnamu India Pale Lager","max_abv_Lager":6.1,"best_beer_Stout":null,"best_beer_score_Stout":null,"most_popular_beer_Stout":null,"popularity_Stout":null,"n_beers_Stout":null,"avg_abv_Stout":null,"max_abv_beer_Stout":null,"max_abv_Stout":null,"best_beer_Pilsner":null,"best_beer_score_Pilsner":null,"most_popular_beer_Pilsner":null,"popularity_Pilsner":null,"n_beers_Pilsner":null,"avg_abv_Pilsner":null,"max_abv_beer_Pilsner":null,"max_abv_Pilsner":null,"best_beer_Porter":"Baltic Porter","best_beer_score_Porter":2.76,"most_popular_beer_Porter":"Baltic Porter","popularity_Porter":1.0,"n_beers_Porter":1.0,"avg_abv_Porter":7.5,"max_abv_beer_Porter":"Baltic Porter","max_abv_Porter":7.5,"best_beer_Fruit":null,"best_beer_score_Fruit":null,"most_popular_beer_Fruit":null,"popularity_Fruit":null,"n_beers_Fruit":null,"avg_abv_Fruit":null,"max_abv_beer_Fruit":null,"max_abv_Fruit":null,"best_beer_Roggenbier":null,"best_beer_score_Roggenbier":null,"most_popular_beer_Roggenbier":null,"popularity_Roggenbier":null,"n_beers_Roggenbier":null,"avg_abv_Roggenbier":null,"max_abv_beer_Roggenbier":null,"max_abv_Roggenbier":null,"best_beer_Herb":null,"best_beer_score_Herb":null,"most_popular_beer_Herb":null,"popularity_Herb":null,"n_beers_Herb":null,"avg_abv_Herb":null,"max_abv_beer_Herb":null,"max_abv_Herb":null,"best_beer_Smoke":null,"best_beer_score_Smoke":null,"most_popular_beer_Smoke":null,"popularity_Smoke":null,"n_beers_Smoke":null,"avg_abv_Smoke":null,"max_abv_beer_Smoke":null,"max_abv_Smoke":null,"best_beer_Barleywine":null,"best_beer_score_Barleywine":null,"most_popular_beer_Barleywine":null,"popularity_Barleywine":null,"n_beers_Barleywine":null,"avg_abv_Barleywine":null,"max_abv_beer_Barleywine":null,"max_abv_Barleywine":null,"best_beer":"Chrysanthemum Weizen","best_beer_score":3.07,"most_popular_beer":"Baltic Porter","popularity":1.0,"n_beers":8.0,"avg_abv":6.4625,"max_abv_beer":"Baltic Porter","max_abv":7.5},{"brewery":"Galmegi Brewing","city":"Busan","lat":35.10168,"long":129.03004,"best_beer_IPA":"Galmegi IPA","best_beer_score_IPA":3.136,"most_popular_beer_IPA":"Galmegi IPA","popularity_IPA":3.0,"n_beers_IPA":1.0,"avg_abv_IPA":6.5,"max_abv_beer_IPA":"Galmegi IPA","max_abv_IPA":6.5,"best_beer_Ale":"Campfire Amber","best_beer_score_Ale":3.3783333333,"most_popular_beer_Ale":"Campfire Amber","popularity_Ale":4.0,"n_beers_Ale":6.0,"avg_abv_Ale":5.5,"max_abv_beer_Ale":"Eoksepul (Silver Grass)","max_abv_Ale":8.5,"best_beer_Lager":null,"best_beer_score_Lager":null,"most_popular_beer_Lager":null,"popularity_Lager":null,"n_beers_Lager":null,"avg_abv_Lager":null,"max_abv_beer_Lager":null,"max_abv_Lager":null,"best_beer_Stout":"Espresso Vanilla Stout","best_beer_score_Stout":3.085,"most_popular_beer_Stout":"Espresso Vanilla Stout","popularity_Stout":2.0,"n_beers_Stout":1.0,"avg_abv_Stout":5.5,"max_abv_beer_Stout":"Espresso Vanilla Stout","max_abv_Stout":5.5,"best_beer_Pilsner":null,"best_beer_score_Pilsner":null,"most_popular_beer_Pilsner":null,"popularity_Pilsner":null,"n_beers_Pilsner":null,"avg_abv_Pilsner":null,"max_abv_beer_Pilsner":null,"max_abv_Pilsner":null,"best_beer_Porter":"Driftwood Porter","best_beer_score_Porter":2.8333333333,"most_popular_beer_Porter":"Driftwood Porter","popularity_Porter":1.0,"n_beers_Porter":1.0,"avg_abv_Porter":5.5,"max_abv_beer_Porter":"Driftwood Porter","max_abv_Porter":5.5,"best_beer_Fruit":null,"best_beer_score_Fruit":null,"most_popular_beer_Fruit":null,"popularity_Fruit":null,"n_beers_Fruit":null,"avg_abv_Fruit":null,"max_abv_beer_Fruit":null,"max_abv_Fruit":null,"best_beer_Roggenbier":"Red Devil RyePA","best_beer_score_Roggenbier":3.3933333333,"most_popular_beer_Roggenbier":"Red Devil RyePA","popularity_Roggenbier":4.0,"n_beers_Roggenbier":1.0,"avg_abv_Roggenbier":7.0,"max_abv_beer_Roggenbier":"Red Devil RyePA","max_abv_Roggenbier":7.0,"best_beer_Herb":null,"best_beer_score_Herb":null,"most_popular_beer_Herb":null,"popularity_Herb":null,"n_beers_Herb":null,"avg_abv_Herb":null,"max_abv_beer_Herb":null,"max_abv_Herb":null,"best_beer_Smoke":null,"best_beer_score_Smoke":null,"most_popular_beer_Smoke":null,"popularity_Smoke":null,"n_beers_Smoke":null,"avg_abv_Smoke":null,"max_abv_beer_Smoke":null,"max_abv_Smoke":null,"best_beer_Barleywine":null,"best_beer_score_Barleywine":null,"most_popular_beer_Barleywine":null,"popularity_Barleywine":null,"n_beers_Barleywine":null,"avg_abv_Barleywine":null,"max_abv_beer_Barleywine":null,"max_abv_Barleywine":null,"best_beer":"Red Devil RyePA","best_beer_score":3.3933333333,"most_popular_beer":"Campfire Amber","popularity":4.0,"n_beers":12.0,"avg_abv":5.7416666667,"max_abv_beer":"Eoksepul (Silver Grass)","max_abv":8.5},{"brewery":"Hite Brewery Company LTD","city":"Kangwon","lat":37.2238143,"long":129.09747,"best_beer_IPA":null,"best_beer_score_IPA":null,"most_popular_beer_IPA":null,"popularity_IPA":null,"n_beers_IPA":null,"avg_abv_IPA":null,"max_abv_beer_IPA":null,"max_abv_IPA":null,"best_beer_Ale":"Queen's Ale \u2013 Blonde Type","best_beer_score_Ale":3.201,"most_popular_beer_Ale":"Queen's Ale \u2013 Blonde Type","popularity_Ale":8.0,"n_beers_Ale":1.0,"avg_abv_Ale":5.4,"max_abv_beer_Ale":"Queen's Ale \u2013 Blonde Type","max_abv_Ale":5.4,"best_beer_Lager":"Canita","best_beer_score_Lager":2.7942857143,"most_popular_beer_Lager":"Hite","popularity_Lager":294.0,"n_beers_Lager":14.0,"avg_abv_Lager":4.5357142857,"max_abv_beer_Lager":"CGC Gent Plus","max_abv_Lager":5.5,"best_beer_Stout":"Hite Stout","best_beer_score_Stout":2.3863636364,"most_popular_beer_Stout":"Hite Stout","popularity_Stout":20.0,"n_beers_Stout":2.0,"avg_abv_Stout":5.1,"max_abv_beer_Stout":"Vinyl Stout","max_abv_Stout":5.2,"best_beer_Pilsner":null,"best_beer_score_Pilsner":null,"most_popular_beer_Pilsner":null,"popularity_Pilsner":null,"n_beers_Pilsner":null,"avg_abv_Pilsner":null,"max_abv_beer_Pilsner":null,"max_abv_Pilsner":null,"best_beer_Porter":null,"best_beer_score_Porter":null,"most_popular_beer_Porter":null,"popularity_Porter":null,"n_beers_Porter":null,"avg_abv_Porter":null,"max_abv_beer_Porter":null,"max_abv_Porter":null,"best_beer_Fruit":"Mango Lingo","best_beer_score_Fruit":2.6133333333,"most_popular_beer_Fruit":"Mango Lingo","popularity_Fruit":1.0,"n_beers_Fruit":1.0,"avg_abv_Fruit":2.5,"max_abv_beer_Fruit":"Mango Lingo","max_abv_Fruit":2.5,"best_beer_Roggenbier":null,"best_beer_score_Roggenbier":null,"most_popular_beer_Roggenbier":null,"popularity_Roggenbier":null,"n_beers_Roggenbier":null,"avg_abv_Roggenbier":null,"max_abv_beer_Roggenbier":null,"max_abv_Roggenbier":null,"best_beer_Herb":null,"best_beer_score_Herb":null,"most_popular_beer_Herb":null,"popularity_Herb":null,"n_beers_Herb":null,"avg_abv_Herb":null,"max_abv_beer_Herb":null,"max_abv_Herb":null,"best_beer_Smoke":null,"best_beer_score_Smoke":null,"most_popular_beer_Smoke":null,"popularity_Smoke":null,"n_beers_Smoke":null,"avg_abv_Smoke":null,"max_abv_beer_Smoke":null,"max_abv_Smoke":null,"best_beer_Barleywine":null,"best_beer_score_Barleywine":null,"most_popular_beer_Barleywine":null,"popularity_Barleywine":null,"n_beers_Barleywine":null,"avg_abv_Barleywine":null,"max_abv_beer_Barleywine":null,"max_abv_Barleywine":null,"best_beer":"Queen's Ale \u2013 Blonde Type","best_beer_score":3.201,"most_popular_beer":"Hite","popularity":294.0,"n_beers":23.0,"avg_abv":4.5869565217,"max_abv_beer":"CGC Gent Plus","max_abv":5.5},{"brewery":"Table Brewing Co.","city":"Seoul","lat":37.566,"long":126.9784,"best_beer_IPA":"Cosmos IPA","best_beer_score_IPA":3.2725,"most_popular_beer_IPA":"Cosmos IPA","popularity_IPA":2.0,"n_beers_IPA":1.0,"avg_abv_IPA":6.3,"max_abv_beer_IPA":"Cosmos IPA","max_abv_IPA":6.3,"best_beer_Ale":null,"best_beer_score_Ale":null,"most_popular_beer_Ale":null,"popularity_Ale":null,"n_beers_Ale":null,"avg_abv_Ale":null,"max_abv_beer_Ale":null,"max_abv_Ale":null,"best_beer_Lager":null,"best_beer_score_Lager":null,"most_popular_beer_Lager":null,"popularity_Lager":null,"n_beers_Lager":null,"avg_abv_Lager":null,"max_abv_beer_Lager":null,"max_abv_Lager":null,"best_beer_Stout":null,"best_beer_score_Stout":null,"most_popular_beer_Stout":null,"popularity_Stout":null,"n_beers_Stout":null,"avg_abv_Stout":null,"max_abv_beer_Stout":null,"max_abv_Stout":null,"best_beer_Pilsner":null,"best_beer_score_Pilsner":null,"most_popular_beer_Pilsner":null,"popularity_Pilsner":null,"n_beers_Pilsner":null,"avg_abv_Pilsner":null,"max_abv_beer_Pilsner":null,"max_abv_Pilsner":null,"best_beer_Porter":null,"best_beer_score_Porter":null,"most_popular_beer_Porter":null,"popularity_Porter":null,"n_beers_Porter":null,"avg_abv_Porter":null,"max_abv_beer_Porter":null,"max_abv_Porter":null,"best_beer_Fruit":null,"best_beer_score_Fruit":null,"most_popular_beer_Fruit":null,"popularity_Fruit":null,"n_beers_Fruit":null,"avg_abv_Fruit":null,"max_abv_beer_Fruit":null,"max_abv_Fruit":null,"best_beer_Roggenbier":null,"best_beer_score_Roggenbier":null,"most_popular_beer_Roggenbier":null,"popularity_Roggenbier":null,"n_beers_Roggenbier":null,"avg_abv_Roggenbier":null,"max_abv_beer_Roggenbier":null,"max_abv_Roggenbier":null,"best_beer_Herb":null,"best_beer_score_Herb":null,"most_popular_beer_Herb":null,"popularity_Herb":null,"n_beers_Herb":null,"avg_abv_Herb":null,"max_abv_beer_Herb":null,"max_abv_Herb":null,"best_beer_Smoke":null,"best_beer_score_Smoke":null,"most_popular_beer_Smoke":null,"popularity_Smoke":null,"n_beers_Smoke":null,"avg_abv_Smoke":null,"max_abv_beer_Smoke":null,"max_abv_Smoke":null,"best_beer_Barleywine":null,"best_beer_score_Barleywine":null,"most_popular_beer_Barleywine":null,"popularity_Barleywine":null,"n_beers_Barleywine":null,"avg_abv_Barleywine":null,"max_abv_beer_Barleywine":null,"max_abv_Barleywine":null,"best_beer":"Cosmos IPA","best_beer_score":3.2725,"most_popular_beer":"Cosmos IPA","popularity":2.0,"n_beers":1.0,"avg_abv":6.3,"max_abv_beer":"Cosmos IPA","max_abv":6.3},{"brewery":"Brew One","city":"Seoul","lat":37.566,"long":126.9784,"best_beer_IPA":null,"best_beer_score_IPA":null,"most_popular_beer_IPA":null,"popularity_IPA":null,"n_beers_IPA":null,"avg_abv_IPA":null,"max_abv_beer_IPA":null,"max_abv_IPA":null,"best_beer_Ale":"Citra Pale Ale","best_beer_score_Ale":3.1633333333,"most_popular_beer_Ale":"Yeon-Nam Ale","popularity_Ale":1.0,"n_beers_Ale":3.0,"avg_abv_Ale":4.8666666667,"max_abv_beer_Ale":"Mingle","max_abv_Ale":5.0,"best_beer_Lager":null,"best_beer_score_Lager":null,"most_popular_beer_Lager":null,"popularity_Lager":null,"n_beers_Lager":null,"avg_abv_Lager":null,"max_abv_beer_Lager":null,"max_abv_Lager":null,"best_beer_Stout":"Da Wheat","best_beer_score_Stout":3.18,"most_popular_beer_Stout":"Da Wheat","popularity_Stout":1.0,"n_beers_Stout":1.0,"avg_abv_Stout":6.0,"max_abv_beer_Stout":"Da Wheat","max_abv_Stout":6.0,"best_beer_Pilsner":null,"best_beer_score_Pilsner":null,"most_popular_beer_Pilsner":null,"popularity_Pilsner":null,"n_beers_Pilsner":null,"avg_abv_Pilsner":null,"max_abv_beer_Pilsner":null,"max_abv_Pilsner":null,"best_beer_Porter":null,"best_beer_score_Porter":null,"most_popular_beer_Porter":null,"popularity_Porter":null,"n_beers_Porter":null,"avg_abv_Porter":null,"max_abv_beer_Porter":null,"max_abv_Porter":null,"best_beer_Fruit":null,"best_beer_score_Fruit":null,"most_popular_beer_Fruit":null,"popularity_Fruit":null,"n_beers_Fruit":null,"avg_abv_Fruit":null,"max_abv_beer_Fruit":null,"max_abv_Fruit":null,"best_beer_Roggenbier":null,"best_beer_score_Roggenbier":null,"most_popular_beer_Roggenbier":null,"popularity_Roggenbier":null,"n_beers_Roggenbier":null,"avg_abv_Roggenbier":null,"max_abv_beer_Roggenbier":null,"max_abv_Roggenbier":null,"best_beer_Herb":null,"best_beer_score_Herb":null,"most_popular_beer_Herb":null,"popularity_Herb":null,"n_beers_Herb":null,"avg_abv_Herb":null,"max_abv_beer_Herb":null,"max_abv_Herb":null,"best_beer_Smoke":null,"best_beer_score_Smoke":null,"most_popular_beer_Smoke":null,"popularity_Smoke":null,"n_beers_Smoke":null,"avg_abv_Smoke":null,"max_abv_beer_Smoke":null,"max_abv_Smoke":null,"best_beer_Barleywine":null,"best_beer_score_Barleywine":null,"most_popular_beer_Barleywine":null,"popularity_Barleywine":null,"n_beers_Barleywine":null,"avg_abv_Barleywine":null,"max_abv_beer_Barleywine":null,"max_abv_Barleywine":null,"best_beer":"Da Wheat","best_beer_score":3.18,"most_popular_beer":"Da Wheat","popularity":1.0,"n_beers":4.0,"avg_abv":5.15,"max_abv_beer":"Da Wheat","max_abv":6.0},{"brewery":"The Four Seasons Craft Beer Pub","city":"Seoul","lat":37.566,"long":126.9784,"best_beer_IPA":null,"best_beer_score_IPA":null,"most_popular_beer_IPA":null,"popularity_IPA":null,"n_beers_IPA":null,"avg_abv_IPA":null,"max_abv_beer_IPA":null,"max_abv_IPA":null,"best_beer_Ale":"Noeul Red Rye (Sunset)","best_beer_score_Ale":2.9975,"most_popular_beer_Ale":"Noeul Red Rye (Sunset)","popularity_Ale":2.0,"n_beers_Ale":2.0,"avg_abv_Ale":5.05,"max_abv_beer_Ale":"Sonagi Pale Ale (Squall)","max_abv_Ale":5.5,"best_beer_Lager":null,"best_beer_score_Lager":null,"most_popular_beer_Lager":null,"popularity_Lager":null,"n_beers_Lager":null,"avg_abv_Lager":null,"max_abv_beer_Lager":null,"max_abv_Lager":null,"best_beer_Stout":null,"best_beer_score_Stout":null,"most_popular_beer_Stout":null,"popularity_Stout":null,"n_beers_Stout":1.0,"avg_abv_Stout":6.4,"max_abv_beer_Stout":"Chamsut Stout (Charcoal)","max_abv_Stout":6.4,"best_beer_Pilsner":null,"best_beer_score_Pilsner":null,"most_popular_beer_Pilsner":null,"popularity_Pilsner":null,"n_beers_Pilsner":null,"avg_abv_Pilsner":null,"max_abv_beer_Pilsner":null,"max_abv_Pilsner":null,"best_beer_Porter":null,"best_beer_score_Porter":null,"most_popular_beer_Porter":null,"popularity_Porter":null,"n_beers_Porter":null,"avg_abv_Porter":null,"max_abv_beer_Porter":null,"max_abv_Porter":null,"best_beer_Fruit":null,"best_beer_score_Fruit":null,"most_popular_beer_Fruit":null,"popularity_Fruit":null,"n_beers_Fruit":null,"avg_abv_Fruit":null,"max_abv_beer_Fruit":null,"max_abv_Fruit":null,"best_beer_Roggenbier":null,"best_beer_score_Roggenbier":null,"most_popular_beer_Roggenbier":null,"popularity_Roggenbier":null,"n_beers_Roggenbier":null,"avg_abv_Roggenbier":null,"max_abv_beer_Roggenbier":null,"max_abv_Roggenbier":null,"best_beer_Herb":null,"best_beer_score_Herb":null,"most_popular_beer_Herb":null,"popularity_Herb":null,"n_beers_Herb":null,"avg_abv_Herb":null,"max_abv_beer_Herb":null,"max_abv_Herb":null,"best_beer_Smoke":null,"best_beer_score_Smoke":null,"most_popular_beer_Smoke":null,"popularity_Smoke":null,"n_beers_Smoke":null,"avg_abv_Smoke":null,"max_abv_beer_Smoke":null,"max_abv_Smoke":null,"best_beer_Barleywine":null,"best_beer_score_Barleywine":null,"most_popular_beer_Barleywine":null,"popularity_Barleywine":null,"n_beers_Barleywine":null,"avg_abv_Barleywine":null,"max_abv_beer_Barleywine":null,"max_abv_Barleywine":null,"best_beer":"Noeul Red Rye (Sunset)","best_beer_score":2.9975,"most_popular_beer":"Noeul Red Rye (Sunset)","popularity":2.0,"n_beers":7.0,"avg_abv":5.7142857143,"max_abv_beer":"Your Bock","max_abv":7.8},{"brewery":"PYRUS Taproom & Bistro","city":"Seoul","lat":37.566,"long":126.9784,"best_beer_IPA":"Pyrus IPA","best_beer_score_IPA":2.4433333333,"most_popular_beer_IPA":"Pyrus IPA","popularity_IPA":1.0,"n_beers_IPA":1.0,"avg_abv_IPA":6.5,"max_abv_beer_IPA":"Pyrus IPA","max_abv_IPA":6.5,"best_beer_Ale":"Tropical Pale Ale","best_beer_score_Ale":2.5,"most_popular_beer_Ale":"Tropical Pale Ale","popularity_Ale":1.0,"n_beers_Ale":3.0,"avg_abv_Ale":4.8,"max_abv_beer_Ale":"Cascade Pale Ale","max_abv_Ale":5.3,"best_beer_Lager":"Centennial Lager","best_beer_score_Lager":2.4433333333,"most_popular_beer_Lager":"Centennial Lager","popularity_Lager":1.0,"n_beers_Lager":1.0,"avg_abv_Lager":5.3,"max_abv_beer_Lager":"Centennial Lager","max_abv_Lager":5.3,"best_beer_Stout":null,"best_beer_score_Stout":null,"most_popular_beer_Stout":null,"popularity_Stout":null,"n_beers_Stout":null,"avg_abv_Stout":null,"max_abv_beer_Stout":null,"max_abv_Stout":null,"best_beer_Pilsner":null,"best_beer_score_Pilsner":null,"most_popular_beer_Pilsner":null,"popularity_Pilsner":null,"n_beers_Pilsner":null,"avg_abv_Pilsner":null,"max_abv_beer_Pilsner":null,"max_abv_Pilsner":null,"best_beer_Porter":"Espresso Porter","best_beer_score_Porter":2.5566666667,"most_popular_beer_Porter":"Espresso Porter","popularity_Porter":1.0,"n_beers_Porter":1.0,"avg_abv_Porter":4.5,"max_abv_beer_Porter":"Espresso Porter","max_abv_Porter":4.5,"best_beer_Fruit":null,"best_beer_score_Fruit":null,"most_popular_beer_Fruit":null,"popularity_Fruit":null,"n_beers_Fruit":null,"avg_abv_Fruit":null,"max_abv_beer_Fruit":null,"max_abv_Fruit":null,"best_beer_Roggenbier":null,"best_beer_score_Roggenbier":null,"most_popular_beer_Roggenbier":null,"popularity_Roggenbier":null,"n_beers_Roggenbier":null,"avg_abv_Roggenbier":null,"max_abv_beer_Roggenbier":null,"max_abv_Roggenbier":null,"best_beer_Herb":null,"best_beer_score_Herb":null,"most_popular_beer_Herb":null,"popularity_Herb":null,"n_beers_Herb":null,"avg_abv_Herb":null,"max_abv_beer_Herb":null,"max_abv_Herb":null,"best_beer_Smoke":null,"best_beer_score_Smoke":null,"most_popular_beer_Smoke":null,"popularity_Smoke":null,"n_beers_Smoke":null,"avg_abv_Smoke":null,"max_abv_beer_Smoke":null,"max_abv_Smoke":null,"best_beer_Barleywine":null,"best_beer_score_Barleywine":null,"most_popular_beer_Barleywine":null,"popularity_Barleywine":null,"n_beers_Barleywine":null,"avg_abv_Barleywine":null,"max_abv_beer_Barleywine":null,"max_abv_Barleywine":null,"best_beer":"Espresso Porter","best_beer_score":2.5566666667,"most_popular_beer":"Tropical Pale Ale","popularity":1.0,"n_beers":6.0,"avg_abv":5.1166666667,"max_abv_beer":"Pyrus IPA","max_abv":6.5},{"brewery":"Wild Waves Brewing","city":"Busan","lat":35.10168,"long":129.03004,"best_beer_IPA":"Belgian Rye IPA","best_beer_score_IPA":2.6033333333,"most_popular_beer_IPA":"Belgian Rye IPA","popularity_IPA":1.0,"n_beers_IPA":1.0,"avg_abv_IPA":6.3,"max_abv_beer_IPA":"Belgian Rye IPA","max_abv_IPA":6.3,"best_beer_Ale":"Surleim","best_beer_score_Ale":3.075,"most_popular_beer_Ale":"Surleim","popularity_Ale":2.0,"n_beers_Ale":3.0,"avg_abv_Ale":5.1,"max_abv_beer_Ale":"Surleim \uc124\ub808\uc784","max_abv_Ale":5.3,"best_beer_Lager":null,"best_beer_score_Lager":null,"most_popular_beer_Lager":null,"popularity_Lager":null,"n_beers_Lager":null,"avg_abv_Lager":null,"max_abv_beer_Lager":null,"max_abv_Lager":null,"best_beer_Stout":null,"best_beer_score_Stout":null,"most_popular_beer_Stout":null,"popularity_Stout":null,"n_beers_Stout":null,"avg_abv_Stout":null,"max_abv_beer_Stout":null,"max_abv_Stout":null,"best_beer_Pilsner":null,"best_beer_score_Pilsner":null,"most_popular_beer_Pilsner":null,"popularity_Pilsner":null,"n_beers_Pilsner":null,"avg_abv_Pilsner":null,"max_abv_beer_Pilsner":null,"max_abv_Pilsner":null,"best_beer_Porter":null,"best_beer_score_Porter":null,"most_popular_beer_Porter":null,"popularity_Porter":null,"n_beers_Porter":null,"avg_abv_Porter":null,"max_abv_beer_Porter":null,"max_abv_Porter":null,"best_beer_Fruit":null,"best_beer_score_Fruit":null,"most_popular_beer_Fruit":null,"popularity_Fruit":null,"n_beers_Fruit":null,"avg_abv_Fruit":null,"max_abv_beer_Fruit":null,"max_abv_Fruit":null,"best_beer_Roggenbier":null,"best_beer_score_Roggenbier":null,"most_popular_beer_Roggenbier":null,"popularity_Roggenbier":null,"n_beers_Roggenbier":null,"avg_abv_Roggenbier":null,"max_abv_beer_Roggenbier":null,"max_abv_Roggenbier":null,"best_beer_Herb":null,"best_beer_score_Herb":null,"most_popular_beer_Herb":null,"popularity_Herb":null,"n_beers_Herb":null,"avg_abv_Herb":null,"max_abv_beer_Herb":null,"max_abv_Herb":null,"best_beer_Smoke":null,"best_beer_score_Smoke":null,"most_popular_beer_Smoke":null,"popularity_Smoke":null,"n_beers_Smoke":null,"avg_abv_Smoke":null,"max_abv_beer_Smoke":null,"max_abv_Smoke":null,"best_beer_Barleywine":null,"best_beer_score_Barleywine":null,"most_popular_beer_Barleywine":null,"popularity_Barleywine":null,"n_beers_Barleywine":null,"avg_abv_Barleywine":null,"max_abv_beer_Barleywine":null,"max_abv_Barleywine":null,"best_beer":"Surleim","best_beer_score":3.075,"most_popular_beer":"Surleim Amarillo","popularity":3.0,"n_beers":7.0,"avg_abv":5.3857142857,"max_abv_beer":"Saison De Maesil","max_abv":6.5},{"brewery":"Craftworks Taphouse - Namsan","city":"Seoul","lat":37.566,"long":126.9784,"best_beer_IPA":"Jirisan Moon Bear IPA","best_beer_score_IPA":3.314,"most_popular_beer_IPA":"Jirisan Moon Bear IPA","popularity_IPA":13.0,"n_beers_IPA":1.0,"avg_abv_IPA":6.8,"max_abv_beer_IPA":"Jirisan Moon Bear IPA","max_abv_IPA":6.8,"best_beer_Ale":"Hallasan Golfen Ale 7.0","best_beer_score_Ale":3.1533333333,"most_popular_beer_Ale":"Geumgang Mountain Dark Ale","popularity_Ale":8.0,"n_beers_Ale":3.0,"avg_abv_Ale":4.5333333333,"max_abv_beer_Ale":"Geumgang Mountain Dark Ale","max_abv_Ale":4.6,"best_beer_Lager":null,"best_beer_score_Lager":null,"most_popular_beer_Lager":null,"popularity_Lager":null,"n_beers_Lager":null,"avg_abv_Lager":null,"max_abv_beer_Lager":null,"max_abv_Lager":null,"best_beer_Stout":"Seorak Oatmeal Stout","best_beer_score_Stout":2.8071428571,"most_popular_beer_Stout":"Seorak Oatmeal Stout","popularity_Stout":5.0,"n_beers_Stout":1.0,"avg_abv_Stout":4.3,"max_abv_beer_Stout":"Seorak Oatmeal Stout","max_abv_Stout":4.3,"best_beer_Pilsner":"Namsan Pure Pilsner","best_beer_score_Pilsner":3.0483333333,"most_popular_beer_Pilsner":"Namsan Pure Pilsner","popularity_Pilsner":4.0,"n_beers_Pilsner":1.0,"avg_abv_Pilsner":4.6,"max_abv_beer_Pilsner":"Namsan Pure Pilsner","max_abv_Pilsner":4.6,"best_beer_Porter":null,"best_beer_score_Porter":null,"most_popular_beer_Porter":null,"popularity_Porter":null,"n_beers_Porter":null,"avg_abv_Porter":null,"max_abv_beer_Porter":null,"max_abv_Porter":null,"best_beer_Fruit":null,"best_beer_score_Fruit":null,"most_popular_beer_Fruit":null,"popularity_Fruit":null,"n_beers_Fruit":null,"avg_abv_Fruit":null,"max_abv_beer_Fruit":null,"max_abv_Fruit":null,"best_beer_Roggenbier":null,"best_beer_score_Roggenbier":null,"most_popular_beer_Roggenbier":null,"popularity_Roggenbier":null,"n_beers_Roggenbier":null,"avg_abv_Roggenbier":null,"max_abv_beer_Roggenbier":null,"max_abv_Roggenbier":null,"best_beer_Herb":null,"best_beer_score_Herb":null,"most_popular_beer_Herb":null,"popularity_Herb":null,"n_beers_Herb":null,"avg_abv_Herb":null,"max_abv_beer_Herb":null,"max_abv_Herb":null,"best_beer_Smoke":null,"best_beer_score_Smoke":null,"most_popular_beer_Smoke":null,"popularity_Smoke":null,"n_beers_Smoke":null,"avg_abv_Smoke":null,"max_abv_beer_Smoke":null,"max_abv_Smoke":null,"best_beer_Barleywine":null,"best_beer_score_Barleywine":null,"most_popular_beer_Barleywine":null,"popularity_Barleywine":null,"n_beers_Barleywine":null,"avg_abv_Barleywine":null,"max_abv_beer_Barleywine":null,"max_abv_Barleywine":null,"best_beer":"Jirisan Moon Bear IPA","best_beer_score":3.314,"most_popular_beer":"Jirisan Moon Bear IPA","popularity":13.0,"n_beers":7.0,"avg_abv":4.8428571429,"max_abv_beer":"Jirisan Moon Bear IPA","max_abv":6.8},{"brewery":"Weizenhaus","city":"Daejeon","lat":36.34913,"long":127.38493,"best_beer_IPA":null,"best_beer_score_IPA":null,"most_popular_beer_IPA":null,"popularity_IPA":null,"n_beers_IPA":null,"avg_abv_IPA":null,"max_abv_beer_IPA":null,"max_abv_IPA":null,"best_beer_Ale":null,"best_beer_score_Ale":null,"most_popular_beer_Ale":null,"popularity_Ale":null,"n_beers_Ale":null,"avg_abv_Ale":null,"max_abv_beer_Ale":null,"max_abv_Ale":null,"best_beer_Lager":null,"best_beer_score_Lager":null,"most_popular_beer_Lager":null,"popularity_Lager":null,"n_beers_Lager":null,"avg_abv_Lager":null,"max_abv_beer_Lager":null,"max_abv_Lager":null,"best_beer_Stout":null,"best_beer_score_Stout":null,"most_popular_beer_Stout":null,"popularity_Stout":null,"n_beers_Stout":null,"avg_abv_Stout":null,"max_abv_beer_Stout":null,"max_abv_Stout":null,"best_beer_Pilsner":null,"best_beer_score_Pilsner":null,"most_popular_beer_Pilsner":null,"popularity_Pilsner":null,"n_beers_Pilsner":null,"avg_abv_Pilsner":null,"max_abv_beer_Pilsner":null,"max_abv_Pilsner":null,"best_beer_Porter":null,"best_beer_score_Porter":null,"most_popular_beer_Porter":null,"popularity_Porter":null,"n_beers_Porter":null,"avg_abv_Porter":null,"max_abv_beer_Porter":null,"max_abv_Porter":null,"best_beer_Fruit":null,"best_beer_score_Fruit":null,"most_popular_beer_Fruit":null,"popularity_Fruit":null,"n_beers_Fruit":null,"avg_abv_Fruit":null,"max_abv_beer_Fruit":null,"max_abv_Fruit":null,"best_beer_Roggenbier":null,"best_beer_score_Roggenbier":null,"most_popular_beer_Roggenbier":null,"popularity_Roggenbier":null,"n_beers_Roggenbier":null,"avg_abv_Roggenbier":null,"max_abv_beer_Roggenbier":null,"max_abv_Roggenbier":null,"best_beer_Herb":null,"best_beer_score_Herb":null,"most_popular_beer_Herb":null,"popularity_Herb":null,"n_beers_Herb":null,"avg_abv_Herb":null,"max_abv_beer_Herb":null,"max_abv_Herb":null,"best_beer_Smoke":null,"best_beer_score_Smoke":null,"most_popular_beer_Smoke":null,"popularity_Smoke":null,"n_beers_Smoke":null,"avg_abv_Smoke":null,"max_abv_beer_Smoke":null,"max_abv_Smoke":null,"best_beer_Barleywine":null,"best_beer_score_Barleywine":null,"most_popular_beer_Barleywine":null,"popularity_Barleywine":null,"n_beers_Barleywine":null,"avg_abv_Barleywine":null,"max_abv_beer_Barleywine":null,"max_abv_Barleywine":null,"best_beer":null,"best_beer_score":null,"most_popular_beer":null,"popularity":null,"n_beers":1.0,"avg_abv":4.5,"max_abv_beer":"Weiss","max_abv":4.5},{"brewery":"Gorilla Brewing Company","city":"Busan","lat":35.10168,"long":129.03004,"best_beer_IPA":"Gorilla IPA","best_beer_score_IPA":2.7566666667,"most_popular_beer_IPA":"Gorilla IPA","popularity_IPA":1.0,"n_beers_IPA":1.0,"avg_abv_IPA":5.4,"max_abv_beer_IPA":"Gorilla IPA","max_abv_IPA":5.4,"best_beer_Ale":null,"best_beer_score_Ale":null,"most_popular_beer_Ale":null,"popularity_Ale":null,"n_beers_Ale":null,"avg_abv_Ale":null,"max_abv_beer_Ale":null,"max_abv_Ale":null,"best_beer_Lager":null,"best_beer_score_Lager":null,"most_popular_beer_Lager":null,"popularity_Lager":null,"n_beers_Lager":null,"avg_abv_Lager":null,"max_abv_beer_Lager":null,"max_abv_Lager":null,"best_beer_Stout":null,"best_beer_score_Stout":null,"most_popular_beer_Stout":null,"popularity_Stout":null,"n_beers_Stout":null,"avg_abv_Stout":null,"max_abv_beer_Stout":null,"max_abv_Stout":null,"best_beer_Pilsner":null,"best_beer_score_Pilsner":null,"most_popular_beer_Pilsner":null,"popularity_Pilsner":null,"n_beers_Pilsner":null,"avg_abv_Pilsner":null,"max_abv_beer_Pilsner":null,"max_abv_Pilsner":null,"best_beer_Porter":null,"best_beer_score_Porter":null,"most_popular_beer_Porter":null,"popularity_Porter":null,"n_beers_Porter":null,"avg_abv_Porter":null,"max_abv_beer_Porter":null,"max_abv_Porter":null,"best_beer_Fruit":null,"best_beer_score_Fruit":null,"most_popular_beer_Fruit":null,"popularity_Fruit":null,"n_beers_Fruit":null,"avg_abv_Fruit":null,"max_abv_beer_Fruit":null,"max_abv_Fruit":null,"best_beer_Roggenbier":null,"best_beer_score_Roggenbier":null,"most_popular_beer_Roggenbier":null,"popularity_Roggenbier":null,"n_beers_Roggenbier":null,"avg_abv_Roggenbier":null,"max_abv_beer_Roggenbier":null,"max_abv_Roggenbier":null,"best_beer_Herb":null,"best_beer_score_Herb":null,"most_popular_beer_Herb":null,"popularity_Herb":null,"n_beers_Herb":null,"avg_abv_Herb":null,"max_abv_beer_Herb":null,"max_abv_Herb":null,"best_beer_Smoke":null,"best_beer_score_Smoke":null,"most_popular_beer_Smoke":null,"popularity_Smoke":null,"n_beers_Smoke":null,"avg_abv_Smoke":null,"max_abv_beer_Smoke":null,"max_abv_Smoke":null,"best_beer_Barleywine":null,"best_beer_score_Barleywine":null,"most_popular_beer_Barleywine":null,"popularity_Barleywine":null,"n_beers_Barleywine":null,"avg_abv_Barleywine":null,"max_abv_beer_Barleywine":null,"max_abv_Barleywine":null,"best_beer":"Slowboat Project","best_beer_score":2.8333333333,"most_popular_beer":"Gorilla IPA","popularity":1.0,"n_beers":2.0,"avg_abv":5.65,"max_abv_beer":"Slowboat Project","max_abv":5.9},{"brewery":"Maloney's Brewing Co.","city":"Seoul","lat":37.566,"long":126.9784,"best_beer_IPA":"Combat Zone","best_beer_score_IPA":3.182,"most_popular_beer_IPA":"Combat Zone","popularity_IPA":3.0,"n_beers_IPA":1.0,"avg_abv_IPA":7.5,"max_abv_beer_IPA":"Combat Zone","max_abv_IPA":7.5,"best_beer_Ale":"Southie","best_beer_score_Ale":3.2275,"most_popular_beer_Ale":"Southie","popularity_Ale":2.0,"n_beers_Ale":1.0,"avg_abv_Ale":6.0,"max_abv_beer_Ale":"Southie","max_abv_Ale":6.0,"best_beer_Lager":null,"best_beer_score_Lager":null,"most_popular_beer_Lager":null,"popularity_Lager":null,"n_beers_Lager":null,"avg_abv_Lager":null,"max_abv_beer_Lager":null,"max_abv_Lager":null,"best_beer_Stout":null,"best_beer_score_Stout":null,"most_popular_beer_Stout":null,"popularity_Stout":null,"n_beers_Stout":null,"avg_abv_Stout":null,"max_abv_beer_Stout":null,"max_abv_Stout":null,"best_beer_Pilsner":null,"best_beer_score_Pilsner":null,"most_popular_beer_Pilsner":null,"popularity_Pilsner":null,"n_beers_Pilsner":null,"avg_abv_Pilsner":null,"max_abv_beer_Pilsner":null,"max_abv_Pilsner":null,"best_beer_Porter":null,"best_beer_score_Porter":null,"most_popular_beer_Porter":null,"popularity_Porter":null,"n_beers_Porter":null,"avg_abv_Porter":null,"max_abv_beer_Porter":null,"max_abv_Porter":null,"best_beer_Fruit":null,"best_beer_score_Fruit":null,"most_popular_beer_Fruit":null,"popularity_Fruit":null,"n_beers_Fruit":null,"avg_abv_Fruit":null,"max_abv_beer_Fruit":null,"max_abv_Fruit":null,"best_beer_Roggenbier":null,"best_beer_score_Roggenbier":null,"most_popular_beer_Roggenbier":null,"popularity_Roggenbier":null,"n_beers_Roggenbier":null,"avg_abv_Roggenbier":null,"max_abv_beer_Roggenbier":null,"max_abv_Roggenbier":null,"best_beer_Herb":null,"best_beer_score_Herb":null,"most_popular_beer_Herb":null,"popularity_Herb":null,"n_beers_Herb":null,"avg_abv_Herb":null,"max_abv_beer_Herb":null,"max_abv_Herb":null,"best_beer_Smoke":null,"best_beer_score_Smoke":null,"most_popular_beer_Smoke":null,"popularity_Smoke":null,"n_beers_Smoke":null,"avg_abv_Smoke":null,"max_abv_beer_Smoke":null,"max_abv_Smoke":null,"best_beer_Barleywine":null,"best_beer_score_Barleywine":null,"most_popular_beer_Barleywine":null,"popularity_Barleywine":null,"n_beers_Barleywine":null,"avg_abv_Barleywine":null,"max_abv_beer_Barleywine":null,"max_abv_Barleywine":null,"best_beer":"Southie","best_beer_score":3.2275,"most_popular_beer":"Combat Zone","popularity":3.0,"n_beers":2.0,"avg_abv":6.75,"max_abv_beer":"Combat Zone","max_abv":7.5},{"brewery":"7Br\u00e4u","city":"Gangwon-do","lat":37.885,"long":127.7297,"best_beer_IPA":"India Pale Ale (IPA)","best_beer_score_IPA":2.881,"most_popular_beer_IPA":"India Pale Ale (IPA)","popularity_IPA":8.0,"n_beers_IPA":2.0,"avg_abv_IPA":6.25,"max_abv_beer_IPA":"Imperial I.P.A.","max_abv_IPA":7.0,"best_beer_Ale":"India Pale Ale (IPA)","best_beer_score_Ale":2.881,"most_popular_beer_Ale":"India Pale Ale (IPA)","popularity_Ale":8.0,"n_beers_Ale":1.0,"avg_abv_Ale":5.5,"max_abv_beer_Ale":"India Pale Ale (IPA)","max_abv_Ale":5.5,"best_beer_Lager":null,"best_beer_score_Lager":null,"most_popular_beer_Lager":null,"popularity_Lager":null,"n_beers_Lager":null,"avg_abv_Lager":null,"max_abv_beer_Lager":null,"max_abv_Lager":null,"best_beer_Stout":null,"best_beer_score_Stout":null,"most_popular_beer_Stout":null,"popularity_Stout":null,"n_beers_Stout":null,"avg_abv_Stout":null,"max_abv_beer_Stout":null,"max_abv_Stout":null,"best_beer_Pilsner":null,"best_beer_score_Pilsner":null,"most_popular_beer_Pilsner":null,"popularity_Pilsner":null,"n_beers_Pilsner":null,"avg_abv_Pilsner":null,"max_abv_beer_Pilsner":null,"max_abv_Pilsner":null,"best_beer_Porter":null,"best_beer_score_Porter":null,"most_popular_beer_Porter":null,"popularity_Porter":null,"n_beers_Porter":null,"avg_abv_Porter":null,"max_abv_beer_Porter":null,"max_abv_Porter":null,"best_beer_Fruit":null,"best_beer_score_Fruit":null,"most_popular_beer_Fruit":null,"popularity_Fruit":null,"n_beers_Fruit":null,"avg_abv_Fruit":null,"max_abv_beer_Fruit":null,"max_abv_Fruit":null,"best_beer_Roggenbier":null,"best_beer_score_Roggenbier":null,"most_popular_beer_Roggenbier":null,"popularity_Roggenbier":null,"n_beers_Roggenbier":null,"avg_abv_Roggenbier":null,"max_abv_beer_Roggenbier":null,"max_abv_Roggenbier":null,"best_beer_Herb":null,"best_beer_score_Herb":null,"most_popular_beer_Herb":null,"popularity_Herb":null,"n_beers_Herb":null,"avg_abv_Herb":null,"max_abv_beer_Herb":null,"max_abv_Herb":null,"best_beer_Smoke":null,"best_beer_score_Smoke":null,"most_popular_beer_Smoke":null,"popularity_Smoke":null,"n_beers_Smoke":null,"avg_abv_Smoke":null,"max_abv_beer_Smoke":null,"max_abv_Smoke":null,"best_beer_Barleywine":null,"best_beer_score_Barleywine":null,"most_popular_beer_Barleywine":null,"popularity_Barleywine":null,"n_beers_Barleywine":null,"avg_abv_Barleywine":null,"max_abv_beer_Barleywine":null,"max_abv_Barleywine":null,"best_beer":"India Pale Ale (IPA)","best_beer_score":2.881,"most_popular_beer":"India Pale Ale (IPA)","popularity":8.0,"n_beers":2.0,"avg_abv":6.25,"max_abv_beer":"Imperial I.P.A.","max_abv":7.0},{"brewery":"Devil's Door Brewery","city":"Seoul","lat":37.566,"long":126.9784,"best_beer_IPA":null,"best_beer_score_IPA":null,"most_popular_beer_IPA":null,"popularity_IPA":null,"n_beers_IPA":null,"avg_abv_IPA":null,"max_abv_beer_IPA":null,"max_abv_IPA":null,"best_beer_Ale":"Devil's Pale Ale","best_beer_score_Ale":2.8733333333,"most_popular_beer_Ale":"Devil's Pale Ale","popularity_Ale":1.0,"n_beers_Ale":1.0,"avg_abv_Ale":4.6,"max_abv_beer_Ale":"Devil's Pale Ale","max_abv_Ale":4.6,"best_beer_Lager":null,"best_beer_score_Lager":null,"most_popular_beer_Lager":null,"popularity_Lager":null,"n_beers_Lager":null,"avg_abv_Lager":null,"max_abv_beer_Lager":null,"max_abv_Lager":null,"best_beer_Stout":"Devil's Stout","best_beer_score_Stout":2.9433333333,"most_popular_beer_Stout":"Devil's Stout","popularity_Stout":1.0,"n_beers_Stout":1.0,"avg_abv_Stout":5.0,"max_abv_beer_Stout":"Devil's Stout","max_abv_Stout":5.0,"best_beer_Pilsner":null,"best_beer_score_Pilsner":null,"most_popular_beer_Pilsner":null,"popularity_Pilsner":null,"n_beers_Pilsner":null,"avg_abv_Pilsner":null,"max_abv_beer_Pilsner":null,"max_abv_Pilsner":null,"best_beer_Porter":null,"best_beer_score_Porter":null,"most_popular_beer_Porter":null,"popularity_Porter":null,"n_beers_Porter":null,"avg_abv_Porter":null,"max_abv_beer_Porter":null,"max_abv_Porter":null,"best_beer_Fruit":null,"best_beer_score_Fruit":null,"most_popular_beer_Fruit":null,"popularity_Fruit":null,"n_beers_Fruit":null,"avg_abv_Fruit":null,"max_abv_beer_Fruit":null,"max_abv_Fruit":null,"best_beer_Roggenbier":null,"best_beer_score_Roggenbier":null,"most_popular_beer_Roggenbier":null,"popularity_Roggenbier":null,"n_beers_Roggenbier":null,"avg_abv_Roggenbier":null,"max_abv_beer_Roggenbier":null,"max_abv_Roggenbier":null,"best_beer_Herb":null,"best_beer_score_Herb":null,"most_popular_beer_Herb":null,"popularity_Herb":null,"n_beers_Herb":null,"avg_abv_Herb":null,"max_abv_beer_Herb":null,"max_abv_Herb":null,"best_beer_Smoke":null,"best_beer_score_Smoke":null,"most_popular_beer_Smoke":null,"popularity_Smoke":null,"n_beers_Smoke":null,"avg_abv_Smoke":null,"max_abv_beer_Smoke":null,"max_abv_Smoke":null,"best_beer_Barleywine":null,"best_beer_score_Barleywine":null,"most_popular_beer_Barleywine":null,"popularity_Barleywine":null,"n_beers_Barleywine":null,"avg_abv_Barleywine":null,"max_abv_beer_Barleywine":null,"max_abv_Barleywine":null,"best_beer":"Devil's Stout","best_beer_score":2.9433333333,"most_popular_beer":"Devil's Pale Ale","popularity":1.0,"n_beers":2.0,"avg_abv":4.8,"max_abv_beer":"Devil's Stout","max_abv":5.0},{"brewery":"Lotte Liquor","city":"Seoul","lat":37.566,"long":126.9784,"best_beer_IPA":null,"best_beer_score_IPA":null,"most_popular_beer_IPA":null,"popularity_IPA":null,"n_beers_IPA":null,"avg_abv_IPA":null,"max_abv_beer_IPA":null,"max_abv_IPA":null,"best_beer_Ale":null,"best_beer_score_Ale":null,"most_popular_beer_Ale":null,"popularity_Ale":null,"n_beers_Ale":null,"avg_abv_Ale":null,"max_abv_beer_Ale":null,"max_abv_Ale":null,"best_beer_Lager":"Fitz Super Clear","best_beer_score_Lager":2.5133333333,"most_popular_beer_Lager":"Fitz Super Clear","popularity_Lager":1.0,"n_beers_Lager":1.0,"avg_abv_Lager":4.5,"max_abv_beer_Lager":"Fitz Super Clear","max_abv_Lager":4.5,"best_beer_Stout":null,"best_beer_score_Stout":null,"most_popular_beer_Stout":null,"popularity_Stout":null,"n_beers_Stout":null,"avg_abv_Stout":null,"max_abv_beer_Stout":null,"max_abv_Stout":null,"best_beer_Pilsner":"Kloud Original Gravity","best_beer_score_Pilsner":2.9703225806,"most_popular_beer_Pilsner":"Kloud Original Gravity","popularity_Pilsner":60.0,"n_beers_Pilsner":1.0,"avg_abv_Pilsner":5.0,"max_abv_beer_Pilsner":"Kloud Original Gravity","max_abv_Pilsner":5.0,"best_beer_Porter":null,"best_beer_score_Porter":null,"most_popular_beer_Porter":null,"popularity_Porter":null,"n_beers_Porter":null,"avg_abv_Porter":null,"max_abv_beer_Porter":null,"max_abv_Porter":null,"best_beer_Fruit":null,"best_beer_score_Fruit":null,"most_popular_beer_Fruit":null,"popularity_Fruit":null,"n_beers_Fruit":null,"avg_abv_Fruit":null,"max_abv_beer_Fruit":null,"max_abv_Fruit":null,"best_beer_Roggenbier":null,"best_beer_score_Roggenbier":null,"most_popular_beer_Roggenbier":null,"popularity_Roggenbier":null,"n_beers_Roggenbier":null,"avg_abv_Roggenbier":null,"max_abv_beer_Roggenbier":null,"max_abv_Roggenbier":null,"best_beer_Herb":null,"best_beer_score_Herb":null,"most_popular_beer_Herb":null,"popularity_Herb":null,"n_beers_Herb":null,"avg_abv_Herb":null,"max_abv_beer_Herb":null,"max_abv_Herb":null,"best_beer_Smoke":null,"best_beer_score_Smoke":null,"most_popular_beer_Smoke":null,"popularity_Smoke":null,"n_beers_Smoke":null,"avg_abv_Smoke":null,"max_abv_beer_Smoke":null,"max_abv_Smoke":null,"best_beer_Barleywine":null,"best_beer_score_Barleywine":null,"most_popular_beer_Barleywine":null,"popularity_Barleywine":null,"n_beers_Barleywine":null,"avg_abv_Barleywine":null,"max_abv_beer_Barleywine":null,"max_abv_Barleywine":null,"best_beer":"Kloud Original Gravity","best_beer_score":2.9703225806,"most_popular_beer":"Kloud Original Gravity","popularity":60.0,"n_beers":2.0,"avg_abv":4.75,"max_abv_beer":"Kloud Original Gravity","max_abv":5.0},{"brewery":"Kooksoondang","city":"Gangwon-do","lat":37.885,"long":127.7297,"best_beer_IPA":null,"best_beer_score_IPA":null,"most_popular_beer_IPA":null,"popularity_IPA":null,"n_beers_IPA":null,"avg_abv_IPA":null,"max_abv_beer_IPA":null,"max_abv_IPA":null,"best_beer_Ale":null,"best_beer_score_Ale":null,"most_popular_beer_Ale":null,"popularity_Ale":null,"n_beers_Ale":null,"avg_abv_Ale":null,"max_abv_beer_Ale":null,"max_abv_Ale":null,"best_beer_Lager":"ICing","best_beer_score_Lager":2.94,"most_popular_beer_Lager":"ICing","popularity_Lager":2.0,"n_beers_Lager":1.0,"avg_abv_Lager":4.0,"max_abv_beer_Lager":"ICing","max_abv_Lager":4.0,"best_beer_Stout":null,"best_beer_score_Stout":null,"most_popular_beer_Stout":null,"popularity_Stout":null,"n_beers_Stout":null,"avg_abv_Stout":null,"max_abv_beer_Stout":null,"max_abv_Stout":null,"best_beer_Pilsner":null,"best_beer_score_Pilsner":null,"most_popular_beer_Pilsner":null,"popularity_Pilsner":null,"n_beers_Pilsner":null,"avg_abv_Pilsner":null,"max_abv_beer_Pilsner":null,"max_abv_Pilsner":null,"best_beer_Porter":null,"best_beer_score_Porter":null,"most_popular_beer_Porter":null,"popularity_Porter":null,"n_beers_Porter":null,"avg_abv_Porter":null,"max_abv_beer_Porter":null,"max_abv_Porter":null,"best_beer_Fruit":null,"best_beer_score_Fruit":null,"most_popular_beer_Fruit":null,"popularity_Fruit":null,"n_beers_Fruit":null,"avg_abv_Fruit":null,"max_abv_beer_Fruit":null,"max_abv_Fruit":null,"best_beer_Roggenbier":null,"best_beer_score_Roggenbier":null,"most_popular_beer_Roggenbier":null,"popularity_Roggenbier":null,"n_beers_Roggenbier":null,"avg_abv_Roggenbier":null,"max_abv_beer_Roggenbier":null,"max_abv_Roggenbier":null,"best_beer_Herb":null,"best_beer_score_Herb":null,"most_popular_beer_Herb":null,"popularity_Herb":null,"n_beers_Herb":null,"avg_abv_Herb":null,"max_abv_beer_Herb":null,"max_abv_Herb":null,"best_beer_Smoke":null,"best_beer_score_Smoke":null,"most_popular_beer_Smoke":null,"popularity_Smoke":null,"n_beers_Smoke":null,"avg_abv_Smoke":null,"max_abv_beer_Smoke":null,"max_abv_Smoke":null,"best_beer_Barleywine":null,"best_beer_score_Barleywine":null,"most_popular_beer_Barleywine":null,"popularity_Barleywine":null,"n_beers_Barleywine":null,"avg_abv_Barleywine":null,"max_abv_beer_Barleywine":null,"max_abv_Barleywine":null,"best_beer":"ICing","best_beer_score":2.94,"most_popular_beer":"ICing","popularity":2.0,"n_beers":1.0,"avg_abv":4.0,"max_abv_beer":"ICing","max_abv":4.0}]