[{"brewery":"961 Beer","city":"Mazraat Yachoua","lat":33.89332,"long":35.50157,"best_beer_IPA":"961 American IPA","best_beer_score_IPA":3.0383333333,"most_popular_beer_IPA":"961 American IPA","popularity_IPA":4.0,"n_beers_IPA":2.0,"avg_abv_IPA":6.1,"max_abv_beer_IPA":"961 American IPA","max_abv_IPA":6.2,"best_beer_Ale":"961 Red Ale","best_beer_score_Ale":3.356097561,"most_popular_beer_Ale":"961 Red Ale","popularity_Ale":39.0,"n_beers_Ale":3.0,"avg_abv_Ale":6.0333333333,"max_abv_beer_Ale":"961 Black IPA","max_abv_Ale":6.6,"best_beer_Lager":"961 Lager","best_beer_score_Lager":3.08325,"most_popular_beer_Lager":"961 Lager","popularity_Lager":38.0,"n_beers_Lager":1.0,"avg_abv_Lager":5.0,"max_abv_beer_Lager":"961 Lager","max_abv_Lager":5.0,"best_beer_Stout":"961 Lebanese Imperial Stout","best_beer_score_Stout":3.1275,"most_popular_beer_Stout":"961 Stout","popularity_Stout":8.0,"n_beers_Stout":2.0,"avg_abv_Stout":7.75,"max_abv_beer_Stout":"961 Lebanese Imperial Stout","max_abv_Stout":8.0,"best_beer_Pilsner":null,"best_beer_score_Pilsner":null,"most_popular_beer_Pilsner":null,"popularity_Pilsner":null,"n_beers_Pilsner":null,"avg_abv_Pilsner":null,"max_abv_beer_Pilsner":null,"max_abv_Pilsner":null,"best_beer_Porter":"961 Porter","best_beer_score_Porter":3.5289655172,"most_popular_beer_Porter":"961 Porter","popularity_Porter":56.0,"n_beers_Porter":1.0,"avg_abv_Porter":5.6,"max_abv_beer_Porter":"961 Porter","max_abv_Porter":5.6,"best_beer_Fruit":null,"best_beer_score_Fruit":null,"most_popular_beer_Fruit":null,"popularity_Fruit":null,"n_beers_Fruit":null,"avg_abv_Fruit":null,"max_abv_beer_Fruit":null,"max_abv_Fruit":null,"best_beer_Roggenbier":null,"best_beer_score_Roggenbier":null,"most_popular_beer_Roggenbier":null,"popularity_Roggenbier":null,"n_beers_Roggenbier":null,"avg_abv_Roggenbier":null,"max_abv_beer_Roggenbier":null,"max_abv_Roggenbier":null,"best_beer_Herb":"961 Lebanese Pale Ale","best_beer_score_Herb":3.4140196078,"most_popular_beer_Herb":"961 Lebanese Pale Ale","popularity_Herb":100.0,"n_beers_Herb":1.0,"avg_abv_Herb":6.32,"max_abv_beer_Herb":"961 Lebanese Pale Ale","max_abv_Herb":6.32,"best_beer_Smoke":null,"best_beer_score_Smoke":null,"most_popular_beer_Smoke":null,"popularity_Smoke":null,"n_beers_Smoke":null,"avg_abv_Smoke":null,"max_abv_beer_Smoke":null,"max_abv_Smoke":null,"best_beer_Barleywine":null,"best_beer_score_Barleywine":null,"most_popular_beer_Barleywine":null,"popularity_Barleywine":null,"n_beers_Barleywine":1.0,"avg_abv_Barleywine":11.2,"max_abv_beer_Barleywine":"961 Barleywine","max_abv_Barleywine":11.2,"best_beer":"961 Porter","best_beer_score":3.5289655172,"most_popular_beer":"961 Lebanese Pale Ale","popularity":100.0,"n_beers":12.0,"avg_abv":6.8516666667,"max_abv_beer":"961 Barleywine","max_abv":11.2},{"brewery":"Brasserie Almaza S.A.L.","city":"Beirut","lat":33.89332,"long":35.50157,"best_beer_IPA":null,"best_beer_score_IPA":null,"most_popular_beer_IPA":null,"popularity_IPA":null,"n_beers_IPA":null,"avg_abv_IPA":null,"max_abv_beer_IPA":null,"max_abv_IPA":null,"best_beer_Ale":null,"best_beer_score_Ale":null,"most_popular_beer_Ale":null,"popularity_Ale":null,"n_beers_Ale":null,"avg_abv_Ale":null,"max_abv_beer_Ale":null,"max_abv_Ale":null,"best_beer_Lager":"Almaza Light","best_beer_score_Lager":2.2466666667,"most_popular_beer_Lager":"Almaza Pure Malt","popularity_Lager":7.0,"n_beers_Lager":2.0,"avg_abv_Lager":4.35,"max_abv_beer_Lager":"Almaza Pure Malt","max_abv_Lager":6.0,"best_beer_Stout":null,"best_beer_score_Stout":null,"most_popular_beer_Stout":null,"popularity_Stout":null,"n_beers_Stout":null,"avg_abv_Stout":null,"max_abv_beer_Stout":null,"max_abv_Stout":null,"best_beer_Pilsner":"Almaza Pilsner Beer","best_beer_score_Pilsner":2.8158032787,"most_popular_beer_Pilsner":"Almaza Pilsner Beer","popularity_Pilsner":303.0,"n_beers_Pilsner":3.0,"avg_abv_Pilsner":4.7333333333,"max_abv_beer_Pilsner":"Byblos Pilsener","max_abv_Pilsner":5.0,"best_beer_Porter":null,"best_beer_score_Porter":null,"most_popular_beer_Porter":null,"popularity_Porter":null,"n_beers_Porter":null,"avg_abv_Porter":null,"max_abv_beer_Porter":null,"max_abv_Porter":null,"best_beer_Fruit":"Radler","best_beer_score_Fruit":2.66,"most_popular_beer_Fruit":"Radler","popularity_Fruit":1.0,"n_beers_Fruit":1.0,"avg_abv_Fruit":2.0,"max_abv_beer_Fruit":"Radler","max_abv_Fruit":2.0,"best_beer_Roggenbier":null,"best_beer_score_Roggenbier":null,"most_popular_beer_Roggenbier":null,"popularity_Roggenbier":null,"n_beers_Roggenbier":null,"avg_abv_Roggenbier":null,"max_abv_beer_Roggenbier":null,"max_abv_Roggenbier":null,"best_beer_Herb":null,"best_beer_score_Herb":null,"most_popular_beer_Herb":null,"popularity_Herb":null,"n_beers_Herb":null,"avg_abv_Herb":null,"max_abv_beer_Herb":null,"max_abv_Herb":null,"best_beer_Smoke":null,"best_beer_score_Smoke":null,"most_popular_beer_Smoke":null,"popularity_Smoke":null,"n_beers_Smoke":null,"avg_abv_Smoke":null,"max_abv_beer_Smoke":null,"max_abv_Smoke":null,"best_beer_Barleywine":null,"best_beer_score_Barleywine":null,"most_popular_beer_Barleywine":null,"popularity_Barleywine":null,"n_beers_Barleywine":null,"avg_abv_Barleywine":null,"max_abv_beer_Barleywine":null,"max_abv_Barleywine":null,"best_beer":"Laziza Peach","best_beer_score":3.198,"most_popular_beer":"Almaza Pilsner Beer","popularity":303.0,"n_beers":10.0,"avg_abv":2.57,"max_abv_beer":"Almaza Pure Malt","max_abv":6.0},{"brewery":"Kassatly Chtaura","city":"Beirut","lat":33.89332,"long":35.50157,"best_beer_IPA":null,"best_beer_score_IPA":null,"most_popular_beer_IPA":null,"popularity_IPA":null,"n_beers_IPA":null,"avg_abv_IPA":null,"max_abv_beer_IPA":null,"max_abv_IPA":null,"best_beer_Ale":null,"best_beer_score_Ale":null,"most_popular_beer_Ale":null,"popularity_Ale":null,"n_beers_Ale":null,"avg_abv_Ale":null,"max_abv_beer_Ale":null,"max_abv_Ale":null,"best_beer_Lager":"Buzz Beer","best_beer_score_Lager":2.14,"most_popular_beer_Lager":"Buzz Beer","popularity_Lager":1.0,"n_beers_Lager":1.0,"avg_abv_Lager":9.0,"max_abv_beer_Lager":"Buzz Beer","max_abv_Lager":9.0,"best_beer_Stout":null,"best_beer_score_Stout":null,"most_popular_beer_Stout":null,"popularity_Stout":null,"n_beers_Stout":null,"avg_abv_Stout":null,"max_abv_beer_Stout":null,"max_abv_Stout":null,"best_beer_Pilsner":null,"best_beer_score_Pilsner":null,"most_popular_beer_Pilsner":null,"popularity_Pilsner":null,"n_beers_Pilsner":null,"avg_abv_Pilsner":null,"max_abv_beer_Pilsner":null,"max_abv_Pilsner":null,"best_beer_Porter":null,"best_beer_score_Porter":null,"most_popular_beer_Porter":null,"popularity_Porter":null,"n_beers_Porter":null,"avg_abv_Porter":null,"max_abv_beer_Porter":null,"max_abv_Porter":null,"best_beer_Fruit":null,"best_beer_score_Fruit":null,"most_popular_beer_Fruit":null,"popularity_Fruit":null,"n_beers_Fruit":null,"avg_abv_Fruit":null,"max_abv_beer_Fruit":null,"max_abv_Fruit":null,"best_beer_Roggenbier":null,"best_beer_score_Roggenbier":null,"most_popular_beer_Roggenbier":null,"popularity_Roggenbier":null,"n_beers_Roggenbier":null,"avg_abv_Roggenbier":null,"max_abv_beer_Roggenbier":null,"max_abv_Roggenbier":null,"best_beer_Herb":null,"best_beer_score_Herb":null,"most_popular_beer_Herb":null,"popularity_Herb":null,"n_beers_Herb":null,"avg_abv_Herb":null,"max_abv_beer_Herb":null,"max_abv_Herb":null,"best_beer_Smoke":null,"best_beer_score_Smoke":null,"most_popular_beer_Smoke":null,"popularity_Smoke":null,"n_beers_Smoke":null,"avg_abv_Smoke":null,"max_abv_beer_Smoke":null,"max_abv_Smoke":null,"best_beer_Barleywine":null,"best_beer_score_Barleywine":null,"most_popular_beer_Barleywine":null,"popularity_Barleywine":null,"n_beers_Barleywine":null,"avg_abv_Barleywine":null,"max_abv_beer_Barleywine":null,"max_abv_Barleywine":null,"best_beer":"Buzz Beer","best_beer_score":2.14,"most_popular_beer":"Buzz Beer","popularity":1.0,"n_beers":1.0,"avg_abv":9.0,"max_abv_beer":"Buzz Beer","max_abv":9.0},{"brewery":"Colonel Brewpub & Restaurant","city":"Batroun","lat":34.25528,"long":35.65806,"best_beer_IPA":null,"best_beer_score_IPA":null,"most_popular_beer_IPA":null,"popularity_IPA":null,"n_beers_IPA":null,"avg_abv_IPA":null,"max_abv_beer_IPA":null,"max_abv_IPA":null,"best_beer_Ale":"Red Irish","best_beer_score_Ale":3.328,"most_popular_beer_Ale":"Red Irish","popularity_Ale":3.0,"n_beers_Ale":1.0,"avg_abv_Ale":5.0,"max_abv_beer_Ale":"Red Irish","max_abv_Ale":5.0,"best_beer_Lager":null,"best_beer_score_Lager":null,"most_popular_beer_Lager":null,"popularity_Lager":null,"n_beers_Lager":null,"avg_abv_Lager":null,"max_abv_beer_Lager":null,"max_abv_Lager":null,"best_beer_Stout":"Black Irish","best_beer_score_Stout":3.022,"most_popular_beer_Stout":"Black Irish","popularity_Stout":3.0,"n_beers_Stout":1.0,"avg_abv_Stout":5.0,"max_abv_beer_Stout":"Black Irish","max_abv_Stout":5.0,"best_beer_Pilsner":"Lager Beer","best_beer_score_Pilsner":3.345,"most_popular_beer_Pilsner":"Lager Beer","popularity_Pilsner":2.0,"n_beers_Pilsner":2.0,"avg_abv_Pilsner":4.4,"max_abv_beer_Pilsner":"Light German","max_abv_Pilsner":4.4,"best_beer_Porter":null,"best_beer_score_Porter":null,"most_popular_beer_Porter":null,"popularity_Porter":null,"n_beers_Porter":null,"avg_abv_Porter":null,"max_abv_beer_Porter":null,"max_abv_Porter":null,"best_beer_Fruit":null,"best_beer_score_Fruit":null,"most_popular_beer_Fruit":null,"popularity_Fruit":null,"n_beers_Fruit":null,"avg_abv_Fruit":null,"max_abv_beer_Fruit":null,"max_abv_Fruit":null,"best_beer_Roggenbier":null,"best_beer_score_Roggenbier":null,"most_popular_beer_Roggenbier":null,"popularity_Roggenbier":null,"n_beers_Roggenbier":null,"avg_abv_Roggenbier":null,"max_abv_beer_Roggenbier":null,"max_abv_Roggenbier":null,"best_beer_Herb":null,"best_beer_score_Herb":null,"most_popular_beer_Herb":null,"popularity_Herb":null,"n_beers_Herb":null,"avg_abv_Herb":null,"max_abv_beer_Herb":null,"max_abv_Herb":null,"best_beer_Smoke":null,"best_beer_score_Smoke":null,"most_popular_beer_Smoke":null,"popularity_Smoke":null,"n_beers_Smoke":null,"avg_abv_Smoke":null,"max_abv_beer_Smoke":null,"max_abv_Smoke":null,"best_beer_Barleywine":null,"best_beer_score_Barleywine":null,"most_popular_beer_Barleywine":null,"popularity_Barleywine":null,"n_beers_Barleywine":null,"avg_abv_Barleywine":null,"max_abv_beer_Barleywine":null,"max_abv_Barleywine":null,"best_beer":"Lager Beer","best_beer_score":3.345,"most_popular_beer":"Red Irish","popularity":3.0,"n_beers":4.0,"avg_abv":4.7,"max_abv_beer":"Red Irish","max_abv":5.0}]