[{"brewery":"Plantation Brewing House","city":"Gros Islet","lat":14.06667,"long":-60.95,"best_beer_IPA":null,"best_beer_score_IPA":null,"most_popular_beer_IPA":null,"popularity_IPA":null,"n_beers_IPA":null,"avg_abv_IPA":null,"max_abv_beer_IPA":null,"max_abv_IPA":null,"best_beer_Ale":null,"best_beer_score_Ale":null,"most_popular_beer_Ale":null,"popularity_Ale":null,"n_beers_Ale":1.0,"avg_abv_Ale":4.7,"max_abv_beer_Ale":"Amber Ale","max_abv_Ale":4.7,"best_beer_Lager":null,"best_beer_score_Lager":null,"most_popular_beer_Lager":null,"popularity_Lager":null,"n_beers_Lager":1.0,"avg_abv_Lager":5.0,"max_abv_beer_Lager":"Dark Dunkel","max_abv_Lager":5.0,"best_beer_Stout":null,"best_beer_score_Stout":null,"most_popular_beer_Stout":null,"popularity_Stout":null,"n_beers_Stout":null,"avg_abv_Stout":null,"max_abv_beer_Stout":null,"max_abv_Stout":null,"best_beer_Pilsner":null,"best_beer_score_Pilsner":null,"most_popular_beer_Pilsner":null,"popularity_Pilsner":null,"n_beers_Pilsner":1.0,"avg_abv_Pilsner":5.0,"max_abv_beer_Pilsner":"Gold Pilsner","max_abv_Pilsner":5.0,"best_beer_Porter":null,"best_beer_score_Porter":null,"most_popular_beer_Porter":null,"popularity_Porter":null,"n_beers_Porter":1.0,"avg_abv_Porter":6.0,"max_abv_beer_Porter":"Black Porter","max_abv_Porter":6.0,"best_beer_Fruit":null,"best_beer_score_Fruit":null,"most_popular_beer_Fruit":null,"popularity_Fruit":null,"n_beers_Fruit":null,"avg_abv_Fruit":null,"max_abv_beer_Fruit":null,"max_abv_Fruit":null,"best_beer_Roggenbier":null,"best_beer_score_Roggenbier":null,"most_popular_beer_Roggenbier":null,"popularity_Roggenbier":null,"n_beers_Roggenbier":null,"avg_abv_Roggenbier":null,"max_abv_beer_Roggenbier":null,"max_abv_Roggenbier":null,"best_beer_Herb":null,"best_beer_score_Herb":null,"most_popular_beer_Herb":null,"popularity_Herb":null,"n_beers_Herb":null,"avg_abv_Herb":null,"max_abv_beer_Herb":null,"max_abv_Herb":null,"best_beer_Smoke":null,"best_beer_score_Smoke":null,"most_popular_beer_Smoke":null,"popularity_Smoke":null,"n_beers_Smoke":null,"avg_abv_Smoke":null,"max_abv_beer_Smoke":null,"max_abv_Smoke":null,"best_beer_Barleywine":null,"best_beer_score_Barleywine":null,"most_popular_beer_Barleywine":null,"popularity_Barleywine":null,"n_beers_Barleywine":null,"avg_abv_Barleywine":null,"max_abv_beer_Barleywine":null,"max_abv_Barleywine":null,"best_beer":null,"best_beer_score":null,"most_popular_beer":null,"popularity":null,"n_beers":4.0,"avg_abv":5.175,"max_abv_beer":"Black Porter","max_abv":6.0},{"brewery":"Antillia Brewing Company","city":"Gros Islet","lat":14.06667,"long":-60.95,"best_beer_IPA":null,"best_beer_score_IPA":null,"most_popular_beer_IPA":null,"popularity_IPA":null,"n_beers_IPA":null,"avg_abv_IPA":null,"max_abv_beer_IPA":null,"max_abv_IPA":null,"best_beer_Ale":"Pale Ale","best_beer_score_Ale":3.37,"most_popular_beer_Ale":"Pale Ale","popularity_Ale":5.0,"n_beers_Ale":1.0,"avg_abv_Ale":5.2,"max_abv_beer_Ale":"Pale Ale","max_abv_Ale":5.2,"best_beer_Lager":null,"best_beer_score_Lager":null,"most_popular_beer_Lager":null,"popularity_Lager":null,"n_beers_Lager":null,"avg_abv_Lager":null,"max_abv_beer_Lager":null,"max_abv_Lager":null,"best_beer_Stout":null,"best_beer_score_Stout":null,"most_popular_beer_Stout":null,"popularity_Stout":null,"n_beers_Stout":null,"avg_abv_Stout":null,"max_abv_beer_Stout":null,"max_abv_Stout":null,"best_beer_Pilsner":null,"best_beer_score_Pilsner":null,"most_popular_beer_Pilsner":null,"popularity_Pilsner":null,"n_beers_Pilsner":null,"avg_abv_Pilsner":null,"max_abv_beer_Pilsner":null,"max_abv_Pilsner":null,"best_beer_Porter":null,"best_beer_score_Porter":null,"most_popular_beer_Porter":null,"popularity_Porter":null,"n_beers_Porter":null,"avg_abv_Porter":null,"max_abv_beer_Porter":null,"max_abv_Porter":null,"best_beer_Fruit":"Lucian Organic Passionfruit Ale","best_beer_score_Fruit":3.455,"most_popular_beer_Fruit":"Lucian Organic Passionfruit Ale","popularity_Fruit":4.0,"n_beers_Fruit":1.0,"avg_abv_Fruit":4.8,"max_abv_beer_Fruit":"Lucian Organic Passionfruit Ale","max_abv_Fruit":4.8,"best_beer_Roggenbier":null,"best_beer_score_Roggenbier":null,"most_popular_beer_Roggenbier":null,"popularity_Roggenbier":null,"n_beers_Roggenbier":null,"avg_abv_Roggenbier":null,"max_abv_beer_Roggenbier":null,"max_abv_Roggenbier":null,"best_beer_Herb":null,"best_beer_score_Herb":null,"most_popular_beer_Herb":null,"popularity_Herb":null,"n_beers_Herb":null,"avg_abv_Herb":null,"max_abv_beer_Herb":null,"max_abv_Herb":null,"best_beer_Smoke":null,"best_beer_score_Smoke":null,"most_popular_beer_Smoke":null,"popularity_Smoke":null,"n_beers_Smoke":null,"avg_abv_Smoke":null,"max_abv_beer_Smoke":null,"max_abv_Smoke":null,"best_beer_Barleywine":null,"best_beer_score_Barleywine":null,"most_popular_beer_Barleywine":null,"popularity_Barleywine":null,"n_beers_Barleywine":null,"avg_abv_Barleywine":null,"max_abv_beer_Barleywine":null,"max_abv_Barleywine":null,"best_beer":"Lucian Organic Passionfruit Ale","best_beer_score":3.455,"most_popular_beer":"Pale Ale","popularity":5.0,"n_beers":2.0,"avg_abv":5.0,"max_abv_beer":"Pale Ale","max_abv":5.2},{"brewery":"Windward & Leeward Brewery Ltd.","city":"Vieux Fort","lat":13.71667,"long":-60.95,"best_beer_IPA":null,"best_beer_score_IPA":null,"most_popular_beer_IPA":null,"popularity_IPA":null,"n_beers_IPA":null,"avg_abv_IPA":null,"max_abv_beer_IPA":null,"max_abv_IPA":null,"best_beer_Ale":null,"best_beer_score_Ale":null,"most_popular_beer_Ale":null,"popularity_Ale":null,"n_beers_Ale":null,"avg_abv_Ale":null,"max_abv_beer_Ale":null,"max_abv_Ale":null,"best_beer_Lager":"Piton Lager Beer","best_beer_score_Lager":2.9258823529,"most_popular_beer_Lager":"Piton Lager Beer","popularity_Lager":100.0,"n_beers_Lager":2.0,"avg_abv_Lager":5.0,"max_abv_beer_Lager":"Piton Lager Beer","max_abv_Lager":5.0,"best_beer_Stout":"Guinness Foreign Extra (St. Lucia Version)","best_beer_score_Stout":3.6455555556,"most_popular_beer_Stout":"Guinness Foreign Extra (St. Lucia Version)","popularity_Stout":25.0,"n_beers_Stout":2.0,"avg_abv_Stout":7.05,"max_abv_beer_Stout":"Guinness Foreign Extra (St. Lucia Version)","max_abv_Stout":7.5,"best_beer_Pilsner":null,"best_beer_score_Pilsner":null,"most_popular_beer_Pilsner":null,"popularity_Pilsner":null,"n_beers_Pilsner":null,"avg_abv_Pilsner":null,"max_abv_beer_Pilsner":null,"max_abv_Pilsner":null,"best_beer_Porter":null,"best_beer_score_Porter":null,"most_popular_beer_Porter":null,"popularity_Porter":null,"n_beers_Porter":null,"avg_abv_Porter":null,"max_abv_beer_Porter":null,"max_abv_Porter":null,"best_beer_Fruit":"Piton Shandy (lemon)","best_beer_score_Fruit":2.42,"most_popular_beer_Fruit":"Piton Shandy (lemon)","popularity_Fruit":3.0,"n_beers_Fruit":1.0,"avg_abv_Fruit":1.2,"max_abv_beer_Fruit":"Piton Shandy (lemon)","max_abv_Fruit":1.2,"best_beer_Roggenbier":null,"best_beer_score_Roggenbier":null,"most_popular_beer_Roggenbier":null,"popularity_Roggenbier":null,"n_beers_Roggenbier":null,"avg_abv_Roggenbier":null,"max_abv_beer_Roggenbier":null,"max_abv_Roggenbier":null,"best_beer_Herb":null,"best_beer_score_Herb":null,"most_popular_beer_Herb":null,"popularity_Herb":null,"n_beers_Herb":null,"avg_abv_Herb":null,"max_abv_beer_Herb":null,"max_abv_Herb":null,"best_beer_Smoke":null,"best_beer_score_Smoke":null,"most_popular_beer_Smoke":null,"popularity_Smoke":null,"n_beers_Smoke":null,"avg_abv_Smoke":null,"max_abv_beer_Smoke":null,"max_abv_Smoke":null,"best_beer_Barleywine":null,"best_beer_score_Barleywine":null,"most_popular_beer_Barleywine":null,"popularity_Barleywine":null,"n_beers_Barleywine":null,"avg_abv_Barleywine":null,"max_abv_beer_Barleywine":null,"max_abv_Barleywine":null,"best_beer":"Guinness Foreign Extra (St. Lucia Version)","best_beer_score":3.6455555556,"most_popular_beer":"Piton Lager Beer","popularity":100.0,"n_beers":5.0,"avg_abv":5.06,"max_abv_beer":"Guinness Foreign Extra (St. Lucia Version)","max_abv":7.5}]