[{"brewery":"Liechtensteiner Brauhaus","city":"Schaan","lat":47.16498,"long":9.50867,"best_beer_IPA":"Club Bier 02 - Alpen Pale Ale","best_beer_score_IPA":3.2311111111,"most_popular_beer_IPA":"Club Bier 02 - Alpen Pale Ale","popularity_IPA":7.0,"n_beers_IPA":1.0,"avg_abv_IPA":5.4,"max_abv_beer_IPA":"Club Bier 02 - Alpen Pale Ale","max_abv_IPA":5.4,"best_beer_Ale":"Club Bier 02 - Alpen Pale Ale","best_beer_score_Ale":3.2311111111,"most_popular_beer_Ale":"Club Bier 02 - Alpen Pale Ale","popularity_Ale":7.0,"n_beers_Ale":1.0,"avg_abv_Ale":5.4,"max_abv_beer_Ale":"Club Bier 02 - Alpen Pale Ale","max_abv_Ale":5.4,"best_beer_Lager":"Alpagold","best_beer_score_Lager":3.03,"most_popular_beer_Lager":"Alpagold","popularity_Lager":3.0,"n_beers_Lager":3.0,"avg_abv_Lager":4.8,"max_abv_beer_Lager":"Krona","max_abv_Lager":4.8,"best_beer_Stout":"Club Beer 01-Coffee Stout","best_beer_score_Stout":3.296,"most_popular_beer_Stout":"Club Beer 01-Coffee Stout","popularity_Stout":8.0,"n_beers_Stout":1.0,"avg_abv_Stout":5.5,"max_abv_beer_Stout":"Club Beer 01-Coffee Stout","max_abv_Stout":5.5,"best_beer_Pilsner":null,"best_beer_score_Pilsner":null,"most_popular_beer_Pilsner":null,"popularity_Pilsner":null,"n_beers_Pilsner":null,"avg_abv_Pilsner":null,"max_abv_beer_Pilsner":null,"max_abv_Pilsner":null,"best_beer_Porter":null,"best_beer_score_Porter":null,"most_popular_beer_Porter":null,"popularity_Porter":null,"n_beers_Porter":null,"avg_abv_Porter":null,"max_abv_beer_Porter":null,"max_abv_Porter":null,"best_beer_Fruit":null,"best_beer_score_Fruit":null,"most_popular_beer_Fruit":null,"popularity_Fruit":null,"n_beers_Fruit":null,"avg_abv_Fruit":null,"max_abv_beer_Fruit":null,"max_abv_Fruit":null,"best_beer_Roggenbier":null,"best_beer_score_Roggenbier":null,"most_popular_beer_Roggenbier":null,"popularity_Roggenbier":null,"n_beers_Roggenbier":null,"avg_abv_Roggenbier":null,"max_abv_beer_Roggenbier":null,"max_abv_Roggenbier":null,"best_beer_Herb":null,"best_beer_score_Herb":null,"most_popular_beer_Herb":null,"popularity_Herb":null,"n_beers_Herb":null,"avg_abv_Herb":null,"max_abv_beer_Herb":null,"max_abv_Herb":null,"best_beer_Smoke":null,"best_beer_score_Smoke":null,"most_popular_beer_Smoke":null,"popularity_Smoke":null,"n_beers_Smoke":null,"avg_abv_Smoke":null,"max_abv_beer_Smoke":null,"max_abv_Smoke":null,"best_beer_Barleywine":null,"best_beer_score_Barleywine":null,"most_popular_beer_Barleywine":null,"popularity_Barleywine":null,"n_beers_Barleywine":null,"avg_abv_Barleywine":null,"max_abv_beer_Barleywine":null,"max_abv_Barleywine":null,"best_beer":"Club Bier 05 - Wiesn Rausch","best_beer_score":3.4933333333,"most_popular_beer":"Liechtensteiner Brauhaus Hell's","popularity":9.0,"n_beers":9.0,"avg_abv":5.3222222222,"max_abv_beer":"Malbu Bock","max_abv":6.8},{"brewery":"PrinzenBr\u00e4u","city":"Balzers","lat":47.06665,"long":9.50251,"best_beer_IPA":null,"best_beer_score_IPA":null,"most_popular_beer_IPA":null,"popularity_IPA":null,"n_beers_IPA":null,"avg_abv_IPA":null,"max_abv_beer_IPA":null,"max_abv_IPA":null,"best_beer_Ale":null,"best_beer_score_Ale":null,"most_popular_beer_Ale":null,"popularity_Ale":null,"n_beers_Ale":null,"avg_abv_Ale":null,"max_abv_beer_Ale":null,"max_abv_Ale":null,"best_beer_Lager":"Naturblond","best_beer_score_Lager":2.88,"most_popular_beer_Lager":"Monarch","popularity_Lager":3.0,"n_beers_Lager":2.0,"avg_abv_Lager":4.8,"max_abv_beer_Lager":"Monarch","max_abv_Lager":4.8,"best_beer_Stout":null,"best_beer_score_Stout":null,"most_popular_beer_Stout":null,"popularity_Stout":null,"n_beers_Stout":null,"avg_abv_Stout":null,"max_abv_beer_Stout":null,"max_abv_Stout":null,"best_beer_Pilsner":null,"best_beer_score_Pilsner":null,"most_popular_beer_Pilsner":null,"popularity_Pilsner":null,"n_beers_Pilsner":null,"avg_abv_Pilsner":null,"max_abv_beer_Pilsner":null,"max_abv_Pilsner":null,"best_beer_Porter":null,"best_beer_score_Porter":null,"most_popular_beer_Porter":null,"popularity_Porter":null,"n_beers_Porter":null,"avg_abv_Porter":null,"max_abv_beer_Porter":null,"max_abv_Porter":null,"best_beer_Fruit":null,"best_beer_score_Fruit":null,"most_popular_beer_Fruit":null,"popularity_Fruit":null,"n_beers_Fruit":null,"avg_abv_Fruit":null,"max_abv_beer_Fruit":null,"max_abv_Fruit":null,"best_beer_Roggenbier":null,"best_beer_score_Roggenbier":null,"most_popular_beer_Roggenbier":null,"popularity_Roggenbier":null,"n_beers_Roggenbier":null,"avg_abv_Roggenbier":null,"max_abv_beer_Roggenbier":null,"max_abv_Roggenbier":null,"best_beer_Herb":null,"best_beer_score_Herb":null,"most_popular_beer_Herb":null,"popularity_Herb":null,"n_beers_Herb":null,"avg_abv_Herb":null,"max_abv_beer_Herb":null,"max_abv_Herb":null,"best_beer_Smoke":null,"best_beer_score_Smoke":null,"most_popular_beer_Smoke":null,"popularity_Smoke":null,"n_beers_Smoke":null,"avg_abv_Smoke":null,"max_abv_beer_Smoke":null,"max_abv_Smoke":null,"best_beer_Barleywine":null,"best_beer_score_Barleywine":null,"most_popular_beer_Barleywine":null,"popularity_Barleywine":null,"n_beers_Barleywine":null,"avg_abv_Barleywine":null,"max_abv_beer_Barleywine":null,"max_abv_Barleywine":null,"best_beer":"Weizen","best_beer_score":2.88,"most_popular_beer":"Monarch","popularity":3.0,"n_beers":3.0,"avg_abv":4.8,"max_abv_beer":"Monarch","max_abv":4.8}]