[{"brewery":"Ceylon \/ Lion Brewery Limited","city":"Biyagama","lat":6.9444898,"long":79.9905575,"best_beer_IPA":null,"best_beer_score_IPA":null,"most_popular_beer_IPA":null,"popularity_IPA":null,"n_beers_IPA":null,"avg_abv_IPA":null,"max_abv_beer_IPA":null,"max_abv_IPA":null,"best_beer_Ale":null,"best_beer_score_Ale":null,"most_popular_beer_Ale":null,"popularity_Ale":null,"n_beers_Ale":null,"avg_abv_Ale":null,"max_abv_beer_Ale":null,"max_abv_Ale":null,"best_beer_Lager":"Lion Imperial Premium Malt Pilsner","best_beer_score_Lager":3.0036363636,"most_popular_beer_Lager":"Lion Imperial Premium Malt Pilsner","popularity_Lager":218.0,"n_beers_Lager":4.0,"avg_abv_Lager":6.8,"max_abv_beer_Lager":"GB Export","max_abv_Lager":8.8,"best_beer_Stout":"Lion Stout","best_beer_score_Stout":3.9079078229,"most_popular_beer_Stout":"Lion Stout","popularity_Stout":1647.0,"n_beers_Stout":2.0,"avg_abv_Stout":6.8,"max_abv_beer_Stout":"Lion Stout","max_abv_Stout":8.8,"best_beer_Pilsner":null,"best_beer_score_Pilsner":null,"most_popular_beer_Pilsner":null,"popularity_Pilsner":null,"n_beers_Pilsner":null,"avg_abv_Pilsner":null,"max_abv_beer_Pilsner":null,"max_abv_Pilsner":null,"best_beer_Porter":null,"best_beer_score_Porter":null,"most_popular_beer_Porter":null,"popularity_Porter":null,"n_beers_Porter":null,"avg_abv_Porter":null,"max_abv_beer_Porter":null,"max_abv_Porter":null,"best_beer_Fruit":null,"best_beer_score_Fruit":null,"most_popular_beer_Fruit":null,"popularity_Fruit":null,"n_beers_Fruit":null,"avg_abv_Fruit":null,"max_abv_beer_Fruit":null,"max_abv_Fruit":null,"best_beer_Roggenbier":null,"best_beer_score_Roggenbier":null,"most_popular_beer_Roggenbier":null,"popularity_Roggenbier":null,"n_beers_Roggenbier":null,"avg_abv_Roggenbier":null,"max_abv_beer_Roggenbier":null,"max_abv_Roggenbier":null,"best_beer_Herb":null,"best_beer_score_Herb":null,"most_popular_beer_Herb":null,"popularity_Herb":null,"n_beers_Herb":null,"avg_abv_Herb":null,"max_abv_beer_Herb":null,"max_abv_Herb":null,"best_beer_Smoke":null,"best_beer_score_Smoke":null,"most_popular_beer_Smoke":null,"popularity_Smoke":null,"n_beers_Smoke":null,"avg_abv_Smoke":null,"max_abv_beer_Smoke":null,"max_abv_Smoke":null,"best_beer_Barleywine":null,"best_beer_score_Barleywine":null,"most_popular_beer_Barleywine":null,"popularity_Barleywine":null,"n_beers_Barleywine":null,"avg_abv_Barleywine":null,"max_abv_beer_Barleywine":null,"max_abv_Barleywine":null,"best_beer":"Lion Stout","best_beer_score":3.9079078229,"most_popular_beer":"Lion Stout","popularity":1647.0,"n_beers":7.0,"avg_abv":7.0857142857,"max_abv_beer":"Lion Stout","max_abv":8.8},{"brewery":"McCallum Brewery","city":"Colombo","lat":6.93548,"long":79.84868,"best_beer_IPA":null,"best_beer_score_IPA":null,"most_popular_beer_IPA":null,"popularity_IPA":null,"n_beers_IPA":null,"avg_abv_IPA":null,"max_abv_beer_IPA":null,"max_abv_IPA":null,"best_beer_Ale":"3 Coins Irish Dark","best_beer_score_Ale":3.0783333333,"most_popular_beer_Ale":"3 Coins Irish Dark","popularity_Ale":4.0,"n_beers_Ale":1.0,"avg_abv_Ale":7.3,"max_abv_beer_Ale":"3 Coins Irish Dark","max_abv_Ale":7.3,"best_beer_Lager":"3 Coins Malt Lager","best_beer_score_Lager":2.7066666667,"most_popular_beer_Lager":"3 Coins Malt Lager","popularity_Lager":4.0,"n_beers_Lager":2.0,"avg_abv_Lager":5.0,"max_abv_beer_Lager":"3 Coins Malt Lager","max_abv_Lager":5.0,"best_beer_Stout":"Sando Stout","best_beer_score_Stout":2.806,"most_popular_beer_Stout":"Sando Stout","popularity_Stout":3.0,"n_beers_Stout":1.0,"avg_abv_Stout":7.2,"max_abv_beer_Stout":"Sando Stout","max_abv_Stout":7.2,"best_beer_Pilsner":null,"best_beer_score_Pilsner":null,"most_popular_beer_Pilsner":null,"popularity_Pilsner":null,"n_beers_Pilsner":null,"avg_abv_Pilsner":null,"max_abv_beer_Pilsner":null,"max_abv_Pilsner":null,"best_beer_Porter":null,"best_beer_score_Porter":null,"most_popular_beer_Porter":null,"popularity_Porter":null,"n_beers_Porter":null,"avg_abv_Porter":null,"max_abv_beer_Porter":null,"max_abv_Porter":null,"best_beer_Fruit":null,"best_beer_score_Fruit":null,"most_popular_beer_Fruit":null,"popularity_Fruit":null,"n_beers_Fruit":null,"avg_abv_Fruit":null,"max_abv_beer_Fruit":null,"max_abv_Fruit":null,"best_beer_Roggenbier":null,"best_beer_score_Roggenbier":null,"most_popular_beer_Roggenbier":null,"popularity_Roggenbier":null,"n_beers_Roggenbier":null,"avg_abv_Roggenbier":null,"max_abv_beer_Roggenbier":null,"max_abv_Roggenbier":null,"best_beer_Herb":null,"best_beer_score_Herb":null,"most_popular_beer_Herb":null,"popularity_Herb":null,"n_beers_Herb":null,"avg_abv_Herb":null,"max_abv_beer_Herb":null,"max_abv_Herb":null,"best_beer_Smoke":null,"best_beer_score_Smoke":null,"most_popular_beer_Smoke":null,"popularity_Smoke":null,"n_beers_Smoke":null,"avg_abv_Smoke":null,"max_abv_beer_Smoke":null,"max_abv_Smoke":null,"best_beer_Barleywine":null,"best_beer_score_Barleywine":null,"most_popular_beer_Barleywine":null,"popularity_Barleywine":null,"n_beers_Barleywine":null,"avg_abv_Barleywine":null,"max_abv_beer_Barleywine":null,"max_abv_Barleywine":null,"best_beer":"3 Coins Irish Dark","best_beer_score":3.0783333333,"most_popular_beer":"3 Coins Irish Dark","popularity":4.0,"n_beers":5.0,"avg_abv":5.86,"max_abv_beer":"3 Coins Irish Dark","max_abv":7.3},{"brewery":"Asia Pacific Brewery Lanka Ltd.","city":"Mawathagama","lat":7.4329884,"long":80.4464094,"best_beer_IPA":null,"best_beer_score_IPA":null,"most_popular_beer_IPA":null,"popularity_IPA":null,"n_beers_IPA":null,"avg_abv_IPA":null,"max_abv_beer_IPA":null,"max_abv_IPA":null,"best_beer_Ale":null,"best_beer_score_Ale":null,"most_popular_beer_Ale":null,"popularity_Ale":null,"n_beers_Ale":null,"avg_abv_Ale":null,"max_abv_beer_Ale":null,"max_abv_Ale":null,"best_beer_Lager":"Baron's Strong Brew","best_beer_score_Lager":2.6533333333,"most_popular_beer_Lager":"Anchor Smooth","popularity_Lager":3.0,"n_beers_Lager":3.0,"avg_abv_Lager":7.5,"max_abv_beer_Lager":"Baron's Strong Brew","max_abv_Lager":8.8,"best_beer_Stout":"ABC Extra Stout","best_beer_score_Stout":2.235,"most_popular_beer_Stout":"ABC Extra Stout","popularity_Stout":2.0,"n_beers_Stout":1.0,"avg_abv_Stout":8.8,"max_abv_beer_Stout":"ABC Extra Stout","max_abv_Stout":8.8,"best_beer_Pilsner":null,"best_beer_score_Pilsner":null,"most_popular_beer_Pilsner":null,"popularity_Pilsner":null,"n_beers_Pilsner":null,"avg_abv_Pilsner":null,"max_abv_beer_Pilsner":null,"max_abv_Pilsner":null,"best_beer_Porter":null,"best_beer_score_Porter":null,"most_popular_beer_Porter":null,"popularity_Porter":null,"n_beers_Porter":null,"avg_abv_Porter":null,"max_abv_beer_Porter":null,"max_abv_Porter":null,"best_beer_Fruit":null,"best_beer_score_Fruit":null,"most_popular_beer_Fruit":null,"popularity_Fruit":null,"n_beers_Fruit":null,"avg_abv_Fruit":null,"max_abv_beer_Fruit":null,"max_abv_Fruit":null,"best_beer_Roggenbier":null,"best_beer_score_Roggenbier":null,"most_popular_beer_Roggenbier":null,"popularity_Roggenbier":null,"n_beers_Roggenbier":null,"avg_abv_Roggenbier":null,"max_abv_beer_Roggenbier":null,"max_abv_Roggenbier":null,"best_beer_Herb":null,"best_beer_score_Herb":null,"most_popular_beer_Herb":null,"popularity_Herb":null,"n_beers_Herb":null,"avg_abv_Herb":null,"max_abv_beer_Herb":null,"max_abv_Herb":null,"best_beer_Smoke":null,"best_beer_score_Smoke":null,"most_popular_beer_Smoke":null,"popularity_Smoke":null,"n_beers_Smoke":null,"avg_abv_Smoke":null,"max_abv_beer_Smoke":null,"max_abv_Smoke":null,"best_beer_Barleywine":null,"best_beer_score_Barleywine":null,"most_popular_beer_Barleywine":null,"popularity_Barleywine":null,"n_beers_Barleywine":null,"avg_abv_Barleywine":null,"max_abv_beer_Barleywine":null,"max_abv_Barleywine":null,"best_beer":"Tiger Black","best_beer_score":2.7,"most_popular_beer":"Anchor Smooth","popularity":3.0,"n_beers":7.0,"avg_abv":8.2428571429,"max_abv_beer":"Baron's Strong Brew","max_abv":8.8}]