[{"brewery":"Brasserie De Monaco","city":"Monaco","lat":43.73333,"long":7.41667,"best_beer_IPA":null,"best_beer_score_IPA":null,"most_popular_beer_IPA":null,"popularity_IPA":null,"n_beers_IPA":null,"avg_abv_IPA":null,"max_abv_beer_IPA":null,"max_abv_IPA":null,"best_beer_Ale":"Ambree 5.2\u00ba","best_beer_score_Ale":3.1642857143,"most_popular_beer_Ale":"Ambree 5.2\u00ba","popularity_Ale":5.0,"n_beers_Ale":1.0,"avg_abv_Ale":5.2,"max_abv_beer_Ale":"Ambree 5.2\u00ba","max_abv_Ale":5.2,"best_beer_Lager":null,"best_beer_score_Lager":null,"most_popular_beer_Lager":null,"popularity_Lager":null,"n_beers_Lager":null,"avg_abv_Lager":null,"max_abv_beer_Lager":null,"max_abv_Lager":null,"best_beer_Stout":null,"best_beer_score_Stout":null,"most_popular_beer_Stout":null,"popularity_Stout":null,"n_beers_Stout":null,"avg_abv_Stout":null,"max_abv_beer_Stout":null,"max_abv_Stout":null,"best_beer_Pilsner":"Blonde 5\u00ba","best_beer_score_Pilsner":3.0571428571,"most_popular_beer_Pilsner":"Monaco","popularity_Pilsner":7.0,"n_beers_Pilsner":2.0,"avg_abv_Pilsner":5.4,"max_abv_beer_Pilsner":"Monaco","max_abv_Pilsner":5.8,"best_beer_Porter":null,"best_beer_score_Porter":null,"most_popular_beer_Porter":null,"popularity_Porter":null,"n_beers_Porter":null,"avg_abv_Porter":null,"max_abv_beer_Porter":null,"max_abv_Porter":null,"best_beer_Fruit":"Biere Aux Fruits Rouges","best_beer_score_Fruit":2.36,"most_popular_beer_Fruit":"Biere Aux Fruits Rouges","popularity_Fruit":1.0,"n_beers_Fruit":1.0,"avg_abv_Fruit":5.6,"max_abv_beer_Fruit":"Biere Aux Fruits Rouges","max_abv_Fruit":5.6,"best_beer_Roggenbier":null,"best_beer_score_Roggenbier":null,"most_popular_beer_Roggenbier":null,"popularity_Roggenbier":null,"n_beers_Roggenbier":null,"avg_abv_Roggenbier":null,"max_abv_beer_Roggenbier":null,"max_abv_Roggenbier":null,"best_beer_Herb":null,"best_beer_score_Herb":null,"most_popular_beer_Herb":null,"popularity_Herb":null,"n_beers_Herb":null,"avg_abv_Herb":null,"max_abv_beer_Herb":null,"max_abv_Herb":null,"best_beer_Smoke":null,"best_beer_score_Smoke":null,"most_popular_beer_Smoke":null,"popularity_Smoke":null,"n_beers_Smoke":null,"avg_abv_Smoke":null,"max_abv_beer_Smoke":null,"max_abv_Smoke":null,"best_beer_Barleywine":null,"best_beer_score_Barleywine":null,"most_popular_beer_Barleywine":null,"popularity_Barleywine":null,"n_beers_Barleywine":null,"avg_abv_Barleywine":null,"max_abv_beer_Barleywine":null,"max_abv_Barleywine":null,"best_beer":"Ambree 5.2\u00ba","best_beer_score":3.1642857143,"most_popular_beer":"Monaco","popularity":7.0,"n_beers":5.0,"avg_abv":5.28,"max_abv_beer":"Monaco","max_abv":5.8}]