[{"brewery":"Sierra Andina","city":"Huaraz","lat":-9.52779,"long":-77.52778,"best_beer_IPA":"Shaman IPA","best_beer_score_IPA":3.3628571429,"most_popular_beer_IPA":"Shaman IPA","popularity_IPA":5.0,"n_beers_IPA":1.0,"avg_abv_IPA":8.0,"max_abv_beer_IPA":"Shaman IPA","max_abv_IPA":8.0,"best_beer_Ale":"Pachacutec Imperial Ale","best_beer_score_Ale":3.3166666667,"most_popular_beer_Ale":"Inti Golden Ale","popularity_Ale":9.0,"n_beers_Ale":5.0,"avg_abv_Ale":6.5,"max_abv_beer_Ale":"Pachacutec Imperial Ale","max_abv_Ale":10.5,"best_beer_Lager":null,"best_beer_score_Lager":null,"most_popular_beer_Lager":null,"popularity_Lager":null,"n_beers_Lager":null,"avg_abv_Lager":null,"max_abv_beer_Lager":null,"max_abv_Lager":null,"best_beer_Stout":null,"best_beer_score_Stout":null,"most_popular_beer_Stout":null,"popularity_Stout":null,"n_beers_Stout":null,"avg_abv_Stout":null,"max_abv_beer_Stout":null,"max_abv_Stout":null,"best_beer_Pilsner":null,"best_beer_score_Pilsner":null,"most_popular_beer_Pilsner":null,"popularity_Pilsner":null,"n_beers_Pilsner":null,"avg_abv_Pilsner":null,"max_abv_beer_Pilsner":null,"max_abv_Pilsner":null,"best_beer_Porter":"Don Juan Porter","best_beer_score_Porter":3.25,"most_popular_beer_Porter":"Don Juan Porter","popularity_Porter":6.0,"n_beers_Porter":1.0,"avg_abv_Porter":7.0,"max_abv_beer_Porter":"Don Juan Porter","max_abv_Porter":7.0,"best_beer_Fruit":null,"best_beer_score_Fruit":null,"most_popular_beer_Fruit":null,"popularity_Fruit":null,"n_beers_Fruit":null,"avg_abv_Fruit":null,"max_abv_beer_Fruit":null,"max_abv_Fruit":null,"best_beer_Roggenbier":null,"best_beer_score_Roggenbier":null,"most_popular_beer_Roggenbier":null,"popularity_Roggenbier":null,"n_beers_Roggenbier":null,"avg_abv_Roggenbier":null,"max_abv_beer_Roggenbier":null,"max_abv_Roggenbier":null,"best_beer_Herb":null,"best_beer_score_Herb":null,"most_popular_beer_Herb":null,"popularity_Herb":null,"n_beers_Herb":null,"avg_abv_Herb":null,"max_abv_beer_Herb":null,"max_abv_Herb":null,"best_beer_Smoke":null,"best_beer_score_Smoke":null,"most_popular_beer_Smoke":null,"popularity_Smoke":null,"n_beers_Smoke":null,"avg_abv_Smoke":null,"max_abv_beer_Smoke":null,"max_abv_Smoke":null,"best_beer_Barleywine":null,"best_beer_score_Barleywine":null,"most_popular_beer_Barleywine":null,"popularity_Barleywine":null,"n_beers_Barleywine":null,"avg_abv_Barleywine":null,"max_abv_beer_Barleywine":null,"max_abv_Barleywine":null,"best_beer":"Shaman IPA","best_beer_score":3.3628571429,"most_popular_beer":"Inti Golden Ale","popularity":9.0,"n_beers":8.0,"avg_abv":6.5,"max_abv_beer":"Pachacutec Imperial Ale","max_abv":10.5},{"brewery":"Ajeper S.A.","city":"Lima","lat":-12.04318,"long":-77.02824,"best_beer_IPA":null,"best_beer_score_IPA":null,"most_popular_beer_IPA":null,"popularity_IPA":null,"n_beers_IPA":null,"avg_abv_IPA":null,"max_abv_beer_IPA":null,"max_abv_IPA":null,"best_beer_Ale":null,"best_beer_score_Ale":null,"most_popular_beer_Ale":null,"popularity_Ale":null,"n_beers_Ale":null,"avg_abv_Ale":null,"max_abv_beer_Ale":null,"max_abv_Ale":null,"best_beer_Lager":"Tres Cruces","best_beer_score_Lager":3.13,"most_popular_beer_Lager":"Franca","popularity_Lager":18.0,"n_beers_Lager":2.0,"avg_abv_Lager":5.0,"max_abv_beer_Lager":"Franca","max_abv_Lager":5.0,"best_beer_Stout":null,"best_beer_score_Stout":null,"most_popular_beer_Stout":null,"popularity_Stout":null,"n_beers_Stout":null,"avg_abv_Stout":null,"max_abv_beer_Stout":null,"max_abv_Stout":null,"best_beer_Pilsner":null,"best_beer_score_Pilsner":null,"most_popular_beer_Pilsner":null,"popularity_Pilsner":null,"n_beers_Pilsner":null,"avg_abv_Pilsner":null,"max_abv_beer_Pilsner":null,"max_abv_Pilsner":null,"best_beer_Porter":null,"best_beer_score_Porter":null,"most_popular_beer_Porter":null,"popularity_Porter":null,"n_beers_Porter":null,"avg_abv_Porter":null,"max_abv_beer_Porter":null,"max_abv_Porter":null,"best_beer_Fruit":null,"best_beer_score_Fruit":null,"most_popular_beer_Fruit":null,"popularity_Fruit":null,"n_beers_Fruit":null,"avg_abv_Fruit":null,"max_abv_beer_Fruit":null,"max_abv_Fruit":null,"best_beer_Roggenbier":null,"best_beer_score_Roggenbier":null,"most_popular_beer_Roggenbier":null,"popularity_Roggenbier":null,"n_beers_Roggenbier":null,"avg_abv_Roggenbier":null,"max_abv_beer_Roggenbier":null,"max_abv_Roggenbier":null,"best_beer_Herb":null,"best_beer_score_Herb":null,"most_popular_beer_Herb":null,"popularity_Herb":null,"n_beers_Herb":null,"avg_abv_Herb":null,"max_abv_beer_Herb":null,"max_abv_Herb":null,"best_beer_Smoke":null,"best_beer_score_Smoke":null,"most_popular_beer_Smoke":null,"popularity_Smoke":null,"n_beers_Smoke":null,"avg_abv_Smoke":null,"max_abv_beer_Smoke":null,"max_abv_Smoke":null,"best_beer_Barleywine":null,"best_beer_score_Barleywine":null,"most_popular_beer_Barleywine":null,"popularity_Barleywine":null,"n_beers_Barleywine":null,"avg_abv_Barleywine":null,"max_abv_beer_Barleywine":null,"max_abv_Barleywine":null,"best_beer":"Tres Cruces","best_beer_score":3.13,"most_popular_beer":"Franca","popularity":18.0,"n_beers":2.0,"avg_abv":5.0,"max_abv_beer":"Franca","max_abv":5.0},{"brewery":"Barranco Beer Company","city":"Lima","lat":-12.04318,"long":-77.02824,"best_beer_IPA":"AmarguIPA","best_beer_score_IPA":3.178,"most_popular_beer_IPA":"AmarguIPA","popularity_IPA":3.0,"n_beers_IPA":1.0,"avg_abv_IPA":6.5,"max_abv_beer_IPA":"AmarguIPA","max_abv_IPA":6.5,"best_beer_Ale":"Pale X","best_beer_score_Ale":3.094,"most_popular_beer_Ale":"Pale X","popularity_Ale":3.0,"n_beers_Ale":2.0,"avg_abv_Ale":5.75,"max_abv_beer_Ale":"Pale X","max_abv_Ale":6.0,"best_beer_Lager":"Fifti Lager","best_beer_score_Lager":2.8875,"most_popular_beer_Lager":"Fifti Lager","popularity_Lager":2.0,"n_beers_Lager":2.0,"avg_abv_Lager":5.25,"max_abv_beer_Lager":"Fifti Lager","max_abv_Lager":5.5,"best_beer_Stout":"Saca Tu Machete","best_beer_score_Stout":3.364,"most_popular_beer_Stout":"Saca Tu Machete","popularity_Stout":3.0,"n_beers_Stout":2.0,"avg_abv_Stout":6.85,"max_abv_beer_Stout":"Saca Tu Machete","max_abv_Stout":8.7,"best_beer_Pilsner":null,"best_beer_score_Pilsner":null,"most_popular_beer_Pilsner":null,"popularity_Pilsner":null,"n_beers_Pilsner":null,"avg_abv_Pilsner":null,"max_abv_beer_Pilsner":null,"max_abv_Pilsner":null,"best_beer_Porter":null,"best_beer_score_Porter":null,"most_popular_beer_Porter":null,"popularity_Porter":null,"n_beers_Porter":null,"avg_abv_Porter":null,"max_abv_beer_Porter":null,"max_abv_Porter":null,"best_beer_Fruit":null,"best_beer_score_Fruit":null,"most_popular_beer_Fruit":null,"popularity_Fruit":null,"n_beers_Fruit":null,"avg_abv_Fruit":null,"max_abv_beer_Fruit":null,"max_abv_Fruit":null,"best_beer_Roggenbier":null,"best_beer_score_Roggenbier":null,"most_popular_beer_Roggenbier":null,"popularity_Roggenbier":null,"n_beers_Roggenbier":null,"avg_abv_Roggenbier":null,"max_abv_beer_Roggenbier":null,"max_abv_Roggenbier":null,"best_beer_Herb":null,"best_beer_score_Herb":null,"most_popular_beer_Herb":null,"popularity_Herb":null,"n_beers_Herb":null,"avg_abv_Herb":null,"max_abv_beer_Herb":null,"max_abv_Herb":null,"best_beer_Smoke":null,"best_beer_score_Smoke":null,"most_popular_beer_Smoke":null,"popularity_Smoke":null,"n_beers_Smoke":null,"avg_abv_Smoke":null,"max_abv_beer_Smoke":null,"max_abv_Smoke":null,"best_beer_Barleywine":null,"best_beer_score_Barleywine":null,"most_popular_beer_Barleywine":null,"popularity_Barleywine":null,"n_beers_Barleywine":null,"avg_abv_Barleywine":null,"max_abv_beer_Barleywine":null,"max_abv_Barleywine":null,"best_beer":"Saca Tu Machete","best_beer_score":3.364,"most_popular_beer":"Saca Tu Machete","popularity":3.0,"n_beers":12.0,"avg_abv":5.5916666667,"max_abv_beer":"Saca Tu Machete","max_abv":8.7},{"brewery":"Cervecer\u00eda Del Valle Sagrado","city":"Pachar","lat":-13.2783131,"long":-72.2179847,"best_beer_IPA":"IPA","best_beer_score_IPA":3.185,"most_popular_beer_IPA":"IPA","popularity_IPA":2.0,"n_beers_IPA":2.0,"avg_abv_IPA":6.7,"max_abv_beer_IPA":"IPA","max_abv_IPA":6.7,"best_beer_Ale":"Be Kind","best_beer_score_Ale":3.1066666667,"most_popular_beer_Ale":"Red Ale","popularity_Ale":1.0,"n_beers_Ale":3.0,"avg_abv_Ale":5.6,"max_abv_beer_Ale":"B\u00faho Negro","max_abv_Ale":6.0,"best_beer_Lager":null,"best_beer_score_Lager":null,"most_popular_beer_Lager":null,"popularity_Lager":null,"n_beers_Lager":null,"avg_abv_Lager":null,"max_abv_beer_Lager":null,"max_abv_Lager":null,"best_beer_Stout":"Hoppy Stout","best_beer_score_Stout":2.9033333333,"most_popular_beer_Stout":"Hoppy Stout","popularity_Stout":1.0,"n_beers_Stout":1.0,"avg_abv_Stout":4.7,"max_abv_beer_Stout":"Hoppy Stout","max_abv_Stout":4.7,"best_beer_Pilsner":null,"best_beer_score_Pilsner":null,"most_popular_beer_Pilsner":null,"popularity_Pilsner":null,"n_beers_Pilsner":null,"avg_abv_Pilsner":null,"max_abv_beer_Pilsner":null,"max_abv_Pilsner":null,"best_beer_Porter":null,"best_beer_score_Porter":null,"most_popular_beer_Porter":null,"popularity_Porter":null,"n_beers_Porter":null,"avg_abv_Porter":null,"max_abv_beer_Porter":null,"max_abv_Porter":null,"best_beer_Fruit":null,"best_beer_score_Fruit":null,"most_popular_beer_Fruit":null,"popularity_Fruit":null,"n_beers_Fruit":null,"avg_abv_Fruit":null,"max_abv_beer_Fruit":null,"max_abv_Fruit":null,"best_beer_Roggenbier":null,"best_beer_score_Roggenbier":null,"most_popular_beer_Roggenbier":null,"popularity_Roggenbier":null,"n_beers_Roggenbier":null,"avg_abv_Roggenbier":null,"max_abv_beer_Roggenbier":null,"max_abv_Roggenbier":null,"best_beer_Herb":null,"best_beer_score_Herb":null,"most_popular_beer_Herb":null,"popularity_Herb":null,"n_beers_Herb":null,"avg_abv_Herb":null,"max_abv_beer_Herb":null,"max_abv_Herb":null,"best_beer_Smoke":null,"best_beer_score_Smoke":null,"most_popular_beer_Smoke":null,"popularity_Smoke":null,"n_beers_Smoke":null,"avg_abv_Smoke":null,"max_abv_beer_Smoke":null,"max_abv_Smoke":null,"best_beer_Barleywine":null,"best_beer_score_Barleywine":null,"most_popular_beer_Barleywine":null,"popularity_Barleywine":null,"n_beers_Barleywine":null,"avg_abv_Barleywine":null,"max_abv_beer_Barleywine":null,"max_abv_Barleywine":null,"best_beer":"IPA","best_beer_score":3.185,"most_popular_beer":"IPA","popularity":2.0,"n_beers":6.0,"avg_abv":5.8166666667,"max_abv_beer":"IPA","max_abv":6.7},{"brewery":"Compania Cervecera Del Sur Del Peru S.A. (Cervesur)","city":"Arequipa","lat":-16.39889,"long":-71.535,"best_beer_IPA":null,"best_beer_score_IPA":null,"most_popular_beer_IPA":null,"popularity_IPA":null,"n_beers_IPA":null,"avg_abv_IPA":null,"max_abv_beer_IPA":null,"max_abv_IPA":null,"best_beer_Ale":null,"best_beer_score_Ale":null,"most_popular_beer_Ale":null,"popularity_Ale":null,"n_beers_Ale":null,"avg_abv_Ale":null,"max_abv_beer_Ale":null,"max_abv_Ale":null,"best_beer_Lager":"Cusque\u00f1a","best_beer_score_Lager":3.1810526316,"most_popular_beer_Lager":"Cusque\u00f1a Premium Peruvian Beer","popularity_Lager":199.0,"n_beers_Lager":7.0,"avg_abv_Lager":5.0571428571,"max_abv_beer_Lager":"Negra Dark Lager","max_abv_Lager":5.6,"best_beer_Stout":"Cusque\u00f1a - Premium Dark Beer","best_beer_score_Stout":3.0025,"most_popular_beer_Stout":"Cusque\u00f1a - Premium Dark Beer","popularity_Stout":50.0,"n_beers_Stout":1.0,"avg_abv_Stout":5.0,"max_abv_beer_Stout":"Cusque\u00f1a - Premium Dark Beer","max_abv_Stout":5.0,"best_beer_Pilsner":null,"best_beer_score_Pilsner":null,"most_popular_beer_Pilsner":null,"popularity_Pilsner":null,"n_beers_Pilsner":null,"avg_abv_Pilsner":null,"max_abv_beer_Pilsner":null,"max_abv_Pilsner":null,"best_beer_Porter":null,"best_beer_score_Porter":null,"most_popular_beer_Porter":null,"popularity_Porter":null,"n_beers_Porter":null,"avg_abv_Porter":null,"max_abv_beer_Porter":null,"max_abv_Porter":null,"best_beer_Fruit":null,"best_beer_score_Fruit":null,"most_popular_beer_Fruit":null,"popularity_Fruit":null,"n_beers_Fruit":null,"avg_abv_Fruit":null,"max_abv_beer_Fruit":null,"max_abv_Fruit":null,"best_beer_Roggenbier":null,"best_beer_score_Roggenbier":null,"most_popular_beer_Roggenbier":null,"popularity_Roggenbier":null,"n_beers_Roggenbier":null,"avg_abv_Roggenbier":null,"max_abv_beer_Roggenbier":null,"max_abv_Roggenbier":null,"best_beer_Herb":null,"best_beer_score_Herb":null,"most_popular_beer_Herb":null,"popularity_Herb":null,"n_beers_Herb":null,"avg_abv_Herb":null,"max_abv_beer_Herb":null,"max_abv_Herb":null,"best_beer_Smoke":null,"best_beer_score_Smoke":null,"most_popular_beer_Smoke":null,"popularity_Smoke":null,"n_beers_Smoke":null,"avg_abv_Smoke":null,"max_abv_beer_Smoke":null,"max_abv_Smoke":null,"best_beer_Barleywine":null,"best_beer_score_Barleywine":null,"most_popular_beer_Barleywine":null,"popularity_Barleywine":null,"n_beers_Barleywine":null,"avg_abv_Barleywine":null,"max_abv_beer_Barleywine":null,"max_abv_Barleywine":null,"best_beer":"Cusque\u00f1a Trigo","best_beer_score":3.2242857143,"most_popular_beer":"Cusque\u00f1a Premium Peruvian Beer","popularity":199.0,"n_beers":12.0,"avg_abv":5.2416666667,"max_abv_beer":"Cuzquena Edicion Especial Quinoa","max_abv":6.5},{"brewery":"Nuevo Mundo Cervecer\u00eda","city":"Lima","lat":-12.04318,"long":-77.02824,"best_beer_IPA":"Independencia IPA","best_beer_score_IPA":2.9475,"most_popular_beer_IPA":"Independencia IPA","popularity_IPA":2.0,"n_beers_IPA":1.0,"avg_abv_IPA":6.6,"max_abv_beer_IPA":"Independencia IPA","max_abv_IPA":6.6,"best_beer_Ale":"AMAZ'","best_beer_score_Ale":3.4255555556,"most_popular_beer_Ale":"AMAZ'","popularity_Ale":7.0,"n_beers_Ale":5.0,"avg_abv_Ale":6.38,"max_abv_beer_Ale":"Satanas","max_abv_Ale":7.4,"best_beer_Lager":null,"best_beer_score_Lager":null,"most_popular_beer_Lager":null,"popularity_Lager":null,"n_beers_Lager":null,"avg_abv_Lager":null,"max_abv_beer_Lager":null,"max_abv_Lager":null,"best_beer_Stout":null,"best_beer_score_Stout":null,"most_popular_beer_Stout":null,"popularity_Stout":null,"n_beers_Stout":null,"avg_abv_Stout":null,"max_abv_beer_Stout":null,"max_abv_Stout":null,"best_beer_Pilsner":null,"best_beer_score_Pilsner":null,"most_popular_beer_Pilsner":null,"popularity_Pilsner":null,"n_beers_Pilsner":null,"avg_abv_Pilsner":null,"max_abv_beer_Pilsner":null,"max_abv_Pilsner":null,"best_beer_Porter":"Pampa Porter","best_beer_score_Porter":3.287,"most_popular_beer_Porter":"Pampa Porter","popularity_Porter":8.0,"n_beers_Porter":1.0,"avg_abv_Porter":6.1,"max_abv_beer_Porter":"Pampa Porter","max_abv_Porter":6.1,"best_beer_Fruit":null,"best_beer_score_Fruit":null,"most_popular_beer_Fruit":null,"popularity_Fruit":null,"n_beers_Fruit":null,"avg_abv_Fruit":null,"max_abv_beer_Fruit":null,"max_abv_Fruit":null,"best_beer_Roggenbier":null,"best_beer_score_Roggenbier":null,"most_popular_beer_Roggenbier":null,"popularity_Roggenbier":null,"n_beers_Roggenbier":null,"avg_abv_Roggenbier":null,"max_abv_beer_Roggenbier":null,"max_abv_Roggenbier":null,"best_beer_Herb":null,"best_beer_score_Herb":null,"most_popular_beer_Herb":null,"popularity_Herb":null,"n_beers_Herb":null,"avg_abv_Herb":null,"max_abv_beer_Herb":null,"max_abv_Herb":null,"best_beer_Smoke":null,"best_beer_score_Smoke":null,"most_popular_beer_Smoke":null,"popularity_Smoke":null,"n_beers_Smoke":null,"avg_abv_Smoke":null,"max_abv_beer_Smoke":null,"max_abv_Smoke":null,"best_beer_Barleywine":"Barihuait","best_beer_score_Barleywine":3.0916666667,"most_popular_beer_Barleywine":"Barihuait","popularity_Barleywine":4.0,"n_beers_Barleywine":1.0,"avg_abv_Barleywine":9.5,"max_abv_beer_Barleywine":"Barihuait","max_abv_Barleywine":9.5,"best_beer":"Premium Triple","best_beer_score":3.5855555556,"most_popular_beer":"Pampa Porter","popularity":8.0,"n_beers":9.0,"avg_abv":6.9555555556,"max_abv_beer":"Barihuait","max_abv":9.5},{"brewery":"Union De Cervecerias Peruanas Backus y Johnston","city":"Lima","lat":-12.04318,"long":-77.02824,"best_beer_IPA":null,"best_beer_score_IPA":null,"most_popular_beer_IPA":null,"popularity_IPA":null,"n_beers_IPA":null,"avg_abv_IPA":null,"max_abv_beer_IPA":null,"max_abv_IPA":null,"best_beer_Ale":null,"best_beer_score_Ale":null,"most_popular_beer_Ale":null,"popularity_Ale":null,"n_beers_Ale":1.0,"avg_abv_Ale":7.0,"max_abv_beer_Ale":"Abraxas","max_abv_Ale":7.0,"best_beer_Lager":"Cusque\u00f1a Quinua","best_beer_score_Lager":3.1983333333,"most_popular_beer_Lager":"Cristal","popularity_Lager":191.0,"n_beers_Lager":4.0,"avg_abv_Lager":5.75,"max_abv_beer_Lager":"Cusque\u00f1a Quinua","max_abv_Lager":6.5,"best_beer_Stout":null,"best_beer_score_Stout":null,"most_popular_beer_Stout":null,"popularity_Stout":null,"n_beers_Stout":null,"avg_abv_Stout":null,"max_abv_beer_Stout":null,"max_abv_Stout":null,"best_beer_Pilsner":"Pilsen Callao","best_beer_score_Pilsner":2.8288235294,"most_popular_beer_Pilsner":"Pilsen Callao","popularity_Pilsner":49.0,"n_beers_Pilsner":2.0,"avg_abv_Pilsner":5.1,"max_abv_beer_Pilsner":"Pilsen Callao","max_abv_Pilsner":5.2,"best_beer_Porter":null,"best_beer_score_Porter":null,"most_popular_beer_Porter":null,"popularity_Porter":null,"n_beers_Porter":null,"avg_abv_Porter":null,"max_abv_beer_Porter":null,"max_abv_Porter":null,"best_beer_Fruit":"Quara Frutas Y Cebada","best_beer_score_Fruit":2.36,"most_popular_beer_Fruit":"Quara Frutas Y Cebada","popularity_Fruit":1.0,"n_beers_Fruit":1.0,"avg_abv_Fruit":5.0,"max_abv_beer_Fruit":"Quara Frutas Y Cebada","max_abv_Fruit":5.0,"best_beer_Roggenbier":null,"best_beer_score_Roggenbier":null,"most_popular_beer_Roggenbier":null,"popularity_Roggenbier":null,"n_beers_Roggenbier":null,"avg_abv_Roggenbier":null,"max_abv_beer_Roggenbier":null,"max_abv_Roggenbier":null,"best_beer_Herb":null,"best_beer_score_Herb":null,"most_popular_beer_Herb":null,"popularity_Herb":null,"n_beers_Herb":null,"avg_abv_Herb":null,"max_abv_beer_Herb":null,"max_abv_Herb":null,"best_beer_Smoke":null,"best_beer_score_Smoke":null,"most_popular_beer_Smoke":null,"popularity_Smoke":null,"n_beers_Smoke":null,"avg_abv_Smoke":null,"max_abv_beer_Smoke":null,"max_abv_Smoke":null,"best_beer_Barleywine":null,"best_beer_score_Barleywine":null,"most_popular_beer_Barleywine":null,"popularity_Barleywine":null,"n_beers_Barleywine":null,"avg_abv_Barleywine":null,"max_abv_beer_Barleywine":null,"max_abv_Barleywine":null,"best_beer":"Cusque\u00f1a Quinua","best_beer_score":3.1983333333,"most_popular_beer":"Cristal","popularity":191.0,"n_beers":8.0,"avg_abv":5.65,"max_abv_beer":"Abraxas","max_abv":7.0},{"brewery":"Cervecer\u00eda Gourmet","city":"Ate","lat":-12.0387281,"long":-76.8968729868,"best_beer_IPA":"Cumbres Ma\u00edz Morado","best_beer_score_IPA":2.9077777778,"most_popular_beer_IPA":"Cumbres Ma\u00edz Morado","popularity_IPA":7.0,"n_beers_IPA":1.0,"avg_abv_IPA":7.2,"max_abv_beer_IPA":"Cumbres Ma\u00edz Morado","max_abv_IPA":7.2,"best_beer_Ale":"Maracumanto","best_beer_score_Ale":3.242,"most_popular_beer_Ale":"Maracumanto","popularity_Ale":3.0,"n_beers_Ale":2.0,"avg_abv_Ale":6.35,"max_abv_beer_Ale":"Cumbres Roja","max_abv_Ale":6.5,"best_beer_Lager":null,"best_beer_score_Lager":null,"most_popular_beer_Lager":null,"popularity_Lager":null,"n_beers_Lager":null,"avg_abv_Lager":null,"max_abv_beer_Lager":null,"max_abv_Lager":null,"best_beer_Stout":null,"best_beer_score_Stout":null,"most_popular_beer_Stout":null,"popularity_Stout":null,"n_beers_Stout":null,"avg_abv_Stout":null,"max_abv_beer_Stout":null,"max_abv_Stout":null,"best_beer_Pilsner":null,"best_beer_score_Pilsner":null,"most_popular_beer_Pilsner":null,"popularity_Pilsner":null,"n_beers_Pilsner":null,"avg_abv_Pilsner":null,"max_abv_beer_Pilsner":null,"max_abv_Pilsner":null,"best_beer_Porter":null,"best_beer_score_Porter":null,"most_popular_beer_Porter":null,"popularity_Porter":null,"n_beers_Porter":null,"avg_abv_Porter":null,"max_abv_beer_Porter":null,"max_abv_Porter":null,"best_beer_Fruit":null,"best_beer_score_Fruit":null,"most_popular_beer_Fruit":null,"popularity_Fruit":null,"n_beers_Fruit":null,"avg_abv_Fruit":null,"max_abv_beer_Fruit":null,"max_abv_Fruit":null,"best_beer_Roggenbier":null,"best_beer_score_Roggenbier":null,"most_popular_beer_Roggenbier":null,"popularity_Roggenbier":null,"n_beers_Roggenbier":null,"avg_abv_Roggenbier":null,"max_abv_beer_Roggenbier":null,"max_abv_Roggenbier":null,"best_beer_Herb":null,"best_beer_score_Herb":null,"most_popular_beer_Herb":null,"popularity_Herb":null,"n_beers_Herb":null,"avg_abv_Herb":null,"max_abv_beer_Herb":null,"max_abv_Herb":null,"best_beer_Smoke":null,"best_beer_score_Smoke":null,"most_popular_beer_Smoke":null,"popularity_Smoke":null,"n_beers_Smoke":null,"avg_abv_Smoke":null,"max_abv_beer_Smoke":null,"max_abv_Smoke":null,"best_beer_Barleywine":"Cumbres Caf\u00e9 Barleywine","best_beer_score_Barleywine":3.07625,"most_popular_beer_Barleywine":"Cumbres Caf\u00e9 Barleywine","popularity_Barleywine":6.0,"n_beers_Barleywine":1.0,"avg_abv_Barleywine":8.0,"max_abv_beer_Barleywine":"Cumbres Caf\u00e9 Barleywine","max_abv_Barleywine":8.0,"best_beer":"Cumbres Quinua","best_beer_score":3.2971428571,"most_popular_beer":"Cumbres Quinua","popularity":12.0,"n_beers":6.0,"avg_abv":6.5333333333,"max_abv_beer":"Cumbres Caf\u00e9 Barleywine","max_abv":8.0},{"brewery":"Cervecer\u00eda Barbarian","city":"Lima","lat":-12.04318,"long":-77.02824,"best_beer_IPA":"174 IPA","best_beer_score_IPA":3.6273913043,"most_popular_beer_IPA":"174 IPA","popularity_IPA":21.0,"n_beers_IPA":3.0,"avg_abv_IPA":6.7666666667,"max_abv_beer_IPA":"174 IPA","max_abv_IPA":8.0,"best_beer_Ale":"La Nena Hoppy Wheat","best_beer_score_Ale":3.3628571429,"most_popular_beer_Ale":"L.I.M.A. Pale Ale","popularity_Ale":11.0,"n_beers_Ale":5.0,"avg_abv_Ale":6.26,"max_abv_beer_Ale":"Barbarian Red Ale","max_abv_Ale":6.5,"best_beer_Lager":null,"best_beer_score_Lager":null,"most_popular_beer_Lager":null,"popularity_Lager":null,"n_beers_Lager":null,"avg_abv_Lager":null,"max_abv_beer_Lager":null,"max_abv_Lager":null,"best_beer_Stout":"Barbarian \/ Valle Sagrado Coche Bomba - Barrel Aged","best_beer_score_Stout":2.96,"most_popular_beer_Stout":"Barbarian \/ Valle Sagrado Coche Bomba - Barrel Aged","popularity_Stout":1.0,"n_beers_Stout":2.0,"avg_abv_Stout":9.75,"max_abv_beer_Stout":"Barbarian \/ Valle Sagrado Coche Bomba - Barrel Aged","max_abv_Stout":10.0,"best_beer_Pilsner":null,"best_beer_score_Pilsner":null,"most_popular_beer_Pilsner":null,"popularity_Pilsner":null,"n_beers_Pilsner":null,"avg_abv_Pilsner":null,"max_abv_beer_Pilsner":null,"max_abv_Pilsner":null,"best_beer_Porter":"Chaski Porter","best_beer_score_Porter":3.042,"most_popular_beer_Porter":"Chaski Porter","popularity_Porter":8.0,"n_beers_Porter":1.0,"avg_abv_Porter":6.5,"max_abv_beer_Porter":"Chaski Porter","max_abv_Porter":6.5,"best_beer_Fruit":null,"best_beer_score_Fruit":null,"most_popular_beer_Fruit":null,"popularity_Fruit":null,"n_beers_Fruit":null,"avg_abv_Fruit":null,"max_abv_beer_Fruit":null,"max_abv_Fruit":null,"best_beer_Roggenbier":null,"best_beer_score_Roggenbier":null,"most_popular_beer_Roggenbier":null,"popularity_Roggenbier":null,"n_beers_Roggenbier":null,"avg_abv_Roggenbier":null,"max_abv_beer_Roggenbier":null,"max_abv_Roggenbier":null,"best_beer_Herb":null,"best_beer_score_Herb":null,"most_popular_beer_Herb":null,"popularity_Herb":null,"n_beers_Herb":null,"avg_abv_Herb":null,"max_abv_beer_Herb":null,"max_abv_Herb":null,"best_beer_Smoke":null,"best_beer_score_Smoke":null,"most_popular_beer_Smoke":null,"popularity_Smoke":null,"n_beers_Smoke":null,"avg_abv_Smoke":null,"max_abv_beer_Smoke":null,"max_abv_Smoke":null,"best_beer_Barleywine":null,"best_beer_score_Barleywine":null,"most_popular_beer_Barleywine":null,"popularity_Barleywine":null,"n_beers_Barleywine":null,"avg_abv_Barleywine":null,"max_abv_beer_Barleywine":null,"max_abv_Barleywine":null,"best_beer":"174 IPA","best_beer_score":3.6273913043,"most_popular_beer":"174 IPA","popularity":21.0,"n_beers":13.0,"avg_abv":6.9076923077,"max_abv_beer":"Barbarian \/ Valle Sagrado Coche Bomba - Barrel Aged","max_abv":10.0},{"brewery":"Cervecer\u00eda Aldon","city":"Lima","lat":-12.04318,"long":-77.02824,"best_beer_IPA":null,"best_beer_score_IPA":null,"most_popular_beer_IPA":null,"popularity_IPA":null,"n_beers_IPA":null,"avg_abv_IPA":null,"max_abv_beer_IPA":null,"max_abv_IPA":null,"best_beer_Ale":null,"best_beer_score_Ale":null,"most_popular_beer_Ale":null,"popularity_Ale":null,"n_beers_Ale":null,"avg_abv_Ale":null,"max_abv_beer_Ale":null,"max_abv_Ale":null,"best_beer_Lager":null,"best_beer_score_Lager":null,"most_popular_beer_Lager":null,"popularity_Lager":null,"n_beers_Lager":null,"avg_abv_Lager":null,"max_abv_beer_Lager":null,"max_abv_Lager":null,"best_beer_Stout":"Amarilis Irish Stout","best_beer_score_Stout":2.2566666667,"most_popular_beer_Stout":"Amarilis Irish Stout","popularity_Stout":1.0,"n_beers_Stout":1.0,"avg_abv_Stout":7.0,"max_abv_beer_Stout":"Amarilis Irish Stout","max_abv_Stout":7.0,"best_beer_Pilsner":null,"best_beer_score_Pilsner":null,"most_popular_beer_Pilsner":null,"popularity_Pilsner":null,"n_beers_Pilsner":null,"avg_abv_Pilsner":null,"max_abv_beer_Pilsner":null,"max_abv_Pilsner":null,"best_beer_Porter":null,"best_beer_score_Porter":null,"most_popular_beer_Porter":null,"popularity_Porter":null,"n_beers_Porter":null,"avg_abv_Porter":null,"max_abv_beer_Porter":null,"max_abv_Porter":null,"best_beer_Fruit":null,"best_beer_score_Fruit":null,"most_popular_beer_Fruit":null,"popularity_Fruit":null,"n_beers_Fruit":null,"avg_abv_Fruit":null,"max_abv_beer_Fruit":null,"max_abv_Fruit":null,"best_beer_Roggenbier":null,"best_beer_score_Roggenbier":null,"most_popular_beer_Roggenbier":null,"popularity_Roggenbier":null,"n_beers_Roggenbier":null,"avg_abv_Roggenbier":null,"max_abv_beer_Roggenbier":null,"max_abv_Roggenbier":null,"best_beer_Herb":null,"best_beer_score_Herb":null,"most_popular_beer_Herb":null,"popularity_Herb":null,"n_beers_Herb":null,"avg_abv_Herb":null,"max_abv_beer_Herb":null,"max_abv_Herb":null,"best_beer_Smoke":null,"best_beer_score_Smoke":null,"most_popular_beer_Smoke":null,"popularity_Smoke":null,"n_beers_Smoke":null,"avg_abv_Smoke":null,"max_abv_beer_Smoke":null,"max_abv_Smoke":null,"best_beer_Barleywine":null,"best_beer_score_Barleywine":null,"most_popular_beer_Barleywine":null,"popularity_Barleywine":null,"n_beers_Barleywine":null,"avg_abv_Barleywine":null,"max_abv_beer_Barleywine":null,"max_abv_Barleywine":null,"best_beer":"Amarilis Dunkelweizen","best_beer_score":2.4133333333,"most_popular_beer":"Amarilis Irish Stout","popularity":1.0,"n_beers":2.0,"avg_abv":7.0,"max_abv_beer":"Amarilis Irish Stout","max_abv":7.0},{"brewery":"Cervecer\u00eda Maddok","city":"Lima","lat":-12.04318,"long":-77.02824,"best_beer_IPA":"Capsicum IPA","best_beer_score_IPA":2.8666666667,"most_popular_beer_IPA":"Capsicum IPA","popularity_IPA":1.0,"n_beers_IPA":1.0,"avg_abv_IPA":7.5,"max_abv_beer_IPA":"Capsicum IPA","max_abv_IPA":7.5,"best_beer_Ale":"Volcano Red Ale","best_beer_score_Ale":2.956,"most_popular_beer_Ale":"Volcano Red Ale","popularity_Ale":3.0,"n_beers_Ale":1.0,"avg_abv_Ale":6.5,"max_abv_beer_Ale":"Volcano Red Ale","max_abv_Ale":6.5,"best_beer_Lager":null,"best_beer_score_Lager":null,"most_popular_beer_Lager":null,"popularity_Lager":null,"n_beers_Lager":null,"avg_abv_Lager":null,"max_abv_beer_Lager":null,"max_abv_Lager":null,"best_beer_Stout":null,"best_beer_score_Stout":null,"most_popular_beer_Stout":null,"popularity_Stout":null,"n_beers_Stout":null,"avg_abv_Stout":null,"max_abv_beer_Stout":null,"max_abv_Stout":null,"best_beer_Pilsner":null,"best_beer_score_Pilsner":null,"most_popular_beer_Pilsner":null,"popularity_Pilsner":null,"n_beers_Pilsner":null,"avg_abv_Pilsner":null,"max_abv_beer_Pilsner":null,"max_abv_Pilsner":null,"best_beer_Porter":null,"best_beer_score_Porter":null,"most_popular_beer_Porter":null,"popularity_Porter":null,"n_beers_Porter":null,"avg_abv_Porter":null,"max_abv_beer_Porter":null,"max_abv_Porter":null,"best_beer_Fruit":null,"best_beer_score_Fruit":null,"most_popular_beer_Fruit":null,"popularity_Fruit":null,"n_beers_Fruit":null,"avg_abv_Fruit":null,"max_abv_beer_Fruit":null,"max_abv_Fruit":null,"best_beer_Roggenbier":null,"best_beer_score_Roggenbier":null,"most_popular_beer_Roggenbier":null,"popularity_Roggenbier":null,"n_beers_Roggenbier":null,"avg_abv_Roggenbier":null,"max_abv_beer_Roggenbier":null,"max_abv_Roggenbier":null,"best_beer_Herb":null,"best_beer_score_Herb":null,"most_popular_beer_Herb":null,"popularity_Herb":null,"n_beers_Herb":null,"avg_abv_Herb":null,"max_abv_beer_Herb":null,"max_abv_Herb":null,"best_beer_Smoke":null,"best_beer_score_Smoke":null,"most_popular_beer_Smoke":null,"popularity_Smoke":null,"n_beers_Smoke":null,"avg_abv_Smoke":null,"max_abv_beer_Smoke":null,"max_abv_Smoke":null,"best_beer_Barleywine":null,"best_beer_score_Barleywine":null,"most_popular_beer_Barleywine":null,"popularity_Barleywine":null,"n_beers_Barleywine":null,"avg_abv_Barleywine":null,"max_abv_beer_Barleywine":null,"max_abv_Barleywine":null,"best_beer":"Volcano Red Ale","best_beer_score":2.956,"most_popular_beer":"Volcano Red Ale","popularity":3.0,"n_beers":2.0,"avg_abv":7.0,"max_abv_beer":"Capsicum IPA","max_abv":7.5},{"brewery":"Cervecer\u00eda Costumbres","city":"Lima","lat":-12.04318,"long":-77.02824,"best_beer_IPA":null,"best_beer_score_IPA":null,"most_popular_beer_IPA":null,"popularity_IPA":null,"n_beers_IPA":null,"avg_abv_IPA":null,"max_abv_beer_IPA":null,"max_abv_IPA":null,"best_beer_Ale":"Ambar Ale","best_beer_score_Ale":2.7166666667,"most_popular_beer_Ale":"Ambar Ale","popularity_Ale":1.0,"n_beers_Ale":1.0,"avg_abv_Ale":6.0,"max_abv_beer_Ale":"Ambar Ale","max_abv_Ale":6.0,"best_beer_Lager":null,"best_beer_score_Lager":null,"most_popular_beer_Lager":null,"popularity_Lager":null,"n_beers_Lager":null,"avg_abv_Lager":null,"max_abv_beer_Lager":null,"max_abv_Lager":null,"best_beer_Stout":null,"best_beer_score_Stout":null,"most_popular_beer_Stout":null,"popularity_Stout":null,"n_beers_Stout":null,"avg_abv_Stout":null,"max_abv_beer_Stout":null,"max_abv_Stout":null,"best_beer_Pilsner":null,"best_beer_score_Pilsner":null,"most_popular_beer_Pilsner":null,"popularity_Pilsner":null,"n_beers_Pilsner":null,"avg_abv_Pilsner":null,"max_abv_beer_Pilsner":null,"max_abv_Pilsner":null,"best_beer_Porter":null,"best_beer_score_Porter":null,"most_popular_beer_Porter":null,"popularity_Porter":null,"n_beers_Porter":null,"avg_abv_Porter":null,"max_abv_beer_Porter":null,"max_abv_Porter":null,"best_beer_Fruit":null,"best_beer_score_Fruit":null,"most_popular_beer_Fruit":null,"popularity_Fruit":null,"n_beers_Fruit":null,"avg_abv_Fruit":null,"max_abv_beer_Fruit":null,"max_abv_Fruit":null,"best_beer_Roggenbier":null,"best_beer_score_Roggenbier":null,"most_popular_beer_Roggenbier":null,"popularity_Roggenbier":null,"n_beers_Roggenbier":null,"avg_abv_Roggenbier":null,"max_abv_beer_Roggenbier":null,"max_abv_Roggenbier":null,"best_beer_Herb":null,"best_beer_score_Herb":null,"most_popular_beer_Herb":null,"popularity_Herb":null,"n_beers_Herb":null,"avg_abv_Herb":null,"max_abv_beer_Herb":null,"max_abv_Herb":null,"best_beer_Smoke":null,"best_beer_score_Smoke":null,"most_popular_beer_Smoke":null,"popularity_Smoke":null,"n_beers_Smoke":null,"avg_abv_Smoke":null,"max_abv_beer_Smoke":null,"max_abv_Smoke":null,"best_beer_Barleywine":null,"best_beer_score_Barleywine":null,"most_popular_beer_Barleywine":null,"popularity_Barleywine":null,"n_beers_Barleywine":null,"avg_abv_Barleywine":null,"max_abv_beer_Barleywine":null,"max_abv_Barleywine":null,"best_beer":"Ambar Ale","best_beer_score":2.7166666667,"most_popular_beer":"Ambar Ale","popularity":1.0,"n_beers":1.0,"avg_abv":6.0,"max_abv_beer":"Ambar Ale","max_abv":6.0},{"brewery":"Cervecer\u00eda T\u00edo Luque","city":"Lima","lat":-12.04318,"long":-77.02824,"best_beer_IPA":null,"best_beer_score_IPA":null,"most_popular_beer_IPA":null,"popularity_IPA":null,"n_beers_IPA":null,"avg_abv_IPA":null,"max_abv_beer_IPA":null,"max_abv_IPA":null,"best_beer_Ale":"Citra Pale Ale","best_beer_score_Ale":2.8933333333,"most_popular_beer_Ale":"Citra Pale Ale","popularity_Ale":1.0,"n_beers_Ale":1.0,"avg_abv_Ale":5.4,"max_abv_beer_Ale":"Citra Pale Ale","max_abv_Ale":5.4,"best_beer_Lager":null,"best_beer_score_Lager":null,"most_popular_beer_Lager":null,"popularity_Lager":null,"n_beers_Lager":null,"avg_abv_Lager":null,"max_abv_beer_Lager":null,"max_abv_Lager":null,"best_beer_Stout":null,"best_beer_score_Stout":null,"most_popular_beer_Stout":null,"popularity_Stout":null,"n_beers_Stout":null,"avg_abv_Stout":null,"max_abv_beer_Stout":null,"max_abv_Stout":null,"best_beer_Pilsner":null,"best_beer_score_Pilsner":null,"most_popular_beer_Pilsner":null,"popularity_Pilsner":null,"n_beers_Pilsner":null,"avg_abv_Pilsner":null,"max_abv_beer_Pilsner":null,"max_abv_Pilsner":null,"best_beer_Porter":null,"best_beer_score_Porter":null,"most_popular_beer_Porter":null,"popularity_Porter":null,"n_beers_Porter":null,"avg_abv_Porter":null,"max_abv_beer_Porter":null,"max_abv_Porter":null,"best_beer_Fruit":null,"best_beer_score_Fruit":null,"most_popular_beer_Fruit":null,"popularity_Fruit":null,"n_beers_Fruit":null,"avg_abv_Fruit":null,"max_abv_beer_Fruit":null,"max_abv_Fruit":null,"best_beer_Roggenbier":null,"best_beer_score_Roggenbier":null,"most_popular_beer_Roggenbier":null,"popularity_Roggenbier":null,"n_beers_Roggenbier":null,"avg_abv_Roggenbier":null,"max_abv_beer_Roggenbier":null,"max_abv_Roggenbier":null,"best_beer_Herb":null,"best_beer_score_Herb":null,"most_popular_beer_Herb":null,"popularity_Herb":null,"n_beers_Herb":null,"avg_abv_Herb":null,"max_abv_beer_Herb":null,"max_abv_Herb":null,"best_beer_Smoke":null,"best_beer_score_Smoke":null,"most_popular_beer_Smoke":null,"popularity_Smoke":null,"n_beers_Smoke":null,"avg_abv_Smoke":null,"max_abv_beer_Smoke":null,"max_abv_Smoke":null,"best_beer_Barleywine":null,"best_beer_score_Barleywine":null,"most_popular_beer_Barleywine":null,"popularity_Barleywine":null,"n_beers_Barleywine":null,"avg_abv_Barleywine":null,"max_abv_beer_Barleywine":null,"max_abv_Barleywine":null,"best_beer":"Citra Pale Ale","best_beer_score":2.8933333333,"most_popular_beer":"Citra Pale Ale","popularity":1.0,"n_beers":1.0,"avg_abv":5.4,"max_abv_beer":"Citra Pale Ale","max_abv":5.4}]