[{"brewery":"South Pacific Brewery LTD","city":"Hohola NCD","lat":-9.47723,"long":147.15089,"best_beer_IPA":null,"best_beer_score_IPA":null,"most_popular_beer_IPA":null,"popularity_IPA":null,"n_beers_IPA":null,"avg_abv_IPA":null,"max_abv_beer_IPA":null,"max_abv_IPA":null,"best_beer_Ale":null,"best_beer_score_Ale":null,"most_popular_beer_Ale":null,"popularity_Ale":null,"n_beers_Ale":null,"avg_abv_Ale":null,"max_abv_beer_Ale":null,"max_abv_Ale":null,"best_beer_Lager":"South Pacific Niugini Ice Beer","best_beer_score_Lager":2.565,"most_popular_beer_Lager":"South Pacific Lager","popularity_Lager":5.0,"n_beers_Lager":2.0,"avg_abv_Lager":4.85,"max_abv_beer_Lager":"South Pacific Niugini Ice Beer","max_abv_Lager":5.2,"best_beer_Stout":"South Pacific Niugini Gold Extra Stout","best_beer_score_Stout":2.7,"most_popular_beer_Stout":"South Pacific Niugini Gold Extra Stout","popularity_Stout":1.0,"n_beers_Stout":1.0,"avg_abv_Stout":8.0,"max_abv_beer_Stout":"South Pacific Niugini Gold Extra Stout","max_abv_Stout":8.0,"best_beer_Pilsner":null,"best_beer_score_Pilsner":null,"most_popular_beer_Pilsner":null,"popularity_Pilsner":null,"n_beers_Pilsner":null,"avg_abv_Pilsner":null,"max_abv_beer_Pilsner":null,"max_abv_Pilsner":null,"best_beer_Porter":null,"best_beer_score_Porter":null,"most_popular_beer_Porter":null,"popularity_Porter":null,"n_beers_Porter":null,"avg_abv_Porter":null,"max_abv_beer_Porter":null,"max_abv_Porter":null,"best_beer_Fruit":null,"best_beer_score_Fruit":null,"most_popular_beer_Fruit":null,"popularity_Fruit":null,"n_beers_Fruit":null,"avg_abv_Fruit":null,"max_abv_beer_Fruit":null,"max_abv_Fruit":null,"best_beer_Roggenbier":null,"best_beer_score_Roggenbier":null,"most_popular_beer_Roggenbier":null,"popularity_Roggenbier":null,"n_beers_Roggenbier":null,"avg_abv_Roggenbier":null,"max_abv_beer_Roggenbier":null,"max_abv_Roggenbier":null,"best_beer_Herb":null,"best_beer_score_Herb":null,"most_popular_beer_Herb":null,"popularity_Herb":null,"n_beers_Herb":null,"avg_abv_Herb":null,"max_abv_beer_Herb":null,"max_abv_Herb":null,"best_beer_Smoke":null,"best_beer_score_Smoke":null,"most_popular_beer_Smoke":null,"popularity_Smoke":null,"n_beers_Smoke":null,"avg_abv_Smoke":null,"max_abv_beer_Smoke":null,"max_abv_Smoke":null,"best_beer_Barleywine":null,"best_beer_score_Barleywine":null,"most_popular_beer_Barleywine":null,"popularity_Barleywine":null,"n_beers_Barleywine":null,"avg_abv_Barleywine":null,"max_abv_beer_Barleywine":null,"max_abv_Barleywine":null,"best_beer":"South Pacific Export Lager","best_beer_score":2.756,"most_popular_beer":"South Pacific Lager","popularity":5.0,"n_beers":4.0,"avg_abv":5.65,"max_abv_beer":"South Pacific Niugini Gold Extra Stout","max_abv":8.0}]