[{"brewery":"Craftpoint Brewing Co.","city":"Mandaluyong","lat":14.5832,"long":121.0409,"best_beer_IPA":"Supremo Mango IPA","best_beer_score_IPA":3.0,"most_popular_beer_IPA":"Revolution","popularity_IPA":1.0,"n_beers_IPA":2.0,"avg_abv_IPA":7.5,"max_abv_beer_IPA":"Revolution","max_abv_IPA":7.5,"best_beer_Ale":"Liberation","best_beer_score_Ale":3.025,"most_popular_beer_Ale":"Liberation","popularity_Ale":2.0,"n_beers_Ale":3.0,"avg_abv_Ale":6.6666666667,"max_abv_beer_Ale":"Hounds Bark","max_abv_Ale":9.0,"best_beer_Lager":null,"best_beer_score_Lager":null,"most_popular_beer_Lager":null,"popularity_Lager":null,"n_beers_Lager":null,"avg_abv_Lager":null,"max_abv_beer_Lager":null,"max_abv_Lager":null,"best_beer_Stout":null,"best_beer_score_Stout":null,"most_popular_beer_Stout":null,"popularity_Stout":null,"n_beers_Stout":null,"avg_abv_Stout":null,"max_abv_beer_Stout":null,"max_abv_Stout":null,"best_beer_Pilsner":null,"best_beer_score_Pilsner":null,"most_popular_beer_Pilsner":null,"popularity_Pilsner":null,"n_beers_Pilsner":null,"avg_abv_Pilsner":null,"max_abv_beer_Pilsner":null,"max_abv_Pilsner":null,"best_beer_Porter":null,"best_beer_score_Porter":null,"most_popular_beer_Porter":null,"popularity_Porter":null,"n_beers_Porter":1.0,"avg_abv_Porter":6.5,"max_abv_beer_Porter":"Pandan Porter","max_abv_Porter":6.5,"best_beer_Fruit":null,"best_beer_score_Fruit":null,"most_popular_beer_Fruit":null,"popularity_Fruit":null,"n_beers_Fruit":null,"avg_abv_Fruit":null,"max_abv_beer_Fruit":null,"max_abv_Fruit":null,"best_beer_Roggenbier":null,"best_beer_score_Roggenbier":null,"most_popular_beer_Roggenbier":null,"popularity_Roggenbier":null,"n_beers_Roggenbier":null,"avg_abv_Roggenbier":null,"max_abv_beer_Roggenbier":null,"max_abv_Roggenbier":null,"best_beer_Herb":null,"best_beer_score_Herb":null,"most_popular_beer_Herb":null,"popularity_Herb":null,"n_beers_Herb":null,"avg_abv_Herb":null,"max_abv_beer_Herb":null,"max_abv_Herb":null,"best_beer_Smoke":null,"best_beer_score_Smoke":null,"most_popular_beer_Smoke":null,"popularity_Smoke":null,"n_beers_Smoke":null,"avg_abv_Smoke":null,"max_abv_beer_Smoke":null,"max_abv_Smoke":null,"best_beer_Barleywine":null,"best_beer_score_Barleywine":null,"most_popular_beer_Barleywine":null,"popularity_Barleywine":null,"n_beers_Barleywine":null,"avg_abv_Barleywine":null,"max_abv_beer_Barleywine":null,"max_abv_Barleywine":null,"best_beer":"Liberation","best_beer_score":3.025,"most_popular_beer":"Liberation","popularity":2.0,"n_beers":6.0,"avg_abv":6.9166666667,"max_abv_beer":"Hounds Bark","max_abv":9.0},{"brewery":"The Cebruery","city":"Cebu","lat":7.09528,"long":125.03361,"best_beer_IPA":"Up Yours","best_beer_score_IPA":3.0033333333,"most_popular_beer_IPA":"Up Yours","popularity_IPA":1.0,"n_beers_IPA":9.0,"avg_abv_IPA":7.2888888889,"max_abv_beer_IPA":"Still Standing IPA","max_abv_IPA":10.0,"best_beer_Ale":"Guimaras Gose","best_beer_score_Ale":3.1825,"most_popular_beer_Ale":"Fat Bottomed Girl","popularity_Ale":2.0,"n_beers_Ale":7.0,"avg_abv_Ale":6.4285714286,"max_abv_beer_Ale":"Norwegian Wood","max_abv_Ale":9.5,"best_beer_Lager":null,"best_beer_score_Lager":null,"most_popular_beer_Lager":null,"popularity_Lager":null,"n_beers_Lager":null,"avg_abv_Lager":null,"max_abv_beer_Lager":null,"max_abv_Lager":null,"best_beer_Stout":null,"best_beer_score_Stout":null,"most_popular_beer_Stout":null,"popularity_Stout":null,"n_beers_Stout":1.0,"avg_abv_Stout":10.3,"max_abv_beer_Stout":"Black Magic Woman","max_abv_Stout":10.3,"best_beer_Pilsner":null,"best_beer_score_Pilsner":null,"most_popular_beer_Pilsner":null,"popularity_Pilsner":null,"n_beers_Pilsner":null,"avg_abv_Pilsner":null,"max_abv_beer_Pilsner":null,"max_abv_Pilsner":null,"best_beer_Porter":"Chocolate Hills Porter","best_beer_score_Porter":3.0925,"most_popular_beer_Porter":"Chocolate Hills Porter","popularity_Porter":2.0,"n_beers_Porter":1.0,"avg_abv_Porter":5.8,"max_abv_beer_Porter":"Chocolate Hills Porter","max_abv_Porter":5.8,"best_beer_Fruit":null,"best_beer_score_Fruit":null,"most_popular_beer_Fruit":null,"popularity_Fruit":null,"n_beers_Fruit":null,"avg_abv_Fruit":null,"max_abv_beer_Fruit":null,"max_abv_Fruit":null,"best_beer_Roggenbier":null,"best_beer_score_Roggenbier":null,"most_popular_beer_Roggenbier":null,"popularity_Roggenbier":null,"n_beers_Roggenbier":null,"avg_abv_Roggenbier":null,"max_abv_beer_Roggenbier":null,"max_abv_Roggenbier":null,"best_beer_Herb":null,"best_beer_score_Herb":null,"most_popular_beer_Herb":null,"popularity_Herb":null,"n_beers_Herb":null,"avg_abv_Herb":null,"max_abv_beer_Herb":null,"max_abv_Herb":null,"best_beer_Smoke":null,"best_beer_score_Smoke":null,"most_popular_beer_Smoke":null,"popularity_Smoke":null,"n_beers_Smoke":null,"avg_abv_Smoke":null,"max_abv_beer_Smoke":null,"max_abv_Smoke":null,"best_beer_Barleywine":null,"best_beer_score_Barleywine":null,"most_popular_beer_Barleywine":null,"popularity_Barleywine":null,"n_beers_Barleywine":1.0,"avg_abv_Barleywine":9.5,"max_abv_beer_Barleywine":"American Woman","max_abv_Barleywine":9.5,"best_beer":"Guimaras Gose","best_beer_score":3.1825,"most_popular_beer":"Fat Bottomed Girl","popularity":2.0,"n_beers":24.0,"avg_abv":7.0833333333,"max_abv_beer":"Black Magic Woman","max_abv":10.3},{"brewery":"Nipa Brew Craft Beer Co.","city":"Makati","lat":14.55027,"long":121.03269,"best_beer_IPA":"India Pale Ale Homebrew","best_beer_score_IPA":2.82,"most_popular_beer_IPA":"India Pale Ale Homebrew","popularity_IPA":1.0,"n_beers_IPA":1.0,"avg_abv_IPA":6.0,"max_abv_beer_IPA":"India Pale Ale Homebrew","max_abv_IPA":6.0,"best_beer_Ale":"Drop Zone India Brown Ale","best_beer_score_Ale":3.1575,"most_popular_beer_Ale":"Drop Zone India Brown Ale","popularity_Ale":2.0,"n_beers_Ale":4.0,"avg_abv_Ale":5.125,"max_abv_beer_Ale":"Drop Zone India Brown Ale","max_abv_Ale":6.0,"best_beer_Lager":null,"best_beer_score_Lager":null,"most_popular_beer_Lager":null,"popularity_Lager":null,"n_beers_Lager":null,"avg_abv_Lager":null,"max_abv_beer_Lager":null,"max_abv_Lager":null,"best_beer_Stout":null,"best_beer_score_Stout":null,"most_popular_beer_Stout":null,"popularity_Stout":null,"n_beers_Stout":null,"avg_abv_Stout":null,"max_abv_beer_Stout":null,"max_abv_Stout":null,"best_beer_Pilsner":null,"best_beer_score_Pilsner":null,"most_popular_beer_Pilsner":null,"popularity_Pilsner":null,"n_beers_Pilsner":null,"avg_abv_Pilsner":null,"max_abv_beer_Pilsner":null,"max_abv_Pilsner":null,"best_beer_Porter":"Midnight Blur Brown Porter","best_beer_score_Porter":2.87,"most_popular_beer_Porter":"Midnight Blur Brown Porter","popularity_Porter":2.0,"n_beers_Porter":1.0,"avg_abv_Porter":5.5,"max_abv_beer_Porter":"Midnight Blur Brown Porter","max_abv_Porter":5.5,"best_beer_Fruit":null,"best_beer_score_Fruit":null,"most_popular_beer_Fruit":null,"popularity_Fruit":null,"n_beers_Fruit":null,"avg_abv_Fruit":null,"max_abv_beer_Fruit":null,"max_abv_Fruit":null,"best_beer_Roggenbier":null,"best_beer_score_Roggenbier":null,"most_popular_beer_Roggenbier":null,"popularity_Roggenbier":null,"n_beers_Roggenbier":null,"avg_abv_Roggenbier":null,"max_abv_beer_Roggenbier":null,"max_abv_Roggenbier":null,"best_beer_Herb":null,"best_beer_score_Herb":null,"most_popular_beer_Herb":null,"popularity_Herb":null,"n_beers_Herb":null,"avg_abv_Herb":null,"max_abv_beer_Herb":null,"max_abv_Herb":null,"best_beer_Smoke":null,"best_beer_score_Smoke":null,"most_popular_beer_Smoke":null,"popularity_Smoke":null,"n_beers_Smoke":null,"avg_abv_Smoke":null,"max_abv_beer_Smoke":null,"max_abv_Smoke":null,"best_beer_Barleywine":null,"best_beer_score_Barleywine":null,"most_popular_beer_Barleywine":null,"popularity_Barleywine":null,"n_beers_Barleywine":null,"avg_abv_Barleywine":null,"max_abv_beer_Barleywine":null,"max_abv_Barleywine":null,"best_beer":"Drop Zone India Brown Ale","best_beer_score":3.1575,"most_popular_beer":"Midnight Blur Brown Porter","popularity":2.0,"n_beers":8.0,"avg_abv":5.375,"max_abv_beer":"India Pale Ale Homebrew","max_abv":6.0},{"brewery":"Great Islands Craft Brewery","city":"Quezon City","lat":14.6488,"long":121.0509,"best_beer_IPA":"Haniluya Fiesta Ale","best_beer_score_IPA":2.9233333333,"most_popular_beer_IPA":"Haniluya Fiesta Ale","popularity_IPA":1.0,"n_beers_IPA":2.0,"avg_abv_IPA":8.5,"max_abv_beer_IPA":"Haniluya Fiesta Ale","max_abv_IPA":9.0,"best_beer_Ale":"Pearl Of The Orient","best_beer_score_Ale":2.8233333333,"most_popular_beer_Ale":"Paradise Pacific Ale","popularity_Ale":1.0,"n_beers_Ale":2.0,"avg_abv_Ale":6.7,"max_abv_beer_Ale":"Paradise Pacific Ale","max_abv_Ale":6.9,"best_beer_Lager":null,"best_beer_score_Lager":null,"most_popular_beer_Lager":null,"popularity_Lager":null,"n_beers_Lager":null,"avg_abv_Lager":null,"max_abv_beer_Lager":null,"max_abv_Lager":null,"best_beer_Stout":null,"best_beer_score_Stout":null,"most_popular_beer_Stout":null,"popularity_Stout":null,"n_beers_Stout":null,"avg_abv_Stout":null,"max_abv_beer_Stout":null,"max_abv_Stout":null,"best_beer_Pilsner":null,"best_beer_score_Pilsner":null,"most_popular_beer_Pilsner":null,"popularity_Pilsner":null,"n_beers_Pilsner":null,"avg_abv_Pilsner":null,"max_abv_beer_Pilsner":null,"max_abv_Pilsner":null,"best_beer_Porter":null,"best_beer_score_Porter":null,"most_popular_beer_Porter":null,"popularity_Porter":null,"n_beers_Porter":null,"avg_abv_Porter":null,"max_abv_beer_Porter":null,"max_abv_Porter":null,"best_beer_Fruit":null,"best_beer_score_Fruit":null,"most_popular_beer_Fruit":null,"popularity_Fruit":null,"n_beers_Fruit":null,"avg_abv_Fruit":null,"max_abv_beer_Fruit":null,"max_abv_Fruit":null,"best_beer_Roggenbier":null,"best_beer_score_Roggenbier":null,"most_popular_beer_Roggenbier":null,"popularity_Roggenbier":null,"n_beers_Roggenbier":null,"avg_abv_Roggenbier":null,"max_abv_beer_Roggenbier":null,"max_abv_Roggenbier":null,"best_beer_Herb":null,"best_beer_score_Herb":null,"most_popular_beer_Herb":null,"popularity_Herb":null,"n_beers_Herb":1.0,"avg_abv_Herb":8.3,"max_abv_beer_Herb":"Brazo De Marzo","max_abv_Herb":8.3,"best_beer_Smoke":null,"best_beer_score_Smoke":null,"most_popular_beer_Smoke":null,"popularity_Smoke":null,"n_beers_Smoke":null,"avg_abv_Smoke":null,"max_abv_beer_Smoke":null,"max_abv_Smoke":null,"best_beer_Barleywine":null,"best_beer_score_Barleywine":null,"most_popular_beer_Barleywine":null,"popularity_Barleywine":null,"n_beers_Barleywine":null,"avg_abv_Barleywine":null,"max_abv_beer_Barleywine":null,"max_abv_Barleywine":null,"best_beer":"Haniluya Fiesta Ale","best_beer_score":2.9233333333,"most_popular_beer":"Haniluya Fiesta Ale","popularity":1.0,"n_beers":6.0,"avg_abv":7.9666666667,"max_abv_beer":"Cerveza De Aguinaldo","max_abv":9.1},{"brewery":"San Miguel Brewery Inc.","city":"Mandaluyong City","lat":14.5832,"long":121.0409,"best_beer_IPA":null,"best_beer_score_IPA":null,"most_popular_beer_IPA":null,"popularity_IPA":null,"n_beers_IPA":null,"avg_abv_IPA":null,"max_abv_beer_IPA":null,"max_abv_IPA":null,"best_beer_Ale":null,"best_beer_score_Ale":null,"most_popular_beer_Ale":null,"popularity_Ale":null,"n_beers_Ale":null,"avg_abv_Ale":null,"max_abv_beer_Ale":null,"max_abv_Ale":null,"best_beer_Lager":"San Miguel Dark Lager","best_beer_score_Lager":3.4348888889,"most_popular_beer_Lager":"San Miguel Premium Lager","popularity_Lager":424.0,"n_beers_Lager":12.0,"avg_abv_Lager":5.025,"max_abv_beer_Lager":"Red Horse Beer","max_abv_Lager":8.0,"best_beer_Stout":null,"best_beer_score_Stout":null,"most_popular_beer_Stout":null,"popularity_Stout":null,"n_beers_Stout":null,"avg_abv_Stout":null,"max_abv_beer_Stout":null,"max_abv_Stout":null,"best_beer_Pilsner":"San Miguel Pale Pilsen","best_beer_score_Pilsner":2.7484313725,"most_popular_beer_Pilsner":"San Miguel Pale Pilsen","popularity_Pilsner":253.0,"n_beers_Pilsner":1.0,"avg_abv_Pilsner":5.0,"max_abv_beer_Pilsner":"San Miguel Pale Pilsen","max_abv_Pilsner":5.0,"best_beer_Porter":null,"best_beer_score_Porter":null,"most_popular_beer_Porter":null,"popularity_Porter":null,"n_beers_Porter":null,"avg_abv_Porter":null,"max_abv_beer_Porter":null,"max_abv_Porter":null,"best_beer_Fruit":"Guang's Pineapple Beer","best_beer_score_Fruit":2.75,"most_popular_beer_Fruit":"San Miguel Apple","popularity_Fruit":3.0,"n_beers_Fruit":3.0,"avg_abv_Fruit":2.2166666667,"max_abv_beer_Fruit":"San Miguel Lemon","max_abv_Fruit":3.0,"best_beer_Roggenbier":null,"best_beer_score_Roggenbier":null,"most_popular_beer_Roggenbier":null,"popularity_Roggenbier":null,"n_beers_Roggenbier":null,"avg_abv_Roggenbier":null,"max_abv_beer_Roggenbier":null,"max_abv_Roggenbier":null,"best_beer_Herb":null,"best_beer_score_Herb":null,"most_popular_beer_Herb":null,"popularity_Herb":null,"n_beers_Herb":null,"avg_abv_Herb":null,"max_abv_beer_Herb":null,"max_abv_Herb":null,"best_beer_Smoke":null,"best_beer_score_Smoke":null,"most_popular_beer_Smoke":null,"popularity_Smoke":null,"n_beers_Smoke":null,"avg_abv_Smoke":null,"max_abv_beer_Smoke":null,"max_abv_Smoke":null,"best_beer_Barleywine":null,"best_beer_score_Barleywine":null,"most_popular_beer_Barleywine":null,"popularity_Barleywine":null,"n_beers_Barleywine":null,"avg_abv_Barleywine":null,"max_abv_beer_Barleywine":null,"max_abv_Barleywine":null,"best_beer":"San Miguel Dark Lager","best_beer_score":3.4348888889,"most_popular_beer":"San Miguel Premium Lager","popularity":424.0,"n_beers":17.0,"avg_abv":4.6382352941,"max_abv_beer":"Red Horse Beer","max_abv":8.0},{"brewery":"Alamat Craft Brew","city":"Quezon City","lat":14.6488,"long":121.0509,"best_beer_IPA":"Urduja Warrior IPA","best_beer_score_IPA":3.4075,"most_popular_beer_IPA":"Urduja Warrior IPA","popularity_IPA":2.0,"n_beers_IPA":3.0,"avg_abv_IPA":5.95,"max_abv_beer_IPA":"ONI XIPA (1st Anniversary Brew)","max_abv_IPA":6.6,"best_beer_Ale":"Balete Pale Ale","best_beer_score_Ale":3.0166666667,"most_popular_beer_Ale":"Balete Pale Ale","popularity_Ale":1.0,"n_beers_Ale":1.0,"avg_abv_Ale":5.0,"max_abv_beer_Ale":"Balete Pale Ale","max_abv_Ale":5.0,"best_beer_Lager":null,"best_beer_score_Lager":null,"most_popular_beer_Lager":null,"popularity_Lager":null,"n_beers_Lager":null,"avg_abv_Lager":null,"max_abv_beer_Lager":null,"max_abv_Lager":null,"best_beer_Stout":null,"best_beer_score_Stout":null,"most_popular_beer_Stout":null,"popularity_Stout":null,"n_beers_Stout":1.0,"avg_abv_Stout":5.0,"max_abv_beer_Stout":"Bakunawa Duyog Stout","max_abv_Stout":5.0,"best_beer_Pilsner":null,"best_beer_score_Pilsner":null,"most_popular_beer_Pilsner":null,"popularity_Pilsner":null,"n_beers_Pilsner":null,"avg_abv_Pilsner":null,"max_abv_beer_Pilsner":null,"max_abv_Pilsner":null,"best_beer_Porter":null,"best_beer_score_Porter":null,"most_popular_beer_Porter":null,"popularity_Porter":null,"n_beers_Porter":null,"avg_abv_Porter":null,"max_abv_beer_Porter":null,"max_abv_Porter":null,"best_beer_Fruit":null,"best_beer_score_Fruit":null,"most_popular_beer_Fruit":null,"popularity_Fruit":null,"n_beers_Fruit":null,"avg_abv_Fruit":null,"max_abv_beer_Fruit":null,"max_abv_Fruit":null,"best_beer_Roggenbier":null,"best_beer_score_Roggenbier":null,"most_popular_beer_Roggenbier":null,"popularity_Roggenbier":null,"n_beers_Roggenbier":null,"avg_abv_Roggenbier":null,"max_abv_beer_Roggenbier":null,"max_abv_Roggenbier":null,"best_beer_Herb":null,"best_beer_score_Herb":null,"most_popular_beer_Herb":null,"popularity_Herb":null,"n_beers_Herb":null,"avg_abv_Herb":null,"max_abv_beer_Herb":null,"max_abv_Herb":null,"best_beer_Smoke":"Kapre Roasted IPA (Limited Release -2016)","best_beer_score_Smoke":3.3525,"most_popular_beer_Smoke":"Kapre Roasted IPA (Limited Release -2016)","popularity_Smoke":2.0,"n_beers_Smoke":2.0,"avg_abv_Smoke":6.3,"max_abv_beer_Smoke":"Kapre Roasted IPA (Limited Release -2015)","max_abv_Smoke":6.6,"best_beer_Barleywine":null,"best_beer_score_Barleywine":null,"most_popular_beer_Barleywine":null,"popularity_Barleywine":null,"n_beers_Barleywine":null,"avg_abv_Barleywine":null,"max_abv_beer_Barleywine":null,"max_abv_Barleywine":null,"best_beer":"Urduja Warrior IPA","best_beer_score":3.4075,"most_popular_beer":"Kapre Roasted IPA (Limited Release -2016)","popularity":2.0,"n_beers":7.0,"avg_abv":5.7785714286,"max_abv_beer":"ONI XIPA (1st Anniversary Brew)","max_abv":6.6},{"brewery":"Turning Wheels Craft Brewery","city":"Cebu","lat":7.09528,"long":125.03361,"best_beer_IPA":"Backbone Double IPA","best_beer_score_IPA":3.0875,"most_popular_beer_IPA":"Backbone Double IPA","popularity_IPA":2.0,"n_beers_IPA":5.0,"avg_abv_IPA":7.6,"max_abv_beer_IPA":"Turning Point","max_abv_IPA":9.5,"best_beer_Ale":"Skyline","best_beer_score_Ale":3.16,"most_popular_beer_Ale":"Skyline","popularity_Ale":2.0,"n_beers_Ale":2.0,"avg_abv_Ale":6.0,"max_abv_beer_Ale":"Skyline","max_abv_Ale":6.5,"best_beer_Lager":null,"best_beer_score_Lager":null,"most_popular_beer_Lager":null,"popularity_Lager":null,"n_beers_Lager":null,"avg_abv_Lager":null,"max_abv_beer_Lager":null,"max_abv_Lager":null,"best_beer_Stout":"Singlespeed","best_beer_score_Stout":3.486,"most_popular_beer_Stout":"Singlespeed","popularity_Stout":3.0,"n_beers_Stout":2.0,"avg_abv_Stout":9.0,"max_abv_beer_Stout":"Singlespeed","max_abv_Stout":9.0,"best_beer_Pilsner":null,"best_beer_score_Pilsner":null,"most_popular_beer_Pilsner":null,"popularity_Pilsner":null,"n_beers_Pilsner":null,"avg_abv_Pilsner":null,"max_abv_beer_Pilsner":null,"max_abv_Pilsner":null,"best_beer_Porter":null,"best_beer_score_Porter":null,"most_popular_beer_Porter":null,"popularity_Porter":null,"n_beers_Porter":null,"avg_abv_Porter":null,"max_abv_beer_Porter":null,"max_abv_Porter":null,"best_beer_Fruit":null,"best_beer_score_Fruit":null,"most_popular_beer_Fruit":null,"popularity_Fruit":null,"n_beers_Fruit":null,"avg_abv_Fruit":null,"max_abv_beer_Fruit":null,"max_abv_Fruit":null,"best_beer_Roggenbier":null,"best_beer_score_Roggenbier":null,"most_popular_beer_Roggenbier":null,"popularity_Roggenbier":null,"n_beers_Roggenbier":null,"avg_abv_Roggenbier":null,"max_abv_beer_Roggenbier":null,"max_abv_Roggenbier":null,"best_beer_Herb":null,"best_beer_score_Herb":null,"most_popular_beer_Herb":null,"popularity_Herb":null,"n_beers_Herb":null,"avg_abv_Herb":null,"max_abv_beer_Herb":null,"max_abv_Herb":null,"best_beer_Smoke":null,"best_beer_score_Smoke":null,"most_popular_beer_Smoke":null,"popularity_Smoke":null,"n_beers_Smoke":null,"avg_abv_Smoke":null,"max_abv_beer_Smoke":null,"max_abv_Smoke":null,"best_beer_Barleywine":null,"best_beer_score_Barleywine":null,"most_popular_beer_Barleywine":null,"popularity_Barleywine":null,"n_beers_Barleywine":null,"avg_abv_Barleywine":null,"max_abv_beer_Barleywine":null,"max_abv_Barleywine":null,"best_beer":"Singlespeed","best_beer_score":3.486,"most_popular_beer":"Singlespeed","popularity":3.0,"n_beers":10.0,"avg_abv":7.3,"max_abv_beer":"Turning Point","max_abv":9.5},{"brewery":"Asia Brewery","city":"Cabuyao","lat":14.2726,"long":121.1262,"best_beer_IPA":null,"best_beer_score_IPA":null,"most_popular_beer_IPA":null,"popularity_IPA":null,"n_beers_IPA":null,"avg_abv_IPA":null,"max_abv_beer_IPA":null,"max_abv_IPA":null,"best_beer_Ale":null,"best_beer_score_Ale":null,"most_popular_beer_Ale":null,"popularity_Ale":null,"n_beers_Ale":null,"avg_abv_Ale":null,"max_abv_beer_Ale":null,"max_abv_Ale":null,"best_beer_Lager":"Manila Light","best_beer_score_Lager":2.335,"most_popular_beer_Lager":"Beer Na Beer","popularity_Lager":5.0,"n_beers_Lager":4.0,"avg_abv_Lager":5.525,"max_abv_beer_Lager":"Manila","max_abv_Lager":7.0,"best_beer_Stout":null,"best_beer_score_Stout":null,"most_popular_beer_Stout":null,"popularity_Stout":null,"n_beers_Stout":null,"avg_abv_Stout":null,"max_abv_beer_Stout":null,"max_abv_Stout":null,"best_beer_Pilsner":null,"best_beer_score_Pilsner":null,"most_popular_beer_Pilsner":null,"popularity_Pilsner":null,"n_beers_Pilsner":null,"avg_abv_Pilsner":null,"max_abv_beer_Pilsner":null,"max_abv_Pilsner":null,"best_beer_Porter":null,"best_beer_score_Porter":null,"most_popular_beer_Porter":null,"popularity_Porter":null,"n_beers_Porter":null,"avg_abv_Porter":null,"max_abv_beer_Porter":null,"max_abv_Porter":null,"best_beer_Fruit":null,"best_beer_score_Fruit":null,"most_popular_beer_Fruit":null,"popularity_Fruit":null,"n_beers_Fruit":null,"avg_abv_Fruit":null,"max_abv_beer_Fruit":null,"max_abv_Fruit":null,"best_beer_Roggenbier":null,"best_beer_score_Roggenbier":null,"most_popular_beer_Roggenbier":null,"popularity_Roggenbier":null,"n_beers_Roggenbier":null,"avg_abv_Roggenbier":null,"max_abv_beer_Roggenbier":null,"max_abv_Roggenbier":null,"best_beer_Herb":null,"best_beer_score_Herb":null,"most_popular_beer_Herb":null,"popularity_Herb":null,"n_beers_Herb":null,"avg_abv_Herb":null,"max_abv_beer_Herb":null,"max_abv_Herb":null,"best_beer_Smoke":null,"best_beer_score_Smoke":null,"most_popular_beer_Smoke":null,"popularity_Smoke":null,"n_beers_Smoke":null,"avg_abv_Smoke":null,"max_abv_beer_Smoke":null,"max_abv_Smoke":null,"best_beer_Barleywine":null,"best_beer_score_Barleywine":null,"most_popular_beer_Barleywine":null,"popularity_Barleywine":null,"n_beers_Barleywine":null,"avg_abv_Barleywine":null,"max_abv_beer_Barleywine":null,"max_abv_Barleywine":null,"best_beer":"Brew Kettle","best_beer_score":2.46,"most_popular_beer":"Brew Kettle","popularity":6.0,"n_beers":6.0,"avg_abv":5.7666666667,"max_abv_beer":"Colt 45 Triple Hops","max_abv":7.2},{"brewery":"Juan Brewing Inc.","city":"Para\u00f1aque","lat":14.5007016,"long":120.9915488,"best_beer_IPA":"Juan Brew India Pale Ale","best_beer_score_IPA":3.23,"most_popular_beer_IPA":"Juan Brew India Pale Ale","popularity_IPA":2.0,"n_beers_IPA":1.0,"avg_abv_IPA":7.0,"max_abv_beer_IPA":"Juan Brew India Pale Ale","max_abv_IPA":7.0,"best_beer_Ale":"Juan Brew Pale Ale","best_beer_score_Ale":2.6733333333,"most_popular_beer_Ale":"Juan Brew Pale Ale","popularity_Ale":1.0,"n_beers_Ale":1.0,"avg_abv_Ale":5.0,"max_abv_beer_Ale":"Juan Brew Pale Ale","max_abv_Ale":5.0,"best_beer_Lager":null,"best_beer_score_Lager":null,"most_popular_beer_Lager":null,"popularity_Lager":null,"n_beers_Lager":null,"avg_abv_Lager":null,"max_abv_beer_Lager":null,"max_abv_Lager":null,"best_beer_Stout":"Juan Brew Dry Stout","best_beer_score_Stout":2.99,"most_popular_beer_Stout":"Juan Brew Dry Stout","popularity_Stout":2.0,"n_beers_Stout":1.0,"avg_abv_Stout":4.5,"max_abv_beer_Stout":"Juan Brew Dry Stout","max_abv_Stout":4.5,"best_beer_Pilsner":null,"best_beer_score_Pilsner":null,"most_popular_beer_Pilsner":null,"popularity_Pilsner":null,"n_beers_Pilsner":null,"avg_abv_Pilsner":null,"max_abv_beer_Pilsner":null,"max_abv_Pilsner":null,"best_beer_Porter":null,"best_beer_score_Porter":null,"most_popular_beer_Porter":null,"popularity_Porter":null,"n_beers_Porter":null,"avg_abv_Porter":null,"max_abv_beer_Porter":null,"max_abv_Porter":null,"best_beer_Fruit":null,"best_beer_score_Fruit":null,"most_popular_beer_Fruit":null,"popularity_Fruit":null,"n_beers_Fruit":null,"avg_abv_Fruit":null,"max_abv_beer_Fruit":null,"max_abv_Fruit":null,"best_beer_Roggenbier":null,"best_beer_score_Roggenbier":null,"most_popular_beer_Roggenbier":null,"popularity_Roggenbier":null,"n_beers_Roggenbier":null,"avg_abv_Roggenbier":null,"max_abv_beer_Roggenbier":null,"max_abv_Roggenbier":null,"best_beer_Herb":null,"best_beer_score_Herb":null,"most_popular_beer_Herb":null,"popularity_Herb":null,"n_beers_Herb":null,"avg_abv_Herb":null,"max_abv_beer_Herb":null,"max_abv_Herb":null,"best_beer_Smoke":null,"best_beer_score_Smoke":null,"most_popular_beer_Smoke":null,"popularity_Smoke":null,"n_beers_Smoke":null,"avg_abv_Smoke":null,"max_abv_beer_Smoke":null,"max_abv_Smoke":null,"best_beer_Barleywine":null,"best_beer_score_Barleywine":null,"most_popular_beer_Barleywine":null,"popularity_Barleywine":null,"n_beers_Barleywine":null,"avg_abv_Barleywine":null,"max_abv_beer_Barleywine":null,"max_abv_Barleywine":null,"best_beer":"Juan Brew India Pale Ale","best_beer_score":3.23,"most_popular_beer":"Juan Brew India Pale Ale","popularity":2.0,"n_beers":4.0,"avg_abv":5.125,"max_abv_beer":"Juan Brew India Pale Ale","max_abv":7.0},{"brewery":"Crazy Carabao Brewing Co.","city":"Santa Rosa","lat":15.4238,"long":120.9378,"best_beer_IPA":"Exit Wounds IPA","best_beer_score_IPA":3.2816666667,"most_popular_beer_IPA":"Exit Wounds IPA","popularity_IPA":4.0,"n_beers_IPA":1.0,"avg_abv_IPA":6.6,"max_abv_beer_IPA":"Exit Wounds IPA","max_abv_IPA":6.6,"best_beer_Ale":"Tuff Tuko Pale Ale","best_beer_score_Ale":3.22,"most_popular_beer_Ale":"Tuff Tuko Pale Ale","popularity_Ale":3.0,"n_beers_Ale":1.0,"avg_abv_Ale":5.0,"max_abv_beer_Ale":"Tuff Tuko Pale Ale","max_abv_Ale":5.0,"best_beer_Lager":null,"best_beer_score_Lager":null,"most_popular_beer_Lager":null,"popularity_Lager":null,"n_beers_Lager":null,"avg_abv_Lager":null,"max_abv_beer_Lager":null,"max_abv_Lager":null,"best_beer_Stout":null,"best_beer_score_Stout":null,"most_popular_beer_Stout":null,"popularity_Stout":null,"n_beers_Stout":null,"avg_abv_Stout":null,"max_abv_beer_Stout":null,"max_abv_Stout":null,"best_beer_Pilsner":null,"best_beer_score_Pilsner":null,"most_popular_beer_Pilsner":null,"popularity_Pilsner":null,"n_beers_Pilsner":null,"avg_abv_Pilsner":null,"max_abv_beer_Pilsner":null,"max_abv_Pilsner":null,"best_beer_Porter":null,"best_beer_score_Porter":null,"most_popular_beer_Porter":null,"popularity_Porter":null,"n_beers_Porter":null,"avg_abv_Porter":null,"max_abv_beer_Porter":null,"max_abv_Porter":null,"best_beer_Fruit":null,"best_beer_score_Fruit":null,"most_popular_beer_Fruit":null,"popularity_Fruit":null,"n_beers_Fruit":null,"avg_abv_Fruit":null,"max_abv_beer_Fruit":null,"max_abv_Fruit":null,"best_beer_Roggenbier":null,"best_beer_score_Roggenbier":null,"most_popular_beer_Roggenbier":null,"popularity_Roggenbier":null,"n_beers_Roggenbier":null,"avg_abv_Roggenbier":null,"max_abv_beer_Roggenbier":null,"max_abv_Roggenbier":null,"best_beer_Herb":null,"best_beer_score_Herb":null,"most_popular_beer_Herb":null,"popularity_Herb":null,"n_beers_Herb":null,"avg_abv_Herb":null,"max_abv_beer_Herb":null,"max_abv_Herb":null,"best_beer_Smoke":null,"best_beer_score_Smoke":null,"most_popular_beer_Smoke":null,"popularity_Smoke":null,"n_beers_Smoke":null,"avg_abv_Smoke":null,"max_abv_beer_Smoke":null,"max_abv_Smoke":null,"best_beer_Barleywine":null,"best_beer_score_Barleywine":null,"most_popular_beer_Barleywine":null,"popularity_Barleywine":null,"n_beers_Barleywine":null,"avg_abv_Barleywine":null,"max_abv_beer_Barleywine":null,"max_abv_Barleywine":null,"best_beer":"Exit Wounds IPA","best_beer_score":3.2816666667,"most_popular_beer":"Kalinga K\u00f6lsch","popularity":4.0,"n_beers":4.0,"avg_abv":5.175,"max_abv_beer":"Exit Wounds IPA","max_abv":6.6},{"brewery":"Katipunan Craft Ales","city":"Pasig","lat":15.09621,"long":120.56445,"best_beer_IPA":null,"best_beer_score_IPA":null,"most_popular_beer_IPA":null,"popularity_IPA":null,"n_beers_IPA":null,"avg_abv_IPA":null,"max_abv_beer_IPA":null,"max_abv_IPA":null,"best_beer_Ale":"Indio Pale Ale","best_beer_score_Ale":2.9033333333,"most_popular_beer_Ale":"Indio Pale Ale","popularity_Ale":4.0,"n_beers_Ale":2.0,"avg_abv_Ale":4.8,"max_abv_beer_Ale":"Indio Pale Ale","max_abv_Ale":4.8,"best_beer_Lager":null,"best_beer_score_Lager":null,"most_popular_beer_Lager":null,"popularity_Lager":null,"n_beers_Lager":null,"avg_abv_Lager":null,"max_abv_beer_Lager":null,"max_abv_Lager":null,"best_beer_Stout":null,"best_beer_score_Stout":null,"most_popular_beer_Stout":null,"popularity_Stout":null,"n_beers_Stout":null,"avg_abv_Stout":null,"max_abv_beer_Stout":null,"max_abv_Stout":null,"best_beer_Pilsner":null,"best_beer_score_Pilsner":null,"most_popular_beer_Pilsner":null,"popularity_Pilsner":null,"n_beers_Pilsner":null,"avg_abv_Pilsner":null,"max_abv_beer_Pilsner":null,"max_abv_Pilsner":null,"best_beer_Porter":null,"best_beer_score_Porter":null,"most_popular_beer_Porter":null,"popularity_Porter":null,"n_beers_Porter":null,"avg_abv_Porter":null,"max_abv_beer_Porter":null,"max_abv_Porter":null,"best_beer_Fruit":null,"best_beer_score_Fruit":null,"most_popular_beer_Fruit":null,"popularity_Fruit":null,"n_beers_Fruit":null,"avg_abv_Fruit":null,"max_abv_beer_Fruit":null,"max_abv_Fruit":null,"best_beer_Roggenbier":null,"best_beer_score_Roggenbier":null,"most_popular_beer_Roggenbier":null,"popularity_Roggenbier":null,"n_beers_Roggenbier":null,"avg_abv_Roggenbier":null,"max_abv_beer_Roggenbier":null,"max_abv_Roggenbier":null,"best_beer_Herb":null,"best_beer_score_Herb":null,"most_popular_beer_Herb":null,"popularity_Herb":null,"n_beers_Herb":null,"avg_abv_Herb":null,"max_abv_beer_Herb":null,"max_abv_Herb":null,"best_beer_Smoke":null,"best_beer_score_Smoke":null,"most_popular_beer_Smoke":null,"popularity_Smoke":null,"n_beers_Smoke":null,"avg_abv_Smoke":null,"max_abv_beer_Smoke":null,"max_abv_Smoke":null,"best_beer_Barleywine":null,"best_beer_score_Barleywine":null,"most_popular_beer_Barleywine":null,"popularity_Barleywine":null,"n_beers_Barleywine":null,"avg_abv_Barleywine":null,"max_abv_beer_Barleywine":null,"max_abv_Barleywine":null,"best_beer":"Indio Pale Ale","best_beer_score":2.9033333333,"most_popular_beer":"Indio Pale Ale","popularity":4.0,"n_beers":3.0,"avg_abv":4.4,"max_abv_beer":"Indio Pale Ale","max_abv":4.8},{"brewery":"Pinatubo Craft Beer","city":"Angeles City","lat":15.15,"long":120.58333,"best_beer_IPA":"Brainstorm","best_beer_score_IPA":2.78,"most_popular_beer_IPA":"Brainstorm","popularity_IPA":1.0,"n_beers_IPA":1.0,"avg_abv_IPA":7.8,"max_abv_beer_IPA":"Brainstorm","max_abv_IPA":7.8,"best_beer_Ale":"Twister","best_beer_score_Ale":2.9133333333,"most_popular_beer_Ale":"Twister Ale Special","popularity_Ale":2.0,"n_beers_Ale":2.0,"avg_abv_Ale":5.4,"max_abv_beer_Ale":"Twister Ale Special","max_abv_Ale":5.4,"best_beer_Lager":"Dark Angel","best_beer_score_Lager":2.7933333333,"most_popular_beer_Lager":"Crown","popularity_Lager":1.0,"n_beers_Lager":2.0,"avg_abv_Lager":5.55,"max_abv_beer_Lager":"Dark Angel","max_abv_Lager":5.6,"best_beer_Stout":null,"best_beer_score_Stout":null,"most_popular_beer_Stout":null,"popularity_Stout":null,"n_beers_Stout":null,"avg_abv_Stout":null,"max_abv_beer_Stout":null,"max_abv_Stout":null,"best_beer_Pilsner":"Golden Nectar","best_beer_score_Pilsner":2.7833333333,"most_popular_beer_Pilsner":"Golden Nectar","popularity_Pilsner":1.0,"n_beers_Pilsner":1.0,"avg_abv_Pilsner":5.5,"max_abv_beer_Pilsner":"Golden Nectar","max_abv_Pilsner":5.5,"best_beer_Porter":null,"best_beer_score_Porter":null,"most_popular_beer_Porter":null,"popularity_Porter":null,"n_beers_Porter":null,"avg_abv_Porter":null,"max_abv_beer_Porter":null,"max_abv_Porter":null,"best_beer_Fruit":null,"best_beer_score_Fruit":null,"most_popular_beer_Fruit":null,"popularity_Fruit":null,"n_beers_Fruit":null,"avg_abv_Fruit":null,"max_abv_beer_Fruit":null,"max_abv_Fruit":null,"best_beer_Roggenbier":null,"best_beer_score_Roggenbier":null,"most_popular_beer_Roggenbier":null,"popularity_Roggenbier":null,"n_beers_Roggenbier":null,"avg_abv_Roggenbier":null,"max_abv_beer_Roggenbier":null,"max_abv_Roggenbier":null,"best_beer_Herb":null,"best_beer_score_Herb":null,"most_popular_beer_Herb":null,"popularity_Herb":null,"n_beers_Herb":null,"avg_abv_Herb":null,"max_abv_beer_Herb":null,"max_abv_Herb":null,"best_beer_Smoke":null,"best_beer_score_Smoke":null,"most_popular_beer_Smoke":null,"popularity_Smoke":null,"n_beers_Smoke":null,"avg_abv_Smoke":null,"max_abv_beer_Smoke":null,"max_abv_Smoke":null,"best_beer_Barleywine":null,"best_beer_score_Barleywine":null,"most_popular_beer_Barleywine":null,"popularity_Barleywine":null,"n_beers_Barleywine":null,"avg_abv_Barleywine":null,"max_abv_beer_Barleywine":null,"max_abv_Barleywine":null,"best_beer":"Twister","best_beer_score":2.9133333333,"most_popular_beer":"Twister Ale Special","popularity":2.0,"n_beers":8.0,"avg_abv":6.05,"max_abv_beer":"Brainstorm","max_abv":7.8},{"brewery":"Joe's Brew","city":"Makati","lat":14.55027,"long":121.03269,"best_beer_IPA":"34th Pursuit IPA","best_beer_score_IPA":3.35,"most_popular_beer_IPA":"34th Pursuit IPA","popularity_IPA":4.0,"n_beers_IPA":1.0,"avg_abv_IPA":6.8,"max_abv_beer_IPA":"34th Pursuit IPA","max_abv_IPA":6.8,"best_beer_Ale":"Sierra Madre Wheat Ale","best_beer_score_Ale":3.118,"most_popular_beer_Ale":"Sierra Madre Wheat Ale","popularity_Ale":3.0,"n_beers_Ale":3.0,"avg_abv_Ale":4.4333333333,"max_abv_beer_Ale":"Fish Rider Pale Ale","max_abv_Ale":5.0,"best_beer_Lager":null,"best_beer_score_Lager":null,"most_popular_beer_Lager":null,"popularity_Lager":null,"n_beers_Lager":null,"avg_abv_Lager":null,"max_abv_beer_Lager":null,"max_abv_Lager":null,"best_beer_Stout":null,"best_beer_score_Stout":null,"most_popular_beer_Stout":null,"popularity_Stout":null,"n_beers_Stout":null,"avg_abv_Stout":null,"max_abv_beer_Stout":null,"max_abv_Stout":null,"best_beer_Pilsner":null,"best_beer_score_Pilsner":null,"most_popular_beer_Pilsner":null,"popularity_Pilsner":null,"n_beers_Pilsner":null,"avg_abv_Pilsner":null,"max_abv_beer_Pilsner":null,"max_abv_Pilsner":null,"best_beer_Porter":null,"best_beer_score_Porter":null,"most_popular_beer_Porter":null,"popularity_Porter":null,"n_beers_Porter":null,"avg_abv_Porter":null,"max_abv_beer_Porter":null,"max_abv_Porter":null,"best_beer_Fruit":null,"best_beer_score_Fruit":null,"most_popular_beer_Fruit":null,"popularity_Fruit":null,"n_beers_Fruit":null,"avg_abv_Fruit":null,"max_abv_beer_Fruit":null,"max_abv_Fruit":null,"best_beer_Roggenbier":null,"best_beer_score_Roggenbier":null,"most_popular_beer_Roggenbier":null,"popularity_Roggenbier":null,"n_beers_Roggenbier":null,"avg_abv_Roggenbier":null,"max_abv_beer_Roggenbier":null,"max_abv_Roggenbier":null,"best_beer_Herb":null,"best_beer_score_Herb":null,"most_popular_beer_Herb":null,"popularity_Herb":null,"n_beers_Herb":null,"avg_abv_Herb":null,"max_abv_beer_Herb":null,"max_abv_Herb":null,"best_beer_Smoke":null,"best_beer_score_Smoke":null,"most_popular_beer_Smoke":null,"popularity_Smoke":null,"n_beers_Smoke":null,"avg_abv_Smoke":null,"max_abv_beer_Smoke":null,"max_abv_Smoke":null,"best_beer_Barleywine":null,"best_beer_score_Barleywine":null,"most_popular_beer_Barleywine":null,"popularity_Barleywine":null,"n_beers_Barleywine":null,"avg_abv_Barleywine":null,"max_abv_beer_Barleywine":null,"max_abv_Barleywine":null,"best_beer":"34th Pursuit IPA","best_beer_score":3.35,"most_popular_beer":"34th Pursuit IPA","popularity":4.0,"n_beers":4.0,"avg_abv":5.025,"max_abv_beer":"34th Pursuit IPA","max_abv":6.8},{"brewery":"Fat Pauly's","city":"Iligan City","lat":8.25,"long":124.4,"best_beer_IPA":null,"best_beer_score_IPA":null,"most_popular_beer_IPA":null,"popularity_IPA":null,"n_beers_IPA":null,"avg_abv_IPA":null,"max_abv_beer_IPA":null,"max_abv_IPA":null,"best_beer_Ale":null,"best_beer_score_Ale":null,"most_popular_beer_Ale":null,"popularity_Ale":null,"n_beers_Ale":null,"avg_abv_Ale":null,"max_abv_beer_Ale":null,"max_abv_Ale":null,"best_beer_Lager":null,"best_beer_score_Lager":null,"most_popular_beer_Lager":null,"popularity_Lager":null,"n_beers_Lager":null,"avg_abv_Lager":null,"max_abv_beer_Lager":null,"max_abv_Lager":null,"best_beer_Stout":null,"best_beer_score_Stout":null,"most_popular_beer_Stout":null,"popularity_Stout":null,"n_beers_Stout":null,"avg_abv_Stout":null,"max_abv_beer_Stout":null,"max_abv_Stout":null,"best_beer_Pilsner":null,"best_beer_score_Pilsner":null,"most_popular_beer_Pilsner":null,"popularity_Pilsner":null,"n_beers_Pilsner":null,"avg_abv_Pilsner":null,"max_abv_beer_Pilsner":null,"max_abv_Pilsner":null,"best_beer_Porter":null,"best_beer_score_Porter":null,"most_popular_beer_Porter":null,"popularity_Porter":null,"n_beers_Porter":null,"avg_abv_Porter":null,"max_abv_beer_Porter":null,"max_abv_Porter":null,"best_beer_Fruit":null,"best_beer_score_Fruit":null,"most_popular_beer_Fruit":null,"popularity_Fruit":null,"n_beers_Fruit":null,"avg_abv_Fruit":null,"max_abv_beer_Fruit":null,"max_abv_Fruit":null,"best_beer_Roggenbier":null,"best_beer_score_Roggenbier":null,"most_popular_beer_Roggenbier":null,"popularity_Roggenbier":null,"n_beers_Roggenbier":null,"avg_abv_Roggenbier":null,"max_abv_beer_Roggenbier":null,"max_abv_Roggenbier":null,"best_beer_Herb":null,"best_beer_score_Herb":null,"most_popular_beer_Herb":null,"popularity_Herb":null,"n_beers_Herb":null,"avg_abv_Herb":null,"max_abv_beer_Herb":null,"max_abv_Herb":null,"best_beer_Smoke":null,"best_beer_score_Smoke":null,"most_popular_beer_Smoke":null,"popularity_Smoke":null,"n_beers_Smoke":null,"avg_abv_Smoke":null,"max_abv_beer_Smoke":null,"max_abv_Smoke":null,"best_beer_Barleywine":null,"best_beer_score_Barleywine":null,"most_popular_beer_Barleywine":null,"popularity_Barleywine":null,"n_beers_Barleywine":null,"avg_abv_Barleywine":null,"max_abv_beer_Barleywine":null,"max_abv_Barleywine":null,"best_beer":"Diwata","best_beer_score":2.5433333333,"most_popular_beer":"Diwata","popularity":1.0,"n_beers":1.0,"avg_abv":5.0,"max_abv_beer":"Diwata","max_abv":5.0},{"brewery":"Baguio Craft Brewery","city":"Benguet","lat":16.5,"long":120.666667,"best_beer_IPA":"Hop Attack","best_beer_score_IPA":3.052,"most_popular_beer_IPA":"Anomaly","popularity_IPA":4.0,"n_beers_IPA":4.0,"avg_abv_IPA":7.15,"max_abv_beer_IPA":"Hop Attack","max_abv_IPA":8.3,"best_beer_Ale":"Aparisyon","best_beer_score_Ale":2.905,"most_popular_beer_Ale":"Aparisyon","popularity_Ale":2.0,"n_beers_Ale":4.0,"avg_abv_Ale":6.475,"max_abv_beer_Ale":"Message In A Bottle","max_abv_Ale":7.6,"best_beer_Lager":null,"best_beer_score_Lager":null,"most_popular_beer_Lager":null,"popularity_Lager":null,"n_beers_Lager":null,"avg_abv_Lager":null,"max_abv_beer_Lager":null,"max_abv_Lager":null,"best_beer_Stout":null,"best_beer_score_Stout":null,"most_popular_beer_Stout":null,"popularity_Stout":null,"n_beers_Stout":null,"avg_abv_Stout":null,"max_abv_beer_Stout":null,"max_abv_Stout":null,"best_beer_Pilsner":"Old Xavier 56","best_beer_score_Pilsner":2.965,"most_popular_beer_Pilsner":"Old Xavier 56","popularity_Pilsner":2.0,"n_beers_Pilsner":1.0,"avg_abv_Pilsner":6.0,"max_abv_beer_Pilsner":"Old Xavier 56","max_abv_Pilsner":6.0,"best_beer_Porter":"Kraken","best_beer_score_Porter":2.9175,"most_popular_beer_Porter":"Kraken","popularity_Porter":2.0,"n_beers_Porter":1.0,"avg_abv_Porter":6.5,"max_abv_beer_Porter":"Kraken","max_abv_Porter":6.5,"best_beer_Fruit":"Lagud Strawberry Beer","best_beer_score_Fruit":2.8325,"most_popular_beer_Fruit":"Lagud Strawberry Beer","popularity_Fruit":2.0,"n_beers_Fruit":2.0,"avg_abv_Fruit":5.57,"max_abv_beer_Fruit":"Lagud Strawberry Beer","max_abv_Fruit":6.1,"best_beer_Roggenbier":null,"best_beer_score_Roggenbier":null,"most_popular_beer_Roggenbier":null,"popularity_Roggenbier":null,"n_beers_Roggenbier":null,"avg_abv_Roggenbier":null,"max_abv_beer_Roggenbier":null,"max_abv_Roggenbier":null,"best_beer_Herb":null,"best_beer_score_Herb":null,"most_popular_beer_Herb":null,"popularity_Herb":null,"n_beers_Herb":null,"avg_abv_Herb":null,"max_abv_beer_Herb":null,"max_abv_Herb":null,"best_beer_Smoke":null,"best_beer_score_Smoke":null,"most_popular_beer_Smoke":null,"popularity_Smoke":null,"n_beers_Smoke":null,"avg_abv_Smoke":null,"max_abv_beer_Smoke":null,"max_abv_Smoke":null,"best_beer_Barleywine":null,"best_beer_score_Barleywine":null,"most_popular_beer_Barleywine":null,"popularity_Barleywine":null,"n_beers_Barleywine":null,"avg_abv_Barleywine":null,"max_abv_beer_Barleywine":null,"max_abv_Barleywine":null,"best_beer":"Hop Attack","best_beer_score":3.052,"most_popular_beer":"Anomaly","popularity":4.0,"n_beers":13.0,"avg_abv":6.48,"max_abv_beer":"Hop Attack","max_abv":8.3},{"brewery":"Pivo Praha","city":"Makati","lat":14.55027,"long":121.03269,"best_beer_IPA":null,"best_beer_score_IPA":null,"most_popular_beer_IPA":null,"popularity_IPA":null,"n_beers_IPA":null,"avg_abv_IPA":null,"max_abv_beer_IPA":null,"max_abv_IPA":null,"best_beer_Ale":null,"best_beer_score_Ale":null,"most_popular_beer_Ale":null,"popularity_Ale":null,"n_beers_Ale":null,"avg_abv_Ale":null,"max_abv_beer_Ale":null,"max_abv_Ale":null,"best_beer_Lager":"Dark","best_beer_score_Lager":2.4966666667,"most_popular_beer_Lager":"Dark","popularity_Lager":1.0,"n_beers_Lager":1.0,"avg_abv_Lager":4.5,"max_abv_beer_Lager":"Dark","max_abv_Lager":4.5,"best_beer_Stout":null,"best_beer_score_Stout":null,"most_popular_beer_Stout":null,"popularity_Stout":null,"n_beers_Stout":null,"avg_abv_Stout":null,"max_abv_beer_Stout":null,"max_abv_Stout":null,"best_beer_Pilsner":"Classic","best_beer_score_Pilsner":2.6666666667,"most_popular_beer_Pilsner":"Classic","popularity_Pilsner":1.0,"n_beers_Pilsner":2.0,"avg_abv_Pilsner":4.5,"max_abv_beer_Pilsner":"Classic","max_abv_Pilsner":4.5,"best_beer_Porter":null,"best_beer_score_Porter":null,"most_popular_beer_Porter":null,"popularity_Porter":null,"n_beers_Porter":null,"avg_abv_Porter":null,"max_abv_beer_Porter":null,"max_abv_Porter":null,"best_beer_Fruit":null,"best_beer_score_Fruit":null,"most_popular_beer_Fruit":null,"popularity_Fruit":null,"n_beers_Fruit":null,"avg_abv_Fruit":null,"max_abv_beer_Fruit":null,"max_abv_Fruit":null,"best_beer_Roggenbier":null,"best_beer_score_Roggenbier":null,"most_popular_beer_Roggenbier":null,"popularity_Roggenbier":null,"n_beers_Roggenbier":null,"avg_abv_Roggenbier":null,"max_abv_beer_Roggenbier":null,"max_abv_Roggenbier":null,"best_beer_Herb":null,"best_beer_score_Herb":null,"most_popular_beer_Herb":null,"popularity_Herb":null,"n_beers_Herb":null,"avg_abv_Herb":null,"max_abv_beer_Herb":null,"max_abv_Herb":null,"best_beer_Smoke":null,"best_beer_score_Smoke":null,"most_popular_beer_Smoke":null,"popularity_Smoke":null,"n_beers_Smoke":null,"avg_abv_Smoke":null,"max_abv_beer_Smoke":null,"max_abv_Smoke":null,"best_beer_Barleywine":null,"best_beer_score_Barleywine":null,"most_popular_beer_Barleywine":null,"popularity_Barleywine":null,"n_beers_Barleywine":null,"avg_abv_Barleywine":null,"max_abv_beer_Barleywine":null,"max_abv_Barleywine":null,"best_beer":"Weizen","best_beer_score":2.75,"most_popular_beer":"Classic","popularity":1.0,"n_beers":4.0,"avg_abv":4.5,"max_abv_beer":"Classic","max_abv":4.5},{"brewery":"Palawe\u00f1o Brewery","city":"Puerto Princesa","lat":9.73917,"long":118.73528,"best_beer_IPA":"Ayahay IPA","best_beer_score_IPA":2.975,"most_popular_beer_IPA":"Ayahay IPA","popularity_IPA":2.0,"n_beers_IPA":3.0,"avg_abv_IPA":8.3333333333,"max_abv_beer_IPA":"Tandikan","max_abv_IPA":9.0,"best_beer_Ale":null,"best_beer_score_Ale":null,"most_popular_beer_Ale":null,"popularity_Ale":null,"n_beers_Ale":2.0,"avg_abv_Ale":7.1,"max_abv_beer_Ale":"Hunter","max_abv_Ale":7.2,"best_beer_Lager":null,"best_beer_score_Lager":null,"most_popular_beer_Lager":null,"popularity_Lager":null,"n_beers_Lager":null,"avg_abv_Lager":null,"max_abv_beer_Lager":null,"max_abv_Lager":null,"best_beer_Stout":null,"best_beer_score_Stout":null,"most_popular_beer_Stout":null,"popularity_Stout":null,"n_beers_Stout":null,"avg_abv_Stout":null,"max_abv_beer_Stout":null,"max_abv_Stout":null,"best_beer_Pilsner":null,"best_beer_score_Pilsner":null,"most_popular_beer_Pilsner":null,"popularity_Pilsner":null,"n_beers_Pilsner":null,"avg_abv_Pilsner":null,"max_abv_beer_Pilsner":null,"max_abv_Pilsner":null,"best_beer_Porter":null,"best_beer_score_Porter":null,"most_popular_beer_Porter":null,"popularity_Porter":null,"n_beers_Porter":null,"avg_abv_Porter":null,"max_abv_beer_Porter":null,"max_abv_Porter":null,"best_beer_Fruit":null,"best_beer_score_Fruit":null,"most_popular_beer_Fruit":null,"popularity_Fruit":null,"n_beers_Fruit":null,"avg_abv_Fruit":null,"max_abv_beer_Fruit":null,"max_abv_Fruit":null,"best_beer_Roggenbier":null,"best_beer_score_Roggenbier":null,"most_popular_beer_Roggenbier":null,"popularity_Roggenbier":null,"n_beers_Roggenbier":null,"avg_abv_Roggenbier":null,"max_abv_beer_Roggenbier":null,"max_abv_Roggenbier":null,"best_beer_Herb":null,"best_beer_score_Herb":null,"most_popular_beer_Herb":null,"popularity_Herb":null,"n_beers_Herb":null,"avg_abv_Herb":null,"max_abv_beer_Herb":null,"max_abv_Herb":null,"best_beer_Smoke":null,"best_beer_score_Smoke":null,"most_popular_beer_Smoke":null,"popularity_Smoke":null,"n_beers_Smoke":null,"avg_abv_Smoke":null,"max_abv_beer_Smoke":null,"max_abv_Smoke":null,"best_beer_Barleywine":null,"best_beer_score_Barleywine":null,"most_popular_beer_Barleywine":null,"popularity_Barleywine":null,"n_beers_Barleywine":null,"avg_abv_Barleywine":null,"max_abv_beer_Barleywine":null,"max_abv_Barleywine":null,"best_beer":"Palawan Wit","best_beer_score":3.3466666667,"most_popular_beer":"Palawan Wit","popularity":4.0,"n_beers":7.0,"avg_abv":7.5,"max_abv_beer":"Tandikan","max_abv":9.0},{"brewery":"Pedro Brewcrafters","city":"San Pedro","lat":10.961,"long":124.8197,"best_beer_IPA":"Wandering Wonderer","best_beer_score_IPA":2.87,"most_popular_beer_IPA":"Wandering Wonderer","popularity_IPA":1.0,"n_beers_IPA":1.0,"avg_abv_IPA":6.2,"max_abv_beer_IPA":"Wandering Wonderer","max_abv_IPA":6.2,"best_beer_Ale":"Procrastination Pale Ale","best_beer_score_Ale":2.8633333333,"most_popular_beer_Ale":"Procrastination Pale Ale","popularity_Ale":1.0,"n_beers_Ale":1.0,"avg_abv_Ale":5.0,"max_abv_beer_Ale":"Procrastination Pale Ale","max_abv_Ale":5.0,"best_beer_Lager":null,"best_beer_score_Lager":null,"most_popular_beer_Lager":null,"popularity_Lager":null,"n_beers_Lager":null,"avg_abv_Lager":null,"max_abv_beer_Lager":null,"max_abv_Lager":null,"best_beer_Stout":"Space Out","best_beer_score_Stout":2.9866666667,"most_popular_beer_Stout":"Space Out","popularity_Stout":1.0,"n_beers_Stout":1.0,"avg_abv_Stout":6.8,"max_abv_beer_Stout":"Space Out","max_abv_Stout":6.8,"best_beer_Pilsner":null,"best_beer_score_Pilsner":null,"most_popular_beer_Pilsner":null,"popularity_Pilsner":null,"n_beers_Pilsner":null,"avg_abv_Pilsner":null,"max_abv_beer_Pilsner":null,"max_abv_Pilsner":null,"best_beer_Porter":null,"best_beer_score_Porter":null,"most_popular_beer_Porter":null,"popularity_Porter":null,"n_beers_Porter":null,"avg_abv_Porter":null,"max_abv_beer_Porter":null,"max_abv_Porter":null,"best_beer_Fruit":null,"best_beer_score_Fruit":null,"most_popular_beer_Fruit":null,"popularity_Fruit":null,"n_beers_Fruit":null,"avg_abv_Fruit":null,"max_abv_beer_Fruit":null,"max_abv_Fruit":null,"best_beer_Roggenbier":null,"best_beer_score_Roggenbier":null,"most_popular_beer_Roggenbier":null,"popularity_Roggenbier":null,"n_beers_Roggenbier":null,"avg_abv_Roggenbier":null,"max_abv_beer_Roggenbier":null,"max_abv_Roggenbier":null,"best_beer_Herb":null,"best_beer_score_Herb":null,"most_popular_beer_Herb":null,"popularity_Herb":null,"n_beers_Herb":null,"avg_abv_Herb":null,"max_abv_beer_Herb":null,"max_abv_Herb":null,"best_beer_Smoke":null,"best_beer_score_Smoke":null,"most_popular_beer_Smoke":null,"popularity_Smoke":null,"n_beers_Smoke":null,"avg_abv_Smoke":null,"max_abv_beer_Smoke":null,"max_abv_Smoke":null,"best_beer_Barleywine":null,"best_beer_score_Barleywine":null,"most_popular_beer_Barleywine":null,"popularity_Barleywine":null,"n_beers_Barleywine":null,"avg_abv_Barleywine":null,"max_abv_beer_Barleywine":null,"max_abv_Barleywine":null,"best_beer":"Endless Summer Wheat Ale","best_beer_score":3.1925,"most_popular_beer":"Endless Summer Wheat Ale","popularity":2.0,"n_beers":5.0,"avg_abv":5.6,"max_abv_beer":"Space Out","max_abv":6.8},{"brewery":"Bogs Brew","city":"Bacolod City","lat":10.66667,"long":122.95,"best_beer_IPA":null,"best_beer_score_IPA":null,"most_popular_beer_IPA":null,"popularity_IPA":null,"n_beers_IPA":null,"avg_abv_IPA":null,"max_abv_beer_IPA":null,"max_abv_IPA":null,"best_beer_Ale":"Primo Bogs","best_beer_score_Ale":2.62,"most_popular_beer_Ale":"Primo Bogs","popularity_Ale":1.0,"n_beers_Ale":1.0,"avg_abv_Ale":5.0,"max_abv_beer_Ale":"Primo Bogs","max_abv_Ale":5.0,"best_beer_Lager":null,"best_beer_score_Lager":null,"most_popular_beer_Lager":null,"popularity_Lager":null,"n_beers_Lager":null,"avg_abv_Lager":null,"max_abv_beer_Lager":null,"max_abv_Lager":null,"best_beer_Stout":null,"best_beer_score_Stout":null,"most_popular_beer_Stout":null,"popularity_Stout":null,"n_beers_Stout":null,"avg_abv_Stout":null,"max_abv_beer_Stout":null,"max_abv_Stout":null,"best_beer_Pilsner":null,"best_beer_score_Pilsner":null,"most_popular_beer_Pilsner":null,"popularity_Pilsner":null,"n_beers_Pilsner":null,"avg_abv_Pilsner":null,"max_abv_beer_Pilsner":null,"max_abv_Pilsner":null,"best_beer_Porter":null,"best_beer_score_Porter":null,"most_popular_beer_Porter":null,"popularity_Porter":null,"n_beers_Porter":null,"avg_abv_Porter":null,"max_abv_beer_Porter":null,"max_abv_Porter":null,"best_beer_Fruit":null,"best_beer_score_Fruit":null,"most_popular_beer_Fruit":null,"popularity_Fruit":null,"n_beers_Fruit":null,"avg_abv_Fruit":null,"max_abv_beer_Fruit":null,"max_abv_Fruit":null,"best_beer_Roggenbier":null,"best_beer_score_Roggenbier":null,"most_popular_beer_Roggenbier":null,"popularity_Roggenbier":null,"n_beers_Roggenbier":null,"avg_abv_Roggenbier":null,"max_abv_beer_Roggenbier":null,"max_abv_Roggenbier":null,"best_beer_Herb":null,"best_beer_score_Herb":null,"most_popular_beer_Herb":null,"popularity_Herb":null,"n_beers_Herb":null,"avg_abv_Herb":null,"max_abv_beer_Herb":null,"max_abv_Herb":null,"best_beer_Smoke":null,"best_beer_score_Smoke":null,"most_popular_beer_Smoke":null,"popularity_Smoke":null,"n_beers_Smoke":null,"avg_abv_Smoke":null,"max_abv_beer_Smoke":null,"max_abv_Smoke":null,"best_beer_Barleywine":null,"best_beer_score_Barleywine":null,"most_popular_beer_Barleywine":null,"popularity_Barleywine":null,"n_beers_Barleywine":null,"avg_abv_Barleywine":null,"max_abv_beer_Barleywine":null,"max_abv_Barleywine":null,"best_beer":"Primo Bogs","best_beer_score":2.62,"most_popular_beer":"Primo Bogs","popularity":1.0,"n_beers":1.0,"avg_abv":5.0,"max_abv_beer":"Primo Bogs","max_abv":5.0},{"brewery":"The Brewery at the Palace","city":"Taguig","lat":14.5243,"long":121.0792,"best_beer_IPA":"Indian Pale Ale","best_beer_score_IPA":2.7633333333,"most_popular_beer_IPA":"Epic IPA","popularity_IPA":1.0,"n_beers_IPA":2.0,"avg_abv_IPA":5.9,"max_abv_beer_IPA":"Epic IPA","max_abv_IPA":6.8,"best_beer_Ale":"Smokey Oakey","best_beer_score_Ale":2.84,"most_popular_beer_Ale":"Smokey Oakey","popularity_Ale":1.0,"n_beers_Ale":1.0,"avg_abv_Ale":6.4,"max_abv_beer_Ale":"Smokey Oakey","max_abv_Ale":6.4,"best_beer_Lager":null,"best_beer_score_Lager":null,"most_popular_beer_Lager":null,"popularity_Lager":null,"n_beers_Lager":null,"avg_abv_Lager":null,"max_abv_beer_Lager":null,"max_abv_Lager":null,"best_beer_Stout":"Brown Ale","best_beer_score_Stout":2.8066666667,"most_popular_beer_Stout":"Brown Ale","popularity_Stout":1.0,"n_beers_Stout":1.0,"avg_abv_Stout":4.7,"max_abv_beer_Stout":"Brown Ale","max_abv_Stout":4.7,"best_beer_Pilsner":"Pilsner","best_beer_score_Pilsner":2.8533333333,"most_popular_beer_Pilsner":"Pilsner","popularity_Pilsner":1.0,"n_beers_Pilsner":1.0,"avg_abv_Pilsner":4.3,"max_abv_beer_Pilsner":"Pilsner","max_abv_Pilsner":4.3,"best_beer_Porter":null,"best_beer_score_Porter":null,"most_popular_beer_Porter":null,"popularity_Porter":null,"n_beers_Porter":null,"avg_abv_Porter":null,"max_abv_beer_Porter":null,"max_abv_Porter":null,"best_beer_Fruit":null,"best_beer_score_Fruit":null,"most_popular_beer_Fruit":null,"popularity_Fruit":null,"n_beers_Fruit":null,"avg_abv_Fruit":null,"max_abv_beer_Fruit":null,"max_abv_Fruit":null,"best_beer_Roggenbier":null,"best_beer_score_Roggenbier":null,"most_popular_beer_Roggenbier":null,"popularity_Roggenbier":null,"n_beers_Roggenbier":null,"avg_abv_Roggenbier":null,"max_abv_beer_Roggenbier":null,"max_abv_Roggenbier":null,"best_beer_Herb":"Santa's Little Helper","best_beer_score_Herb":2.65,"most_popular_beer_Herb":"Santa's Little Helper","popularity_Herb":1.0,"n_beers_Herb":1.0,"avg_abv_Herb":7.3,"max_abv_beer_Herb":"Santa's Little Helper","max_abv_Herb":7.3,"best_beer_Smoke":null,"best_beer_score_Smoke":null,"most_popular_beer_Smoke":null,"popularity_Smoke":null,"n_beers_Smoke":null,"avg_abv_Smoke":null,"max_abv_beer_Smoke":null,"max_abv_Smoke":null,"best_beer_Barleywine":null,"best_beer_score_Barleywine":null,"most_popular_beer_Barleywine":null,"popularity_Barleywine":null,"n_beers_Barleywine":null,"avg_abv_Barleywine":null,"max_abv_beer_Barleywine":null,"max_abv_Barleywine":null,"best_beer":"Pilsner","best_beer_score":2.8533333333,"most_popular_beer":"Epic IPA","popularity":1.0,"n_beers":7.0,"avg_abv":5.5714285714,"max_abv_beer":"Santa's Little Helper","max_abv":7.3},{"brewery":"Crows Craft Brewing Co.","city":"Muntinlupa","lat":14.39028,"long":121.0475,"best_beer_IPA":"De Puta Madre","best_beer_score_IPA":3.47,"most_popular_beer_IPA":"De Puta Madre","popularity_IPA":2.0,"n_beers_IPA":3.0,"avg_abv_IPA":8.1033333333,"max_abv_beer_IPA":"Simcoe Smash","max_abv_IPA":10.0,"best_beer_Ale":"Crows Pale Ale","best_beer_score_Ale":2.9133333333,"most_popular_beer_Ale":"Crows Pale Ale","popularity_Ale":1.0,"n_beers_Ale":1.0,"avg_abv_Ale":6.0,"max_abv_beer_Ale":"Crows Pale Ale","max_abv_Ale":6.0,"best_beer_Lager":null,"best_beer_score_Lager":null,"most_popular_beer_Lager":null,"popularity_Lager":null,"n_beers_Lager":null,"avg_abv_Lager":null,"max_abv_beer_Lager":null,"max_abv_Lager":null,"best_beer_Stout":null,"best_beer_score_Stout":null,"most_popular_beer_Stout":null,"popularity_Stout":null,"n_beers_Stout":null,"avg_abv_Stout":null,"max_abv_beer_Stout":null,"max_abv_Stout":null,"best_beer_Pilsner":null,"best_beer_score_Pilsner":null,"most_popular_beer_Pilsner":null,"popularity_Pilsner":null,"n_beers_Pilsner":null,"avg_abv_Pilsner":null,"max_abv_beer_Pilsner":null,"max_abv_Pilsner":null,"best_beer_Porter":null,"best_beer_score_Porter":null,"most_popular_beer_Porter":null,"popularity_Porter":null,"n_beers_Porter":null,"avg_abv_Porter":null,"max_abv_beer_Porter":null,"max_abv_Porter":null,"best_beer_Fruit":null,"best_beer_score_Fruit":null,"most_popular_beer_Fruit":null,"popularity_Fruit":null,"n_beers_Fruit":null,"avg_abv_Fruit":null,"max_abv_beer_Fruit":null,"max_abv_Fruit":null,"best_beer_Roggenbier":null,"best_beer_score_Roggenbier":null,"most_popular_beer_Roggenbier":null,"popularity_Roggenbier":null,"n_beers_Roggenbier":null,"avg_abv_Roggenbier":null,"max_abv_beer_Roggenbier":null,"max_abv_Roggenbier":null,"best_beer_Herb":null,"best_beer_score_Herb":null,"most_popular_beer_Herb":null,"popularity_Herb":null,"n_beers_Herb":null,"avg_abv_Herb":null,"max_abv_beer_Herb":null,"max_abv_Herb":null,"best_beer_Smoke":null,"best_beer_score_Smoke":null,"most_popular_beer_Smoke":null,"popularity_Smoke":null,"n_beers_Smoke":null,"avg_abv_Smoke":null,"max_abv_beer_Smoke":null,"max_abv_Smoke":null,"best_beer_Barleywine":null,"best_beer_score_Barleywine":null,"most_popular_beer_Barleywine":null,"popularity_Barleywine":null,"n_beers_Barleywine":null,"avg_abv_Barleywine":null,"max_abv_beer_Barleywine":null,"max_abv_Barleywine":null,"best_beer":"De Puta Madre","best_beer_score":3.47,"most_popular_beer":"De Puta Madre","popularity":2.0,"n_beers":5.0,"avg_abv":7.062,"max_abv_beer":"Simcoe Smash","max_abv":10.0}]