[{"brewery":"Palau Brewing Company","city":"Koror","lat":7.33978,"long":134.47326,"best_beer_IPA":null,"best_beer_score_IPA":null,"most_popular_beer_IPA":null,"popularity_IPA":null,"n_beers_IPA":null,"avg_abv_IPA":null,"max_abv_beer_IPA":null,"max_abv_IPA":null,"best_beer_Ale":"Red Rooster Amber","best_beer_score_Ale":2.8385714286,"most_popular_beer_Ale":"Red Rooster Amber","popularity_Ale":5.0,"n_beers_Ale":2.0,"avg_abv_Ale":5.0,"max_abv_beer_Ale":"Red Rooster Amber","max_abv_Ale":5.0,"best_beer_Lager":null,"best_beer_score_Lager":null,"most_popular_beer_Lager":null,"popularity_Lager":null,"n_beers_Lager":null,"avg_abv_Lager":null,"max_abv_beer_Lager":null,"max_abv_Lager":null,"best_beer_Stout":"Red Rooster Stout","best_beer_score_Stout":3.016,"most_popular_beer_Stout":"Red Rooster Stout","popularity_Stout":3.0,"n_beers_Stout":2.0,"avg_abv_Stout":5.0,"max_abv_beer_Stout":"Red Rooster Palau Dark","max_abv_Stout":5.0,"best_beer_Pilsner":null,"best_beer_score_Pilsner":null,"most_popular_beer_Pilsner":null,"popularity_Pilsner":null,"n_beers_Pilsner":null,"avg_abv_Pilsner":null,"max_abv_beer_Pilsner":null,"max_abv_Pilsner":null,"best_beer_Porter":null,"best_beer_score_Porter":null,"most_popular_beer_Porter":null,"popularity_Porter":null,"n_beers_Porter":null,"avg_abv_Porter":null,"max_abv_beer_Porter":null,"max_abv_Porter":null,"best_beer_Fruit":null,"best_beer_score_Fruit":null,"most_popular_beer_Fruit":null,"popularity_Fruit":null,"n_beers_Fruit":null,"avg_abv_Fruit":null,"max_abv_beer_Fruit":null,"max_abv_Fruit":null,"best_beer_Roggenbier":null,"best_beer_score_Roggenbier":null,"most_popular_beer_Roggenbier":null,"popularity_Roggenbier":null,"n_beers_Roggenbier":null,"avg_abv_Roggenbier":null,"max_abv_beer_Roggenbier":null,"max_abv_Roggenbier":null,"best_beer_Herb":null,"best_beer_score_Herb":null,"most_popular_beer_Herb":null,"popularity_Herb":null,"n_beers_Herb":null,"avg_abv_Herb":null,"max_abv_beer_Herb":null,"max_abv_Herb":null,"best_beer_Smoke":null,"best_beer_score_Smoke":null,"most_popular_beer_Smoke":null,"popularity_Smoke":null,"n_beers_Smoke":null,"avg_abv_Smoke":null,"max_abv_beer_Smoke":null,"max_abv_Smoke":null,"best_beer_Barleywine":"Red Rooster Rockjet Booster Barleywine","best_beer_score_Barleywine":3.0266666667,"most_popular_beer_Barleywine":"Red Rooster Rockjet Booster Barleywine","popularity_Barleywine":1.0,"n_beers_Barleywine":1.0,"avg_abv_Barleywine":10.5,"max_abv_beer_Barleywine":"Red Rooster Rockjet Booster Barleywine","max_abv_Barleywine":10.5,"best_beer":"Red Rooster Rockjet Booster Barleywine","best_beer_score":3.0266666667,"most_popular_beer":"Red Rooster Amber","popularity":5.0,"n_beers":5.0,"avg_abv":6.1,"max_abv_beer":"Red Rooster Rockjet Booster Barleywine","max_abv":10.5}]