[{"brewery":"The 1925 Microbrewery & Restaurant","city":"Singapore","lat":1.28967,"long":103.85007,"best_beer_IPA":"Plantation Ave","best_beer_score_IPA":2.9333333333,"most_popular_beer_IPA":"Plantation Ave","popularity_IPA":1.0,"n_beers_IPA":2.0,"avg_abv_IPA":4.9,"max_abv_beer_IPA":"Small Monster","max_abv_IPA":5.0,"best_beer_Ale":"Plantation Ave","best_beer_score_Ale":2.9333333333,"most_popular_beer_Ale":"Plantation Ave","popularity_Ale":1.0,"n_beers_Ale":3.0,"avg_abv_Ale":5.1666666667,"max_abv_beer_Ale":"BLK6.22","max_abv_Ale":6.2,"best_beer_Lager":null,"best_beer_score_Lager":null,"most_popular_beer_Lager":null,"popularity_Lager":null,"n_beers_Lager":null,"avg_abv_Lager":null,"max_abv_beer_Lager":null,"max_abv_Lager":null,"best_beer_Stout":null,"best_beer_score_Stout":null,"most_popular_beer_Stout":null,"popularity_Stout":null,"n_beers_Stout":1.0,"avg_abv_Stout":6.8,"max_abv_beer_Stout":"Manuka Stout","max_abv_Stout":6.8,"best_beer_Pilsner":null,"best_beer_score_Pilsner":null,"most_popular_beer_Pilsner":null,"popularity_Pilsner":null,"n_beers_Pilsner":null,"avg_abv_Pilsner":null,"max_abv_beer_Pilsner":null,"max_abv_Pilsner":null,"best_beer_Porter":null,"best_beer_score_Porter":null,"most_popular_beer_Porter":null,"popularity_Porter":null,"n_beers_Porter":null,"avg_abv_Porter":null,"max_abv_beer_Porter":null,"max_abv_Porter":null,"best_beer_Fruit":null,"best_beer_score_Fruit":null,"most_popular_beer_Fruit":null,"popularity_Fruit":null,"n_beers_Fruit":null,"avg_abv_Fruit":null,"max_abv_beer_Fruit":null,"max_abv_Fruit":null,"best_beer_Roggenbier":null,"best_beer_score_Roggenbier":null,"most_popular_beer_Roggenbier":null,"popularity_Roggenbier":null,"n_beers_Roggenbier":null,"avg_abv_Roggenbier":null,"max_abv_beer_Roggenbier":null,"max_abv_Roggenbier":null,"best_beer_Herb":null,"best_beer_score_Herb":null,"most_popular_beer_Herb":null,"popularity_Herb":null,"n_beers_Herb":null,"avg_abv_Herb":null,"max_abv_beer_Herb":null,"max_abv_Herb":null,"best_beer_Smoke":null,"best_beer_score_Smoke":null,"most_popular_beer_Smoke":null,"popularity_Smoke":null,"n_beers_Smoke":null,"avg_abv_Smoke":null,"max_abv_beer_Smoke":null,"max_abv_Smoke":null,"best_beer_Barleywine":null,"best_beer_score_Barleywine":null,"most_popular_beer_Barleywine":null,"popularity_Barleywine":null,"n_beers_Barleywine":null,"avg_abv_Barleywine":null,"max_abv_beer_Barleywine":null,"max_abv_Barleywine":null,"best_beer":"Plantation Ave","best_beer_score":2.9333333333,"most_popular_beer":"Plantation Ave","popularity":1.0,"n_beers":5.0,"avg_abv":5.46,"max_abv_beer":"Manuka Stout","max_abv":6.8},{"brewery":"Asia Pacific Breweries Limited","city":"Singapore","lat":1.28967,"long":103.85007,"best_beer_IPA":null,"best_beer_score_IPA":null,"most_popular_beer_IPA":null,"popularity_IPA":null,"n_beers_IPA":null,"avg_abv_IPA":null,"max_abv_beer_IPA":null,"max_abv_IPA":null,"best_beer_Ale":"Anchor Strong","best_beer_score_Ale":2.845,"most_popular_beer_Ale":"Anchor Strong","popularity_Ale":2.0,"n_beers_Ale":1.0,"avg_abv_Ale":7.2,"max_abv_beer_Ale":"Anchor Strong","max_abv_Ale":7.2,"best_beer_Lager":"Tiger Beer","best_beer_score_Lager":2.6989391144,"most_popular_beer_Lager":"Tiger Beer","popularity_Lager":1082.0,"n_beers_Lager":7.0,"avg_abv_Lager":5.3714285714,"max_abv_beer_Lager":"Baron's Strong Brew","max_abv_Lager":8.8,"best_beer_Stout":"ABC Extra Stout","best_beer_score_Stout":3.2852631579,"most_popular_beer_Stout":"ABC Extra Stout","popularity_Stout":36.0,"n_beers_Stout":3.0,"avg_abv_Stout":6.8333333333,"max_abv_beer_Stout":"ABC Extra Stout Ginseng","max_abv_Stout":8.0,"best_beer_Pilsner":"Anchor Pilsener","best_beer_score_Pilsner":2.3645454545,"most_popular_beer_Pilsner":"Anchor Pilsener","popularity_Pilsner":20.0,"n_beers_Pilsner":1.0,"avg_abv_Pilsner":3.7,"max_abv_beer_Pilsner":"Anchor Pilsener","max_abv_Pilsner":3.7,"best_beer_Porter":null,"best_beer_score_Porter":null,"most_popular_beer_Porter":null,"popularity_Porter":null,"n_beers_Porter":null,"avg_abv_Porter":null,"max_abv_beer_Porter":null,"max_abv_Porter":null,"best_beer_Fruit":null,"best_beer_score_Fruit":null,"most_popular_beer_Fruit":null,"popularity_Fruit":null,"n_beers_Fruit":null,"avg_abv_Fruit":null,"max_abv_beer_Fruit":null,"max_abv_Fruit":null,"best_beer_Roggenbier":null,"best_beer_score_Roggenbier":null,"most_popular_beer_Roggenbier":null,"popularity_Roggenbier":null,"n_beers_Roggenbier":null,"avg_abv_Roggenbier":null,"max_abv_beer_Roggenbier":null,"max_abv_Roggenbier":null,"best_beer_Herb":null,"best_beer_score_Herb":null,"most_popular_beer_Herb":null,"popularity_Herb":null,"n_beers_Herb":null,"avg_abv_Herb":null,"max_abv_beer_Herb":null,"max_abv_Herb":null,"best_beer_Smoke":null,"best_beer_score_Smoke":null,"most_popular_beer_Smoke":null,"popularity_Smoke":null,"n_beers_Smoke":null,"avg_abv_Smoke":null,"max_abv_beer_Smoke":null,"max_abv_Smoke":null,"best_beer_Barleywine":null,"best_beer_score_Barleywine":null,"most_popular_beer_Barleywine":null,"popularity_Barleywine":null,"n_beers_Barleywine":null,"avg_abv_Barleywine":null,"max_abv_beer_Barleywine":null,"max_abv_Barleywine":null,"best_beer":"ABC Extra Stout","best_beer_score":3.2852631579,"most_popular_beer":"Tiger Beer","popularity":1082.0,"n_beers":14.0,"avg_abv":6.1285714286,"max_abv_beer":"Baron's Extra Strong","max_abv":11.8},{"brewery":"The Pump Room","city":"Singapore","lat":1.28967,"long":103.85007,"best_beer_IPA":"India Pale Ale","best_beer_score_IPA":2.7,"most_popular_beer_IPA":"India Pale Ale","popularity_IPA":1.0,"n_beers_IPA":1.0,"avg_abv_IPA":6.2,"max_abv_beer_IPA":"India Pale Ale","max_abv_IPA":6.2,"best_beer_Ale":"India Pale Ale","best_beer_score_Ale":2.7,"most_popular_beer_Ale":"India Pale Ale","popularity_Ale":1.0,"n_beers_Ale":3.0,"avg_abv_Ale":5.4,"max_abv_beer_Ale":"India Pale Ale","max_abv_Ale":6.2,"best_beer_Lager":"Pump Room Lager","best_beer_score_Lager":2.812,"most_popular_beer_Lager":"Pump Room Lager","popularity_Lager":3.0,"n_beers_Lager":1.0,"avg_abv_Lager":5.0,"max_abv_beer_Lager":"Pump Room Lager","max_abv_Lager":5.0,"best_beer_Stout":null,"best_beer_score_Stout":null,"most_popular_beer_Stout":null,"popularity_Stout":null,"n_beers_Stout":null,"avg_abv_Stout":null,"max_abv_beer_Stout":null,"max_abv_Stout":null,"best_beer_Pilsner":null,"best_beer_score_Pilsner":null,"most_popular_beer_Pilsner":null,"popularity_Pilsner":null,"n_beers_Pilsner":1.0,"avg_abv_Pilsner":5.5,"max_abv_beer_Pilsner":"Bohemian Lager","max_abv_Pilsner":5.5,"best_beer_Porter":null,"best_beer_score_Porter":null,"most_popular_beer_Porter":null,"popularity_Porter":null,"n_beers_Porter":1.0,"avg_abv_Porter":5.6,"max_abv_beer_Porter":"Porter","max_abv_Porter":5.6,"best_beer_Fruit":null,"best_beer_score_Fruit":null,"most_popular_beer_Fruit":null,"popularity_Fruit":null,"n_beers_Fruit":null,"avg_abv_Fruit":null,"max_abv_beer_Fruit":null,"max_abv_Fruit":null,"best_beer_Roggenbier":null,"best_beer_score_Roggenbier":null,"most_popular_beer_Roggenbier":null,"popularity_Roggenbier":null,"n_beers_Roggenbier":null,"avg_abv_Roggenbier":null,"max_abv_beer_Roggenbier":null,"max_abv_Roggenbier":null,"best_beer_Herb":null,"best_beer_score_Herb":null,"most_popular_beer_Herb":null,"popularity_Herb":null,"n_beers_Herb":null,"avg_abv_Herb":null,"max_abv_beer_Herb":null,"max_abv_Herb":null,"best_beer_Smoke":null,"best_beer_score_Smoke":null,"most_popular_beer_Smoke":null,"popularity_Smoke":null,"n_beers_Smoke":null,"avg_abv_Smoke":null,"max_abv_beer_Smoke":null,"max_abv_Smoke":null,"best_beer_Barleywine":null,"best_beer_score_Barleywine":null,"most_popular_beer_Barleywine":null,"popularity_Barleywine":null,"n_beers_Barleywine":null,"avg_abv_Barleywine":null,"max_abv_beer_Barleywine":null,"max_abv_Barleywine":null,"best_beer":"Wheat Ale","best_beer_score":2.89,"most_popular_beer":"Pump Room Lager","popularity":3.0,"n_beers":7.0,"avg_abv":5.4,"max_abv_beer":"India Pale Ale","max_abv":6.2},{"brewery":"Red Dot Brewhouse","city":"Singapore","lat":1.28967,"long":103.85007,"best_beer_IPA":"Lamzing Saur-Ground IPA","best_beer_score_IPA":3.315,"most_popular_beer_IPA":"Lamzing Saur-Ground IPA","popularity_IPA":4.0,"n_beers_IPA":4.0,"avg_abv_IPA":6.075,"max_abv_beer_IPA":"Lamzing Bender Hermit","max_abv_IPA":6.2,"best_beer_Ale":"Lamzing Sticky Mango","best_beer_score_Ale":2.9666666667,"most_popular_beer_Ale":"Lamzing Sticky Mango","popularity_Ale":4.0,"n_beers_Ale":3.0,"avg_abv_Ale":5.0333333333,"max_abv_beer_Ale":"THER Rosebud Pale Ale","max_abv_Ale":5.8,"best_beer_Lager":null,"best_beer_score_Lager":null,"most_popular_beer_Lager":null,"popularity_Lager":null,"n_beers_Lager":1.0,"avg_abv_Lager":5.0,"max_abv_beer_Lager":"Vienna","max_abv_Lager":5.0,"best_beer_Stout":"Lamzing Morning In Monsoon","best_beer_score_Stout":2.4933333333,"most_popular_beer_Stout":"Lamzing Morning In Monsoon","popularity_Stout":1.0,"n_beers_Stout":1.0,"avg_abv_Stout":5.8,"max_abv_beer_Stout":"Lamzing Morning In Monsoon","max_abv_Stout":5.8,"best_beer_Pilsner":"Czech Pilsener","best_beer_score_Pilsner":2.53,"most_popular_beer_Pilsner":"Czech Pilsener","popularity_Pilsner":1.0,"n_beers_Pilsner":1.0,"avg_abv_Pilsner":5.5,"max_abv_beer_Pilsner":"Czech Pilsener","max_abv_Pilsner":5.5,"best_beer_Porter":null,"best_beer_score_Porter":null,"most_popular_beer_Porter":null,"popularity_Porter":null,"n_beers_Porter":null,"avg_abv_Porter":null,"max_abv_beer_Porter":null,"max_abv_Porter":null,"best_beer_Fruit":"Lime Wheat","best_beer_score_Fruit":2.6883333333,"most_popular_beer_Fruit":"Lime Wheat","popularity_Fruit":4.0,"n_beers_Fruit":1.0,"avg_abv_Fruit":5.0,"max_abv_beer_Fruit":"Lime Wheat","max_abv_Fruit":5.0,"best_beer_Roggenbier":null,"best_beer_score_Roggenbier":null,"most_popular_beer_Roggenbier":null,"popularity_Roggenbier":null,"n_beers_Roggenbier":null,"avg_abv_Roggenbier":null,"max_abv_beer_Roggenbier":null,"max_abv_Roggenbier":null,"best_beer_Herb":"Monster Green Lager","best_beer_score_Herb":2.324,"most_popular_beer_Herb":"Monster Green Lager","popularity_Herb":3.0,"n_beers_Herb":1.0,"avg_abv_Herb":5.0,"max_abv_beer_Herb":"Monster Green Lager","max_abv_Herb":5.0,"best_beer_Smoke":null,"best_beer_score_Smoke":null,"most_popular_beer_Smoke":null,"popularity_Smoke":null,"n_beers_Smoke":null,"avg_abv_Smoke":null,"max_abv_beer_Smoke":null,"max_abv_Smoke":null,"best_beer_Barleywine":null,"best_beer_score_Barleywine":null,"most_popular_beer_Barleywine":null,"popularity_Barleywine":null,"n_beers_Barleywine":null,"avg_abv_Barleywine":null,"max_abv_beer_Barleywine":null,"max_abv_Barleywine":null,"best_beer":"Lamzing Saur-Ground IPA","best_beer_score":3.315,"most_popular_beer":"Lamzing Sticky Mango","popularity":4.0,"n_beers":17.0,"avg_abv":5.4411764706,"max_abv_beer":"Lamzing Bender Hermit","max_abv":6.2},{"brewery":"Brewerkz - Riverside Point","city":"Singapore","lat":1.28967,"long":103.85007,"best_beer_IPA":"X IPA","best_beer_score_IPA":3.5038888889,"most_popular_beer_IPA":"India Pale Ale","popularity_IPA":19.0,"n_beers_IPA":3.0,"avg_abv_IPA":6.5,"max_abv_beer_IPA":"X IPA","max_abv_IPA":7.0,"best_beer_Ale":"Black Pig","best_beer_score_Ale":3.4533333333,"most_popular_beer_Ale":"India Pale Ale","popularity_Ale":19.0,"n_beers_Ale":12.0,"avg_abv_Ale":5.7,"max_abv_beer_Ale":"Black Pig","max_abv_Ale":8.0,"best_beer_Lager":null,"best_beer_score_Lager":null,"most_popular_beer_Lager":null,"popularity_Lager":null,"n_beers_Lager":3.0,"avg_abv_Lager":5.0,"max_abv_beer_Lager":"Ashkenazy Lager","max_abv_Lager":5.5,"best_beer_Stout":"Oatmeal Stout","best_beer_score_Stout":3.4711111111,"most_popular_beer_Stout":"Oatmeal Stout","popularity_Stout":16.0,"n_beers_Stout":1.0,"avg_abv_Stout":6.0,"max_abv_beer_Stout":"Oatmeal Stout","max_abv_Stout":6.0,"best_beer_Pilsner":"Pilsner Lager","best_beer_score_Pilsner":3.2942857143,"most_popular_beer_Pilsner":"Pilsner Lager","popularity_Pilsner":5.0,"n_beers_Pilsner":2.0,"avg_abv_Pilsner":5.0,"max_abv_beer_Pilsner":"Pilsner Lager","max_abv_Pilsner":5.0,"best_beer_Porter":"Chocolate Porter","best_beer_score_Porter":2.7166666667,"most_popular_beer_Porter":"Chocolate Porter","popularity_Porter":1.0,"n_beers_Porter":1.0,"avg_abv_Porter":6.0,"max_abv_beer_Porter":"Chocolate Porter","max_abv_Porter":6.0,"best_beer_Fruit":"Honey Apricot Ale","best_beer_score_Fruit":2.89,"most_popular_beer_Fruit":"Honey Apricot Ale","popularity_Fruit":1.0,"n_beers_Fruit":2.0,"avg_abv_Fruit":5.5,"max_abv_beer_Fruit":"Black Raspberry Ale","max_abv_Fruit":5.5,"best_beer_Roggenbier":null,"best_beer_score_Roggenbier":null,"most_popular_beer_Roggenbier":null,"popularity_Roggenbier":null,"n_beers_Roggenbier":null,"avg_abv_Roggenbier":null,"max_abv_beer_Roggenbier":null,"max_abv_Roggenbier":null,"best_beer_Herb":null,"best_beer_score_Herb":null,"most_popular_beer_Herb":null,"popularity_Herb":null,"n_beers_Herb":null,"avg_abv_Herb":null,"max_abv_beer_Herb":null,"max_abv_Herb":null,"best_beer_Smoke":null,"best_beer_score_Smoke":null,"most_popular_beer_Smoke":null,"popularity_Smoke":null,"n_beers_Smoke":null,"avg_abv_Smoke":null,"max_abv_beer_Smoke":null,"max_abv_Smoke":null,"best_beer_Barleywine":null,"best_beer_score_Barleywine":null,"most_popular_beer_Barleywine":null,"popularity_Barleywine":null,"n_beers_Barleywine":null,"avg_abv_Barleywine":null,"max_abv_beer_Barleywine":null,"max_abv_Barleywine":null,"best_beer":"Steam Beer","best_beer_score":3.62,"most_popular_beer":"India Pale Ale","popularity":19.0,"n_beers":34.0,"avg_abv":5.7176470588,"max_abv_beer":"Black Pig","max_abv":8.0},{"brewery":"Archipelago Craft Beer Hub","city":"Singapore","lat":1.28967,"long":103.85007,"best_beer_IPA":"Archipelago British India Pale Ale","best_beer_score_IPA":2.9066666667,"most_popular_beer_IPA":"Archipelago British India Pale Ale","popularity_IPA":1.0,"n_beers_IPA":1.0,"avg_abv_IPA":4.5,"max_abv_beer_IPA":"Archipelago British India Pale Ale","max_abv_IPA":4.5,"best_beer_Ale":"Archipelago Straits Pale","best_beer_score_Ale":3.0855555556,"most_popular_beer_Ale":"Archipelago Straits Pale","popularity_Ale":7.0,"n_beers_Ale":6.0,"avg_abv_Ale":4.85,"max_abv_beer_Ale":"Archipelago Trader's Brown Ale","max_abv_Ale":5.8,"best_beer_Lager":null,"best_beer_score_Lager":null,"most_popular_beer_Lager":null,"popularity_Lager":null,"n_beers_Lager":null,"avg_abv_Lager":null,"max_abv_beer_Lager":null,"max_abv_Lager":null,"best_beer_Stout":null,"best_beer_score_Stout":null,"most_popular_beer_Stout":null,"popularity_Stout":null,"n_beers_Stout":null,"avg_abv_Stout":null,"max_abv_beer_Stout":null,"max_abv_Stout":null,"best_beer_Pilsner":null,"best_beer_score_Pilsner":null,"most_popular_beer_Pilsner":null,"popularity_Pilsner":null,"n_beers_Pilsner":null,"avg_abv_Pilsner":null,"max_abv_beer_Pilsner":null,"max_abv_Pilsner":null,"best_beer_Porter":null,"best_beer_score_Porter":null,"most_popular_beer_Porter":null,"popularity_Porter":null,"n_beers_Porter":null,"avg_abv_Porter":null,"max_abv_beer_Porter":null,"max_abv_Porter":null,"best_beer_Fruit":"Archipelago Samui","best_beer_score_Fruit":2.9775,"most_popular_beer_Fruit":"Archipelago Samui","popularity_Fruit":2.0,"n_beers_Fruit":1.0,"avg_abv_Fruit":5.0,"max_abv_beer_Fruit":"Archipelago Samui","max_abv_Fruit":5.0,"best_beer_Roggenbier":null,"best_beer_score_Roggenbier":null,"most_popular_beer_Roggenbier":null,"popularity_Roggenbier":null,"n_beers_Roggenbier":null,"avg_abv_Roggenbier":null,"max_abv_beer_Roggenbier":null,"max_abv_Roggenbier":null,"best_beer_Herb":"Archipelago Explorer","best_beer_score_Herb":3.29,"most_popular_beer_Herb":"Archipelago Explorer","popularity_Herb":2.0,"n_beers_Herb":1.0,"avg_abv_Herb":5.0,"max_abv_beer_Herb":"Archipelago Explorer","max_abv_Herb":5.0,"best_beer_Smoke":null,"best_beer_score_Smoke":null,"most_popular_beer_Smoke":null,"popularity_Smoke":null,"n_beers_Smoke":null,"avg_abv_Smoke":null,"max_abv_beer_Smoke":null,"max_abv_Smoke":null,"best_beer_Barleywine":null,"best_beer_score_Barleywine":null,"most_popular_beer_Barleywine":null,"popularity_Barleywine":null,"n_beers_Barleywine":null,"avg_abv_Barleywine":null,"max_abv_beer_Barleywine":null,"max_abv_Barleywine":null,"best_beer":"Archipelago Belgian Wit","best_beer_score":3.3871428571,"most_popular_beer":"Archipelago Straits Pale","popularity":7.0,"n_beers":9.0,"avg_abv":4.8555555556,"max_abv_beer":"Archipelago Trader's Brown Ale","max_abv":5.8},{"brewery":"AdstraGold MicroBrewery","city":"Singapore","lat":1.28967,"long":103.85007,"best_beer_IPA":null,"best_beer_score_IPA":null,"most_popular_beer_IPA":null,"popularity_IPA":null,"n_beers_IPA":2.0,"avg_abv_IPA":3.5,"max_abv_beer_IPA":"IPA","max_abv_IPA":4.0,"best_beer_Ale":null,"best_beer_score_Ale":null,"most_popular_beer_Ale":null,"popularity_Ale":null,"n_beers_Ale":8.0,"avg_abv_Ale":3.625,"max_abv_beer_Ale":"Dark Ale","max_abv_Ale":4.0,"best_beer_Lager":null,"best_beer_score_Lager":null,"most_popular_beer_Lager":null,"popularity_Lager":null,"n_beers_Lager":null,"avg_abv_Lager":null,"max_abv_beer_Lager":null,"max_abv_Lager":null,"best_beer_Stout":null,"best_beer_score_Stout":null,"most_popular_beer_Stout":null,"popularity_Stout":null,"n_beers_Stout":1.0,"avg_abv_Stout":4.0,"max_abv_beer_Stout":"Roasty Stout","max_abv_Stout":4.0,"best_beer_Pilsner":null,"best_beer_score_Pilsner":null,"most_popular_beer_Pilsner":null,"popularity_Pilsner":null,"n_beers_Pilsner":1.0,"avg_abv_Pilsner":3.0,"max_abv_beer_Pilsner":"Pilsner Premium","max_abv_Pilsner":3.0,"best_beer_Porter":null,"best_beer_score_Porter":null,"most_popular_beer_Porter":null,"popularity_Porter":null,"n_beers_Porter":null,"avg_abv_Porter":null,"max_abv_beer_Porter":null,"max_abv_Porter":null,"best_beer_Fruit":null,"best_beer_score_Fruit":null,"most_popular_beer_Fruit":null,"popularity_Fruit":null,"n_beers_Fruit":null,"avg_abv_Fruit":null,"max_abv_beer_Fruit":null,"max_abv_Fruit":null,"best_beer_Roggenbier":null,"best_beer_score_Roggenbier":null,"most_popular_beer_Roggenbier":null,"popularity_Roggenbier":null,"n_beers_Roggenbier":null,"avg_abv_Roggenbier":null,"max_abv_beer_Roggenbier":null,"max_abv_Roggenbier":null,"best_beer_Herb":null,"best_beer_score_Herb":null,"most_popular_beer_Herb":null,"popularity_Herb":null,"n_beers_Herb":null,"avg_abv_Herb":null,"max_abv_beer_Herb":null,"max_abv_Herb":null,"best_beer_Smoke":null,"best_beer_score_Smoke":null,"most_popular_beer_Smoke":null,"popularity_Smoke":null,"n_beers_Smoke":null,"avg_abv_Smoke":null,"max_abv_beer_Smoke":null,"max_abv_Smoke":null,"best_beer_Barleywine":null,"best_beer_score_Barleywine":null,"most_popular_beer_Barleywine":null,"popularity_Barleywine":null,"n_beers_Barleywine":null,"avg_abv_Barleywine":null,"max_abv_beer_Barleywine":null,"max_abv_Barleywine":null,"best_beer":null,"best_beer_score":null,"most_popular_beer":null,"popularity":null,"n_beers":10.0,"avg_abv":3.6,"max_abv_beer":"Dark Ale","max_abv":4.0},{"brewery":"Hospoda Brewery","city":"Singapore","lat":1.28967,"long":103.85007,"best_beer_IPA":null,"best_beer_score_IPA":null,"most_popular_beer_IPA":null,"popularity_IPA":null,"n_beers_IPA":null,"avg_abv_IPA":null,"max_abv_beer_IPA":null,"max_abv_IPA":null,"best_beer_Ale":null,"best_beer_score_Ale":null,"most_popular_beer_Ale":null,"popularity_Ale":null,"n_beers_Ale":null,"avg_abv_Ale":null,"max_abv_beer_Ale":null,"max_abv_Ale":null,"best_beer_Lager":null,"best_beer_score_Lager":null,"most_popular_beer_Lager":null,"popularity_Lager":null,"n_beers_Lager":null,"avg_abv_Lager":null,"max_abv_beer_Lager":null,"max_abv_Lager":null,"best_beer_Stout":null,"best_beer_score_Stout":null,"most_popular_beer_Stout":null,"popularity_Stout":null,"n_beers_Stout":null,"avg_abv_Stout":null,"max_abv_beer_Stout":null,"max_abv_Stout":null,"best_beer_Pilsner":"Bohemia Pilsner","best_beer_score_Pilsner":2.97,"most_popular_beer_Pilsner":"Bohemia Pilsner","popularity_Pilsner":1.0,"n_beers_Pilsner":1.0,"avg_abv_Pilsner":4.5,"max_abv_beer_Pilsner":"Bohemia Pilsner","max_abv_Pilsner":4.5,"best_beer_Porter":null,"best_beer_score_Porter":null,"most_popular_beer_Porter":null,"popularity_Porter":null,"n_beers_Porter":null,"avg_abv_Porter":null,"max_abv_beer_Porter":null,"max_abv_Porter":null,"best_beer_Fruit":null,"best_beer_score_Fruit":null,"most_popular_beer_Fruit":null,"popularity_Fruit":null,"n_beers_Fruit":null,"avg_abv_Fruit":null,"max_abv_beer_Fruit":null,"max_abv_Fruit":null,"best_beer_Roggenbier":null,"best_beer_score_Roggenbier":null,"most_popular_beer_Roggenbier":null,"popularity_Roggenbier":null,"n_beers_Roggenbier":null,"avg_abv_Roggenbier":null,"max_abv_beer_Roggenbier":null,"max_abv_Roggenbier":null,"best_beer_Herb":null,"best_beer_score_Herb":null,"most_popular_beer_Herb":null,"popularity_Herb":null,"n_beers_Herb":null,"avg_abv_Herb":null,"max_abv_beer_Herb":null,"max_abv_Herb":null,"best_beer_Smoke":null,"best_beer_score_Smoke":null,"most_popular_beer_Smoke":null,"popularity_Smoke":null,"n_beers_Smoke":null,"avg_abv_Smoke":null,"max_abv_beer_Smoke":null,"max_abv_Smoke":null,"best_beer_Barleywine":null,"best_beer_score_Barleywine":null,"most_popular_beer_Barleywine":null,"popularity_Barleywine":null,"n_beers_Barleywine":null,"avg_abv_Barleywine":null,"max_abv_beer_Barleywine":null,"max_abv_Barleywine":null,"best_beer":"Bohemia Dark Beer","best_beer_score":3.01,"most_popular_beer":"Bohemia Pilsner","popularity":1.0,"n_beers":2.0,"avg_abv":4.5,"max_abv_beer":"Bohemia Pilsner","max_abv":4.5},{"brewery":"LeVel 33","city":"Singapore","lat":1.28967,"long":103.85007,"best_beer_IPA":null,"best_beer_score_IPA":null,"most_popular_beer_IPA":null,"popularity_IPA":null,"n_beers_IPA":1.0,"avg_abv_IPA":4.5,"max_abv_beer_IPA":"33.15 India Pale Ale","max_abv_IPA":4.5,"best_beer_Ale":null,"best_beer_score_Ale":null,"most_popular_beer_Ale":null,"popularity_Ale":null,"n_beers_Ale":3.0,"avg_abv_Ale":4.7666666667,"max_abv_beer_Ale":"33.16 Golden Ale","max_abv_Ale":5.5,"best_beer_Lager":null,"best_beer_score_Lager":null,"most_popular_beer_Lager":null,"popularity_Lager":null,"n_beers_Lager":2.0,"avg_abv_Lager":4.35,"max_abv_beer_Lager":"33.1 Blond Lager","max_abv_Lager":4.5,"best_beer_Stout":null,"best_beer_score_Stout":null,"most_popular_beer_Stout":null,"popularity_Stout":null,"n_beers_Stout":1.0,"avg_abv_Stout":4.6,"max_abv_beer_Stout":"33.3 Stout","max_abv_Stout":4.6,"best_beer_Pilsner":null,"best_beer_score_Pilsner":null,"most_popular_beer_Pilsner":null,"popularity_Pilsner":null,"n_beers_Pilsner":1.0,"avg_abv_Pilsner":4.2,"max_abv_beer_Pilsner":"Bohemian Pilsner","max_abv_Pilsner":4.2,"best_beer_Porter":null,"best_beer_score_Porter":null,"most_popular_beer_Porter":null,"popularity_Porter":null,"n_beers_Porter":null,"avg_abv_Porter":null,"max_abv_beer_Porter":null,"max_abv_Porter":null,"best_beer_Fruit":null,"best_beer_score_Fruit":null,"most_popular_beer_Fruit":null,"popularity_Fruit":null,"n_beers_Fruit":null,"avg_abv_Fruit":null,"max_abv_beer_Fruit":null,"max_abv_Fruit":null,"best_beer_Roggenbier":null,"best_beer_score_Roggenbier":null,"most_popular_beer_Roggenbier":null,"popularity_Roggenbier":null,"n_beers_Roggenbier":null,"avg_abv_Roggenbier":null,"max_abv_beer_Roggenbier":null,"max_abv_Roggenbier":null,"best_beer_Herb":null,"best_beer_score_Herb":null,"most_popular_beer_Herb":null,"popularity_Herb":null,"n_beers_Herb":null,"avg_abv_Herb":null,"max_abv_beer_Herb":null,"max_abv_Herb":null,"best_beer_Smoke":null,"best_beer_score_Smoke":null,"most_popular_beer_Smoke":null,"popularity_Smoke":null,"n_beers_Smoke":null,"avg_abv_Smoke":null,"max_abv_beer_Smoke":null,"max_abv_Smoke":null,"best_beer_Barleywine":null,"best_beer_score_Barleywine":null,"most_popular_beer_Barleywine":null,"popularity_Barleywine":null,"n_beers_Barleywine":null,"avg_abv_Barleywine":null,"max_abv_beer_Barleywine":null,"max_abv_Barleywine":null,"best_beer":null,"best_beer_score":null,"most_popular_beer":null,"popularity":null,"n_beers":9.0,"avg_abv":4.6888888889,"max_abv_beer":"33.11 Oaked Bock Beer","max_abv":6.0},{"brewery":"Barefoot Brewing Company (Jungle Beer)","city":"Singapore","lat":1.28967,"long":103.85007,"best_beer_IPA":null,"best_beer_score_IPA":null,"most_popular_beer_IPA":null,"popularity_IPA":null,"n_beers_IPA":null,"avg_abv_IPA":null,"max_abv_beer_IPA":null,"max_abv_IPA":null,"best_beer_Ale":"Lah Belgique","best_beer_score_Ale":3.1333333333,"most_popular_beer_Ale":"Lah Belgique","popularity_Ale":1.0,"n_beers_Ale":1.0,"avg_abv_Ale":5.5,"max_abv_beer_Ale":"Lah Belgique","max_abv_Ale":5.5,"best_beer_Lager":null,"best_beer_score_Lager":null,"most_popular_beer_Lager":null,"popularity_Lager":null,"n_beers_Lager":null,"avg_abv_Lager":null,"max_abv_beer_Lager":null,"max_abv_Lager":null,"best_beer_Stout":"Kiasu Stout","best_beer_score_Stout":3.5,"most_popular_beer_Stout":"Kiasu Stout","popularity_Stout":4.0,"n_beers_Stout":1.0,"avg_abv_Stout":7.0,"max_abv_beer_Stout":"Kiasu Stout","max_abv_Stout":7.0,"best_beer_Pilsner":null,"best_beer_score_Pilsner":null,"most_popular_beer_Pilsner":null,"popularity_Pilsner":null,"n_beers_Pilsner":null,"avg_abv_Pilsner":null,"max_abv_beer_Pilsner":null,"max_abv_Pilsner":null,"best_beer_Porter":null,"best_beer_score_Porter":null,"most_popular_beer_Porter":null,"popularity_Porter":null,"n_beers_Porter":null,"avg_abv_Porter":null,"max_abv_beer_Porter":null,"max_abv_Porter":null,"best_beer_Fruit":"Tropical Wheat - Mango & Orange","best_beer_score_Fruit":3.486,"most_popular_beer_Fruit":"Tropical Wheat - Mango & Orange","popularity_Fruit":3.0,"n_beers_Fruit":1.0,"avg_abv_Fruit":4.3,"max_abv_beer_Fruit":"Tropical Wheat - Mango & Orange","max_abv_Fruit":4.3,"best_beer_Roggenbier":null,"best_beer_score_Roggenbier":null,"most_popular_beer_Roggenbier":null,"popularity_Roggenbier":null,"n_beers_Roggenbier":null,"avg_abv_Roggenbier":null,"max_abv_beer_Roggenbier":null,"max_abv_Roggenbier":null,"best_beer_Herb":null,"best_beer_score_Herb":null,"most_popular_beer_Herb":null,"popularity_Herb":null,"n_beers_Herb":null,"avg_abv_Herb":null,"max_abv_beer_Herb":null,"max_abv_Herb":null,"best_beer_Smoke":null,"best_beer_score_Smoke":null,"most_popular_beer_Smoke":null,"popularity_Smoke":null,"n_beers_Smoke":null,"avg_abv_Smoke":null,"max_abv_beer_Smoke":null,"max_abv_Smoke":null,"best_beer_Barleywine":null,"best_beer_score_Barleywine":null,"most_popular_beer_Barleywine":null,"popularity_Barleywine":null,"n_beers_Barleywine":null,"avg_abv_Barleywine":null,"max_abv_beer_Barleywine":null,"max_abv_Barleywine":null,"best_beer":"Kiasu Stout","best_beer_score":3.5,"most_popular_beer":"Kiasu Stout","popularity":4.0,"n_beers":3.0,"avg_abv":5.6,"max_abv_beer":"Kiasu Stout","max_abv":7.0},{"brewery":"Tawandang Microbrewery","city":"Singapore","lat":1.28967,"long":103.85007,"best_beer_IPA":null,"best_beer_score_IPA":null,"most_popular_beer_IPA":null,"popularity_IPA":null,"n_beers_IPA":null,"avg_abv_IPA":null,"max_abv_beer_IPA":null,"max_abv_IPA":null,"best_beer_Ale":null,"best_beer_score_Ale":null,"most_popular_beer_Ale":null,"popularity_Ale":null,"n_beers_Ale":null,"avg_abv_Ale":null,"max_abv_beer_Ale":null,"max_abv_Ale":null,"best_beer_Lager":null,"best_beer_score_Lager":null,"most_popular_beer_Lager":null,"popularity_Lager":null,"n_beers_Lager":1.0,"avg_abv_Lager":4.5,"max_abv_beer_Lager":"Dunkel Beer","max_abv_Lager":4.5,"best_beer_Stout":null,"best_beer_score_Stout":null,"most_popular_beer_Stout":null,"popularity_Stout":null,"n_beers_Stout":null,"avg_abv_Stout":null,"max_abv_beer_Stout":null,"max_abv_Stout":null,"best_beer_Pilsner":null,"best_beer_score_Pilsner":null,"most_popular_beer_Pilsner":null,"popularity_Pilsner":null,"n_beers_Pilsner":null,"avg_abv_Pilsner":null,"max_abv_beer_Pilsner":null,"max_abv_Pilsner":null,"best_beer_Porter":null,"best_beer_score_Porter":null,"most_popular_beer_Porter":null,"popularity_Porter":null,"n_beers_Porter":null,"avg_abv_Porter":null,"max_abv_beer_Porter":null,"max_abv_Porter":null,"best_beer_Fruit":null,"best_beer_score_Fruit":null,"most_popular_beer_Fruit":null,"popularity_Fruit":null,"n_beers_Fruit":null,"avg_abv_Fruit":null,"max_abv_beer_Fruit":null,"max_abv_Fruit":null,"best_beer_Roggenbier":null,"best_beer_score_Roggenbier":null,"most_popular_beer_Roggenbier":null,"popularity_Roggenbier":null,"n_beers_Roggenbier":null,"avg_abv_Roggenbier":null,"max_abv_beer_Roggenbier":null,"max_abv_Roggenbier":null,"best_beer_Herb":null,"best_beer_score_Herb":null,"most_popular_beer_Herb":null,"popularity_Herb":null,"n_beers_Herb":null,"avg_abv_Herb":null,"max_abv_beer_Herb":null,"max_abv_Herb":null,"best_beer_Smoke":null,"best_beer_score_Smoke":null,"most_popular_beer_Smoke":null,"popularity_Smoke":null,"n_beers_Smoke":null,"avg_abv_Smoke":null,"max_abv_beer_Smoke":null,"max_abv_Smoke":null,"best_beer_Barleywine":null,"best_beer_score_Barleywine":null,"most_popular_beer_Barleywine":null,"popularity_Barleywine":null,"n_beers_Barleywine":null,"avg_abv_Barleywine":null,"max_abv_beer_Barleywine":null,"max_abv_Barleywine":null,"best_beer":null,"best_beer_score":null,"most_popular_beer":null,"popularity":null,"n_beers":3.0,"avg_abv":5.0,"max_abv_beer":"Weizen Beer","max_abv":5.5},{"brewery":"6 Drunk Men","city":"Singapore","lat":1.28967,"long":103.85007,"best_beer_IPA":null,"best_beer_score_IPA":null,"most_popular_beer_IPA":null,"popularity_IPA":null,"n_beers_IPA":null,"avg_abv_IPA":null,"max_abv_beer_IPA":null,"max_abv_IPA":null,"best_beer_Ale":null,"best_beer_score_Ale":null,"most_popular_beer_Ale":null,"popularity_Ale":null,"n_beers_Ale":null,"avg_abv_Ale":null,"max_abv_beer_Ale":null,"max_abv_Ale":null,"best_beer_Lager":"Red Rock","best_beer_score_Lager":2.3566666667,"most_popular_beer_Lager":"Red Rock","popularity_Lager":4.0,"n_beers_Lager":1.0,"avg_abv_Lager":4.8,"max_abv_beer_Lager":"Red Rock","max_abv_Lager":4.8,"best_beer_Stout":null,"best_beer_score_Stout":null,"most_popular_beer_Stout":null,"popularity_Stout":null,"n_beers_Stout":null,"avg_abv_Stout":null,"max_abv_beer_Stout":null,"max_abv_Stout":null,"best_beer_Pilsner":null,"best_beer_score_Pilsner":null,"most_popular_beer_Pilsner":null,"popularity_Pilsner":null,"n_beers_Pilsner":null,"avg_abv_Pilsner":null,"max_abv_beer_Pilsner":null,"max_abv_Pilsner":null,"best_beer_Porter":null,"best_beer_score_Porter":null,"most_popular_beer_Porter":null,"popularity_Porter":null,"n_beers_Porter":null,"avg_abv_Porter":null,"max_abv_beer_Porter":null,"max_abv_Porter":null,"best_beer_Fruit":null,"best_beer_score_Fruit":null,"most_popular_beer_Fruit":null,"popularity_Fruit":null,"n_beers_Fruit":null,"avg_abv_Fruit":null,"max_abv_beer_Fruit":null,"max_abv_Fruit":null,"best_beer_Roggenbier":null,"best_beer_score_Roggenbier":null,"most_popular_beer_Roggenbier":null,"popularity_Roggenbier":null,"n_beers_Roggenbier":null,"avg_abv_Roggenbier":null,"max_abv_beer_Roggenbier":null,"max_abv_Roggenbier":null,"best_beer_Herb":null,"best_beer_score_Herb":null,"most_popular_beer_Herb":null,"popularity_Herb":null,"n_beers_Herb":null,"avg_abv_Herb":null,"max_abv_beer_Herb":null,"max_abv_Herb":null,"best_beer_Smoke":null,"best_beer_score_Smoke":null,"most_popular_beer_Smoke":null,"popularity_Smoke":null,"n_beers_Smoke":null,"avg_abv_Smoke":null,"max_abv_beer_Smoke":null,"max_abv_Smoke":null,"best_beer_Barleywine":null,"best_beer_score_Barleywine":null,"most_popular_beer_Barleywine":null,"popularity_Barleywine":null,"n_beers_Barleywine":null,"avg_abv_Barleywine":null,"max_abv_beer_Barleywine":null,"max_abv_Barleywine":null,"best_beer":"Red Rock","best_beer_score":2.3566666667,"most_popular_beer":"Red Rock","popularity":4.0,"n_beers":1.0,"avg_abv":4.8,"max_abv_beer":"Red Rock","max_abv":4.8},{"brewery":"Harry's - Boat Quay","city":"Singapore","lat":1.28967,"long":103.85007,"best_beer_IPA":null,"best_beer_score_IPA":null,"most_popular_beer_IPA":null,"popularity_IPA":null,"n_beers_IPA":null,"avg_abv_IPA":null,"max_abv_beer_IPA":null,"max_abv_IPA":null,"best_beer_Ale":null,"best_beer_score_Ale":null,"most_popular_beer_Ale":null,"popularity_Ale":null,"n_beers_Ale":null,"avg_abv_Ale":null,"max_abv_beer_Ale":null,"max_abv_Ale":null,"best_beer_Lager":"Harry's Premium Lager (HPL)","best_beer_score_Lager":2.36,"most_popular_beer_Lager":"Harry's Premium Lager (HPL)","popularity_Lager":4.0,"n_beers_Lager":1.0,"avg_abv_Lager":5.0,"max_abv_beer_Lager":"Harry's Premium Lager (HPL)","max_abv_Lager":5.0,"best_beer_Stout":null,"best_beer_score_Stout":null,"most_popular_beer_Stout":null,"popularity_Stout":null,"n_beers_Stout":null,"avg_abv_Stout":null,"max_abv_beer_Stout":null,"max_abv_Stout":null,"best_beer_Pilsner":null,"best_beer_score_Pilsner":null,"most_popular_beer_Pilsner":null,"popularity_Pilsner":null,"n_beers_Pilsner":null,"avg_abv_Pilsner":null,"max_abv_beer_Pilsner":null,"max_abv_Pilsner":null,"best_beer_Porter":null,"best_beer_score_Porter":null,"most_popular_beer_Porter":null,"popularity_Porter":null,"n_beers_Porter":null,"avg_abv_Porter":null,"max_abv_beer_Porter":null,"max_abv_Porter":null,"best_beer_Fruit":null,"best_beer_score_Fruit":null,"most_popular_beer_Fruit":null,"popularity_Fruit":null,"n_beers_Fruit":null,"avg_abv_Fruit":null,"max_abv_beer_Fruit":null,"max_abv_Fruit":null,"best_beer_Roggenbier":null,"best_beer_score_Roggenbier":null,"most_popular_beer_Roggenbier":null,"popularity_Roggenbier":null,"n_beers_Roggenbier":null,"avg_abv_Roggenbier":null,"max_abv_beer_Roggenbier":null,"max_abv_Roggenbier":null,"best_beer_Herb":null,"best_beer_score_Herb":null,"most_popular_beer_Herb":null,"popularity_Herb":null,"n_beers_Herb":null,"avg_abv_Herb":null,"max_abv_beer_Herb":null,"max_abv_Herb":null,"best_beer_Smoke":null,"best_beer_score_Smoke":null,"most_popular_beer_Smoke":null,"popularity_Smoke":null,"n_beers_Smoke":null,"avg_abv_Smoke":null,"max_abv_beer_Smoke":null,"max_abv_Smoke":null,"best_beer_Barleywine":null,"best_beer_score_Barleywine":null,"most_popular_beer_Barleywine":null,"popularity_Barleywine":null,"n_beers_Barleywine":null,"avg_abv_Barleywine":null,"max_abv_beer_Barleywine":null,"max_abv_Barleywine":null,"best_beer":"Harry's Premium Lager (HPL)","best_beer_score":2.36,"most_popular_beer":"Harry's Premium Lager (HPL)","popularity":4.0,"n_beers":1.0,"avg_abv":5.0,"max_abv_beer":"Harry's Premium Lager (HPL)","max_abv":5.0}]