[{"brewery":"Pivovarna in Vinska klet Vizir","city":"\u010crnomelj","lat":45.57111,"long":15.18889,"best_beer_IPA":"Vizir Nori Franc Strong Ale","best_beer_score_IPA":2.91,"most_popular_beer_IPA":"Vizir Nori Franc Strong Ale","popularity_IPA":2.0,"n_beers_IPA":2.0,"avg_abv_IPA":8.0,"max_abv_beer_IPA":"Vizir Nori Franc Strong Ale","max_abv_IPA":10.0,"best_beer_Ale":"Vizir Lucky Luke Sexy Ale","best_beer_score_Ale":3.014,"most_popular_beer_Ale":"Vizir Lucky Luke Sexy Ale","popularity_Ale":3.0,"n_beers_Ale":2.0,"avg_abv_Ale":4.5,"max_abv_beer_Ale":"Vizir Mirko Pale Ale","max_abv_Ale":5.0,"best_beer_Lager":null,"best_beer_score_Lager":null,"most_popular_beer_Lager":null,"popularity_Lager":null,"n_beers_Lager":null,"avg_abv_Lager":null,"max_abv_beer_Lager":null,"max_abv_Lager":null,"best_beer_Stout":"Black Jack","best_beer_score_Stout":2.7833333333,"most_popular_beer_Stout":"Black Jack","popularity_Stout":1.0,"n_beers_Stout":1.0,"avg_abv_Stout":5.0,"max_abv_beer_Stout":"Black Jack","max_abv_Stout":5.0,"best_beer_Pilsner":null,"best_beer_score_Pilsner":null,"most_popular_beer_Pilsner":null,"popularity_Pilsner":null,"n_beers_Pilsner":null,"avg_abv_Pilsner":null,"max_abv_beer_Pilsner":null,"max_abv_Pilsner":null,"best_beer_Porter":null,"best_beer_score_Porter":null,"most_popular_beer_Porter":null,"popularity_Porter":null,"n_beers_Porter":null,"avg_abv_Porter":null,"max_abv_beer_Porter":null,"max_abv_Porter":null,"best_beer_Fruit":"Kostanko Kostanjevo Pivo","best_beer_score_Fruit":2.9066666667,"most_popular_beer_Fruit":"Kostanko Kostanjevo Pivo","popularity_Fruit":1.0,"n_beers_Fruit":1.0,"avg_abv_Fruit":4.5,"max_abv_beer_Fruit":"Kostanko Kostanjevo Pivo","max_abv_Fruit":4.5,"best_beer_Roggenbier":null,"best_beer_score_Roggenbier":null,"most_popular_beer_Roggenbier":null,"popularity_Roggenbier":null,"n_beers_Roggenbier":null,"avg_abv_Roggenbier":null,"max_abv_beer_Roggenbier":null,"max_abv_Roggenbier":null,"best_beer_Herb":"Vizir Meggy Medeno Pivo","best_beer_score_Herb":2.3266666667,"most_popular_beer_Herb":"Vizir Meggy Medeno Pivo","popularity_Herb":1.0,"n_beers_Herb":1.0,"avg_abv_Herb":7.0,"max_abv_beer_Herb":"Vizir Meggy Medeno Pivo","max_abv_Herb":7.0,"best_beer_Smoke":"Vizir Matev\u017e Smoked Ale","best_beer_score_Smoke":2.7233333333,"most_popular_beer_Smoke":"Vizir Matev\u017e Smoked Ale","popularity_Smoke":1.0,"n_beers_Smoke":1.0,"avg_abv_Smoke":5.0,"max_abv_beer_Smoke":"Vizir Matev\u017e Smoked Ale","max_abv_Smoke":5.0,"best_beer_Barleywine":null,"best_beer_score_Barleywine":null,"most_popular_beer_Barleywine":null,"popularity_Barleywine":null,"n_beers_Barleywine":null,"avg_abv_Barleywine":null,"max_abv_beer_Barleywine":null,"max_abv_Barleywine":null,"best_beer":"Vizir Lucky Luke Sexy Ale","best_beer_score":3.014,"most_popular_beer":"Vizir Lucky Luke Sexy Ale","popularity":3.0,"n_beers":9.0,"avg_abv":5.7222222222,"max_abv_beer":"Vizir Nori Franc Strong Ale","max_abv":10.0},{"brewery":"Pivovarna Pelicon","city":"Ajdov\u0161\u010dina","lat":45.88601,"long":13.90946,"best_beer_IPA":"The 3rd Pill","best_beer_score_IPA":3.6558823529,"most_popular_beer_IPA":"The 3rd Pill","popularity_IPA":15.0,"n_beers_IPA":4.0,"avg_abv_IPA":7.8,"max_abv_beer_IPA":"Veliki IPA","max_abv_IPA":10.0,"best_beer_Ale":"Out Of China","best_beer_score_Ale":3.74,"most_popular_beer_Ale":"Out Of China","popularity_Ale":6.0,"n_beers_Ale":4.0,"avg_abv_Ale":4.775,"max_abv_beer_Ale":"Pelicon Summer Ale","max_abv_Ale":5.0,"best_beer_Lager":null,"best_beer_score_Lager":null,"most_popular_beer_Lager":null,"popularity_Lager":null,"n_beers_Lager":null,"avg_abv_Lager":null,"max_abv_beer_Lager":null,"max_abv_Lager":null,"best_beer_Stout":"Stout","best_beer_score_Stout":3.2028571429,"most_popular_beer_Stout":"Stout","popularity_Stout":5.0,"n_beers_Stout":3.0,"avg_abv_Stout":6.3333333333,"max_abv_beer_Stout":"Imperial Coffee Stout","max_abv_Stout":8.0,"best_beer_Pilsner":null,"best_beer_score_Pilsner":null,"most_popular_beer_Pilsner":null,"popularity_Pilsner":null,"n_beers_Pilsner":null,"avg_abv_Pilsner":null,"max_abv_beer_Pilsner":null,"max_abv_Pilsner":null,"best_beer_Porter":null,"best_beer_score_Porter":null,"most_popular_beer_Porter":null,"popularity_Porter":null,"n_beers_Porter":null,"avg_abv_Porter":null,"max_abv_beer_Porter":null,"max_abv_Porter":null,"best_beer_Fruit":null,"best_beer_score_Fruit":null,"most_popular_beer_Fruit":null,"popularity_Fruit":null,"n_beers_Fruit":null,"avg_abv_Fruit":null,"max_abv_beer_Fruit":null,"max_abv_Fruit":null,"best_beer_Roggenbier":null,"best_beer_score_Roggenbier":null,"most_popular_beer_Roggenbier":null,"popularity_Roggenbier":null,"n_beers_Roggenbier":null,"avg_abv_Roggenbier":null,"max_abv_beer_Roggenbier":null,"max_abv_Roggenbier":null,"best_beer_Herb":null,"best_beer_score_Herb":null,"most_popular_beer_Herb":null,"popularity_Herb":null,"n_beers_Herb":1.0,"avg_abv_Herb":5.6,"max_abv_beer_Herb":"Svetlo","max_abv_Herb":5.6,"best_beer_Smoke":null,"best_beer_score_Smoke":null,"most_popular_beer_Smoke":null,"popularity_Smoke":null,"n_beers_Smoke":null,"avg_abv_Smoke":null,"max_abv_beer_Smoke":null,"max_abv_Smoke":null,"best_beer_Barleywine":null,"best_beer_score_Barleywine":null,"most_popular_beer_Barleywine":null,"popularity_Barleywine":null,"n_beers_Barleywine":null,"avg_abv_Barleywine":null,"max_abv_beer_Barleywine":null,"max_abv_Barleywine":null,"best_beer":"Out Of China","best_beer_score":3.74,"most_popular_beer":"The 3rd Pill","popularity":15.0,"n_beers":12.0,"avg_abv":6.2416666667,"max_abv_beer":"Veliki IPA","max_abv":10.0},{"brewery":"Pivovarna Mali Grad","city":"Kamnik","lat":46.22587,"long":14.61207,"best_beer_IPA":"Mali Grad India Pale Ale","best_beer_score_IPA":2.82,"most_popular_beer_IPA":"Mali Grad India Pale Ale","popularity_IPA":1.0,"n_beers_IPA":1.0,"avg_abv_IPA":6.5,"max_abv_beer_IPA":"Mali Grad India Pale Ale","max_abv_IPA":6.5,"best_beer_Ale":"108 Minut Gravitacije","best_beer_score_Ale":2.5266666667,"most_popular_beer_Ale":"108 Minut Gravitacije","popularity_Ale":1.0,"n_beers_Ale":1.0,"avg_abv_Ale":5.4,"max_abv_beer_Ale":"108 Minut Gravitacije","max_abv_Ale":5.4,"best_beer_Lager":null,"best_beer_score_Lager":null,"most_popular_beer_Lager":null,"popularity_Lager":null,"n_beers_Lager":null,"avg_abv_Lager":null,"max_abv_beer_Lager":null,"max_abv_Lager":null,"best_beer_Stout":null,"best_beer_score_Stout":null,"most_popular_beer_Stout":null,"popularity_Stout":null,"n_beers_Stout":null,"avg_abv_Stout":null,"max_abv_beer_Stout":null,"max_abv_Stout":null,"best_beer_Pilsner":null,"best_beer_score_Pilsner":null,"most_popular_beer_Pilsner":null,"popularity_Pilsner":null,"n_beers_Pilsner":null,"avg_abv_Pilsner":null,"max_abv_beer_Pilsner":null,"max_abv_Pilsner":null,"best_beer_Porter":"Robust Porter","best_beer_score_Porter":2.935,"most_popular_beer_Porter":"Robust Porter","popularity_Porter":2.0,"n_beers_Porter":1.0,"avg_abv_Porter":5.8,"max_abv_beer_Porter":"Robust Porter","max_abv_Porter":5.8,"best_beer_Fruit":null,"best_beer_score_Fruit":null,"most_popular_beer_Fruit":null,"popularity_Fruit":null,"n_beers_Fruit":null,"avg_abv_Fruit":null,"max_abv_beer_Fruit":null,"max_abv_Fruit":null,"best_beer_Roggenbier":null,"best_beer_score_Roggenbier":null,"most_popular_beer_Roggenbier":null,"popularity_Roggenbier":null,"n_beers_Roggenbier":null,"avg_abv_Roggenbier":null,"max_abv_beer_Roggenbier":null,"max_abv_Roggenbier":null,"best_beer_Herb":null,"best_beer_score_Herb":null,"most_popular_beer_Herb":null,"popularity_Herb":null,"n_beers_Herb":null,"avg_abv_Herb":null,"max_abv_beer_Herb":null,"max_abv_Herb":null,"best_beer_Smoke":null,"best_beer_score_Smoke":null,"most_popular_beer_Smoke":null,"popularity_Smoke":null,"n_beers_Smoke":null,"avg_abv_Smoke":null,"max_abv_beer_Smoke":null,"max_abv_Smoke":null,"best_beer_Barleywine":null,"best_beer_score_Barleywine":null,"most_popular_beer_Barleywine":null,"popularity_Barleywine":null,"n_beers_Barleywine":null,"avg_abv_Barleywine":null,"max_abv_beer_Barleywine":null,"max_abv_Barleywine":null,"best_beer":"Robust Porter","best_beer_score":2.935,"most_popular_beer":"Robust Porter","popularity":2.0,"n_beers":3.0,"avg_abv":5.9,"max_abv_beer":"Mali Grad India Pale Ale","max_abv":6.5},{"brewery":"Carniola Brewery","city":"Ljubljana","lat":46.05108,"long":14.50513,"best_beer_IPA":"Carniola Hop Head","best_beer_score_IPA":2.89,"most_popular_beer_IPA":"Carniola Hop Head","popularity_IPA":2.0,"n_beers_IPA":1.0,"avg_abv_IPA":6.7,"max_abv_beer_IPA":"Carniola Hop Head","max_abv_IPA":6.7,"best_beer_Ale":"Carniola Brown Ale","best_beer_score_Ale":2.7866666667,"most_popular_beer_Ale":"Carniola Brown Ale","popularity_Ale":1.0,"n_beers_Ale":1.0,"avg_abv_Ale":4.5,"max_abv_beer_Ale":"Carniola Brown Ale","max_abv_Ale":4.5,"best_beer_Lager":null,"best_beer_score_Lager":null,"most_popular_beer_Lager":null,"popularity_Lager":null,"n_beers_Lager":null,"avg_abv_Lager":null,"max_abv_beer_Lager":null,"max_abv_Lager":null,"best_beer_Stout":"Carniola Stout","best_beer_score_Stout":3.0966666667,"most_popular_beer_Stout":"Carniola Stout","popularity_Stout":4.0,"n_beers_Stout":1.0,"avg_abv_Stout":5.5,"max_abv_beer_Stout":"Carniola Stout","max_abv_Stout":5.5,"best_beer_Pilsner":null,"best_beer_score_Pilsner":null,"most_popular_beer_Pilsner":null,"popularity_Pilsner":null,"n_beers_Pilsner":null,"avg_abv_Pilsner":null,"max_abv_beer_Pilsner":null,"max_abv_Pilsner":null,"best_beer_Porter":"Carniola Winter Giant","best_beer_score_Porter":2.95,"most_popular_beer_Porter":"Carniola Winter Giant","popularity_Porter":3.0,"n_beers_Porter":2.0,"avg_abv_Porter":6.05,"max_abv_beer_Porter":"Carniola IMP","max_abv_Porter":6.5,"best_beer_Fruit":null,"best_beer_score_Fruit":null,"most_popular_beer_Fruit":null,"popularity_Fruit":null,"n_beers_Fruit":null,"avg_abv_Fruit":null,"max_abv_beer_Fruit":null,"max_abv_Fruit":null,"best_beer_Roggenbier":null,"best_beer_score_Roggenbier":null,"most_popular_beer_Roggenbier":null,"popularity_Roggenbier":null,"n_beers_Roggenbier":null,"avg_abv_Roggenbier":null,"max_abv_beer_Roggenbier":null,"max_abv_Roggenbier":null,"best_beer_Herb":null,"best_beer_score_Herb":null,"most_popular_beer_Herb":null,"popularity_Herb":null,"n_beers_Herb":null,"avg_abv_Herb":null,"max_abv_beer_Herb":null,"max_abv_Herb":null,"best_beer_Smoke":null,"best_beer_score_Smoke":null,"most_popular_beer_Smoke":null,"popularity_Smoke":null,"n_beers_Smoke":null,"avg_abv_Smoke":null,"max_abv_beer_Smoke":null,"max_abv_Smoke":null,"best_beer_Barleywine":null,"best_beer_score_Barleywine":null,"most_popular_beer_Barleywine":null,"popularity_Barleywine":null,"n_beers_Barleywine":null,"avg_abv_Barleywine":null,"max_abv_beer_Barleywine":null,"max_abv_Barleywine":null,"best_beer":"Carniola Stout","best_beer_score":3.0966666667,"most_popular_beer":"Carniola Stout","popularity":4.0,"n_beers":6.0,"avg_abv":5.6666666667,"max_abv_beer":"Carniola Hop Head","max_abv":6.7},{"brewery":"Pivovarna Hopsbrew","city":"Dom\u017eale","lat":46.13774,"long":14.59371,"best_beer_IPA":"5 O'Clock IPA","best_beer_score_IPA":2.8666666667,"most_popular_beer_IPA":"5 O'Clock IPA","popularity_IPA":1.0,"n_beers_IPA":2.0,"avg_abv_IPA":5.25,"max_abv_beer_IPA":"IPA","max_abv_IPA":6.0,"best_beer_Ale":null,"best_beer_score_Ale":null,"most_popular_beer_Ale":null,"popularity_Ale":null,"n_beers_Ale":2.0,"avg_abv_Ale":5.4,"max_abv_beer_Ale":"Hoppy Brown Ale","max_abv_Ale":6.0,"best_beer_Lager":null,"best_beer_score_Lager":null,"most_popular_beer_Lager":null,"popularity_Lager":null,"n_beers_Lager":null,"avg_abv_Lager":null,"max_abv_beer_Lager":null,"max_abv_Lager":null,"best_beer_Stout":null,"best_beer_score_Stout":null,"most_popular_beer_Stout":null,"popularity_Stout":null,"n_beers_Stout":null,"avg_abv_Stout":null,"max_abv_beer_Stout":null,"max_abv_Stout":null,"best_beer_Pilsner":null,"best_beer_score_Pilsner":null,"most_popular_beer_Pilsner":null,"popularity_Pilsner":null,"n_beers_Pilsner":null,"avg_abv_Pilsner":null,"max_abv_beer_Pilsner":null,"max_abv_Pilsner":null,"best_beer_Porter":null,"best_beer_score_Porter":null,"most_popular_beer_Porter":null,"popularity_Porter":null,"n_beers_Porter":1.0,"avg_abv_Porter":6.0,"max_abv_beer_Porter":"Porter","max_abv_Porter":6.0,"best_beer_Fruit":null,"best_beer_score_Fruit":null,"most_popular_beer_Fruit":null,"popularity_Fruit":null,"n_beers_Fruit":null,"avg_abv_Fruit":null,"max_abv_beer_Fruit":null,"max_abv_Fruit":null,"best_beer_Roggenbier":null,"best_beer_score_Roggenbier":null,"most_popular_beer_Roggenbier":null,"popularity_Roggenbier":null,"n_beers_Roggenbier":null,"avg_abv_Roggenbier":null,"max_abv_beer_Roggenbier":null,"max_abv_Roggenbier":null,"best_beer_Herb":null,"best_beer_score_Herb":null,"most_popular_beer_Herb":null,"popularity_Herb":null,"n_beers_Herb":null,"avg_abv_Herb":null,"max_abv_beer_Herb":null,"max_abv_Herb":null,"best_beer_Smoke":null,"best_beer_score_Smoke":null,"most_popular_beer_Smoke":null,"popularity_Smoke":null,"n_beers_Smoke":null,"avg_abv_Smoke":null,"max_abv_beer_Smoke":null,"max_abv_Smoke":null,"best_beer_Barleywine":null,"best_beer_score_Barleywine":null,"most_popular_beer_Barleywine":null,"popularity_Barleywine":null,"n_beers_Barleywine":null,"avg_abv_Barleywine":null,"max_abv_beer_Barleywine":null,"max_abv_Barleywine":null,"best_beer":"5 O'Clock IPA","best_beer_score":2.8666666667,"most_popular_beer":"5 O'Clock IPA","popularity":1.0,"n_beers":5.0,"avg_abv":5.46,"max_abv_beer":"Porter","max_abv":6.0},{"brewery":"Pivovarna Union","city":"Ljubljana","lat":46.05108,"long":14.50513,"best_beer_IPA":null,"best_beer_score_IPA":null,"most_popular_beer_IPA":null,"popularity_IPA":null,"n_beers_IPA":null,"avg_abv_IPA":null,"max_abv_beer_IPA":null,"max_abv_IPA":null,"best_beer_Ale":"Amber","best_beer_score_Ale":3.138,"most_popular_beer_Ale":"Amber","popularity_Ale":3.0,"n_beers_Ale":1.0,"avg_abv_Ale":5.4,"max_abv_beer_Ale":"Amber","max_abv_Ale":5.4,"best_beer_Lager":"Union Temno Pivo","best_beer_score_Lager":3.3890909091,"most_popular_beer_Lager":"Union","popularity_Lager":56.0,"n_beers_Lager":10.0,"avg_abv_Lager":5.54,"max_abv_beer_Lager":"Union Triglav","max_abv_Lager":9.0,"best_beer_Stout":null,"best_beer_score_Stout":null,"most_popular_beer_Stout":null,"popularity_Stout":null,"n_beers_Stout":null,"avg_abv_Stout":null,"max_abv_beer_Stout":null,"max_abv_Stout":null,"best_beer_Pilsner":"Viktor Pilsener Export","best_beer_score_Pilsner":2.454,"most_popular_beer_Pilsner":"Viktor Pilsener Export","popularity_Pilsner":3.0,"n_beers_Pilsner":2.0,"avg_abv_Pilsner":5.0,"max_abv_beer_Pilsner":"Le\u017eak","max_abv_Pilsner":6.0,"best_beer_Porter":null,"best_beer_score_Porter":null,"most_popular_beer_Porter":null,"popularity_Porter":null,"n_beers_Porter":null,"avg_abv_Porter":null,"max_abv_beer_Porter":null,"max_abv_Porter":null,"best_beer_Fruit":"Union Radler Grapefruit","best_beer_score_Fruit":2.811875,"most_popular_beer_Fruit":"Union Radler Grapefruit","popularity_Fruit":14.0,"n_beers_Fruit":3.0,"avg_abv_Fruit":2.5,"max_abv_beer_Fruit":"Union Radler Grapefruit","max_abv_Fruit":2.5,"best_beer_Roggenbier":null,"best_beer_score_Roggenbier":null,"most_popular_beer_Roggenbier":null,"popularity_Roggenbier":null,"n_beers_Roggenbier":null,"avg_abv_Roggenbier":null,"max_abv_beer_Roggenbier":null,"max_abv_Roggenbier":null,"best_beer_Herb":null,"best_beer_score_Herb":null,"most_popular_beer_Herb":null,"popularity_Herb":null,"n_beers_Herb":null,"avg_abv_Herb":null,"max_abv_beer_Herb":null,"max_abv_Herb":null,"best_beer_Smoke":null,"best_beer_score_Smoke":null,"most_popular_beer_Smoke":null,"popularity_Smoke":null,"n_beers_Smoke":null,"avg_abv_Smoke":null,"max_abv_beer_Smoke":null,"max_abv_Smoke":null,"best_beer_Barleywine":null,"best_beer_score_Barleywine":null,"most_popular_beer_Barleywine":null,"popularity_Barleywine":null,"n_beers_Barleywine":null,"avg_abv_Barleywine":null,"max_abv_beer_Barleywine":null,"max_abv_Barleywine":null,"best_beer":"Union Temno Pivo","best_beer_score":3.3890909091,"most_popular_beer":"Union","popularity":56.0,"n_beers":18.0,"avg_abv":5.0111111111,"max_abv_beer":"Union Triglav","max_abv":9.0},{"brewery":"Pivovarna La\u0161ko","city":"La\u0161ko","lat":46.15463,"long":15.23555,"best_beer_IPA":null,"best_beer_score_IPA":null,"most_popular_beer_IPA":null,"popularity_IPA":null,"n_beers_IPA":null,"avg_abv_IPA":null,"max_abv_beer_IPA":null,"max_abv_IPA":null,"best_beer_Ale":null,"best_beer_score_Ale":null,"most_popular_beer_Ale":null,"popularity_Ale":null,"n_beers_Ale":null,"avg_abv_Ale":null,"max_abv_beer_Ale":null,"max_abv_Ale":null,"best_beer_Lager":"Temno Lasko","best_beer_score_Lager":3.4461538462,"most_popular_beer_Lager":"La\u0161ko Club","popularity_Lager":107.0,"n_beers_Lager":17.0,"avg_abv_Lager":4.5294117647,"max_abv_beer_Lager":"La\u0161ko Jubilejnik","max_abv_Lager":6.0,"best_beer_Stout":null,"best_beer_score_Stout":null,"most_popular_beer_Stout":null,"popularity_Stout":null,"n_beers_Stout":null,"avg_abv_Stout":null,"max_abv_beer_Stout":null,"max_abv_Stout":null,"best_beer_Pilsner":"Zlatorog","best_beer_score_Pilsner":3.0709708738,"most_popular_beer_Pilsner":"Zlatorog","popularity_Pilsner":101.0,"n_beers_Pilsner":2.0,"avg_abv_Pilsner":4.45,"max_abv_beer_Pilsner":"Zlatorog","max_abv_Pilsner":4.9,"best_beer_Porter":null,"best_beer_score_Porter":null,"most_popular_beer_Porter":null,"popularity_Porter":null,"n_beers_Porter":null,"avg_abv_Porter":null,"max_abv_beer_Porter":null,"max_abv_Porter":null,"best_beer_Fruit":"La\u0161ko Lemon & Lime","best_beer_score_Fruit":2.6233333333,"most_popular_beer_Fruit":"La\u0161ko Bandidos Ice","popularity_Fruit":4.0,"n_beers_Fruit":2.0,"avg_abv_Fruit":3.0,"max_abv_beer_Fruit":"La\u0161ko Bandidos Ice","max_abv_Fruit":4.0,"best_beer_Roggenbier":null,"best_beer_score_Roggenbier":null,"most_popular_beer_Roggenbier":null,"popularity_Roggenbier":null,"n_beers_Roggenbier":null,"avg_abv_Roggenbier":null,"max_abv_beer_Roggenbier":null,"max_abv_Roggenbier":null,"best_beer_Herb":"Hyhemp","best_beer_score_Herb":2.3333333333,"most_popular_beer_Herb":"Hyhemp","popularity_Herb":1.0,"n_beers_Herb":1.0,"avg_abv_Herb":4.9,"max_abv_beer_Herb":"Hyhemp","max_abv_Herb":4.9,"best_beer_Smoke":null,"best_beer_score_Smoke":null,"most_popular_beer_Smoke":null,"popularity_Smoke":null,"n_beers_Smoke":null,"avg_abv_Smoke":null,"max_abv_beer_Smoke":null,"max_abv_Smoke":null,"best_beer_Barleywine":null,"best_beer_score_Barleywine":null,"most_popular_beer_Barleywine":null,"popularity_Barleywine":null,"n_beers_Barleywine":null,"avg_abv_Barleywine":null,"max_abv_beer_Barleywine":null,"max_abv_Barleywine":null,"best_beer":"Temno Lasko","best_beer_score":3.4461538462,"most_popular_beer":"La\u0161ko Club","popularity":107.0,"n_beers":28.0,"avg_abv":4.9178571429,"max_abv_beer":"La\u0161ko Special Striptis","max_abv":8.3},{"brewery":"Tektonik Kraft Pivovarna","city":"Ljubljana","lat":46.05108,"long":14.50513,"best_beer_IPA":"Dizzy","best_beer_score_IPA":3.1583333333,"most_popular_beer_IPA":"Dizzy","popularity_IPA":4.0,"n_beers_IPA":2.0,"avg_abv_IPA":6.3,"max_abv_beer_IPA":"Iggy","max_abv_IPA":6.5,"best_beer_Ale":"Nor Mal \u00d6lstar","best_beer_score_Ale":2.9466666667,"most_popular_beer_Ale":"Zethor","popularity_Ale":1.0,"n_beers_Ale":5.0,"avg_abv_Ale":5.54,"max_abv_beer_Ale":"Iggy","max_abv_Ale":6.5,"best_beer_Lager":null,"best_beer_score_Lager":null,"most_popular_beer_Lager":null,"popularity_Lager":null,"n_beers_Lager":null,"avg_abv_Lager":null,"max_abv_beer_Lager":null,"max_abv_Lager":null,"best_beer_Stout":null,"best_beer_score_Stout":null,"most_popular_beer_Stout":null,"popularity_Stout":null,"n_beers_Stout":null,"avg_abv_Stout":null,"max_abv_beer_Stout":null,"max_abv_Stout":null,"best_beer_Pilsner":null,"best_beer_score_Pilsner":null,"most_popular_beer_Pilsner":null,"popularity_Pilsner":null,"n_beers_Pilsner":null,"avg_abv_Pilsner":null,"max_abv_beer_Pilsner":null,"max_abv_Pilsner":null,"best_beer_Porter":null,"best_beer_score_Porter":null,"most_popular_beer_Porter":null,"popularity_Porter":null,"n_beers_Porter":null,"avg_abv_Porter":null,"max_abv_beer_Porter":null,"max_abv_Porter":null,"best_beer_Fruit":null,"best_beer_score_Fruit":null,"most_popular_beer_Fruit":null,"popularity_Fruit":null,"n_beers_Fruit":null,"avg_abv_Fruit":null,"max_abv_beer_Fruit":null,"max_abv_Fruit":null,"best_beer_Roggenbier":null,"best_beer_score_Roggenbier":null,"most_popular_beer_Roggenbier":null,"popularity_Roggenbier":null,"n_beers_Roggenbier":null,"avg_abv_Roggenbier":null,"max_abv_beer_Roggenbier":null,"max_abv_Roggenbier":null,"best_beer_Herb":null,"best_beer_score_Herb":null,"most_popular_beer_Herb":null,"popularity_Herb":null,"n_beers_Herb":null,"avg_abv_Herb":null,"max_abv_beer_Herb":null,"max_abv_Herb":null,"best_beer_Smoke":null,"best_beer_score_Smoke":null,"most_popular_beer_Smoke":null,"popularity_Smoke":null,"n_beers_Smoke":null,"avg_abv_Smoke":null,"max_abv_beer_Smoke":null,"max_abv_Smoke":null,"best_beer_Barleywine":null,"best_beer_score_Barleywine":null,"most_popular_beer_Barleywine":null,"popularity_Barleywine":null,"n_beers_Barleywine":null,"avg_abv_Barleywine":null,"max_abv_beer_Barleywine":null,"max_abv_Barleywine":null,"best_beer":"Dizzy","best_beer_score":3.1583333333,"most_popular_beer":"Dizzy","popularity":4.0,"n_beers":7.0,"avg_abv":5.6714285714,"max_abv_beer":"Iggy","max_abv":6.5},{"brewery":"Reservoir Dogs Brewery","city":"Nova Gorica","lat":45.95604,"long":13.64837,"best_beer_IPA":"Grim Reaper IPA","best_beer_score_IPA":3.76,"most_popular_beer_IPA":"Grim Reaper IPA","popularity_IPA":11.0,"n_beers_IPA":1.0,"avg_abv_IPA":7.7,"max_abv_beer_IPA":"Grim Reaper IPA","max_abv_IPA":7.7,"best_beer_Ale":"Starvation","best_beer_score_Ale":3.4875,"most_popular_beer_Ale":"Starvation","popularity_Ale":6.0,"n_beers_Ale":3.0,"avg_abv_Ale":6.1333333333,"max_abv_beer_Ale":"Starvation","max_abv_Ale":8.0,"best_beer_Lager":null,"best_beer_score_Lager":null,"most_popular_beer_Lager":null,"popularity_Lager":null,"n_beers_Lager":null,"avg_abv_Lager":null,"max_abv_beer_Lager":null,"max_abv_Lager":null,"best_beer_Stout":null,"best_beer_score_Stout":null,"most_popular_beer_Stout":null,"popularity_Stout":null,"n_beers_Stout":null,"avg_abv_Stout":null,"max_abv_beer_Stout":null,"max_abv_Stout":null,"best_beer_Pilsner":null,"best_beer_score_Pilsner":null,"most_popular_beer_Pilsner":null,"popularity_Pilsner":null,"n_beers_Pilsner":null,"avg_abv_Pilsner":null,"max_abv_beer_Pilsner":null,"max_abv_Pilsner":null,"best_beer_Porter":null,"best_beer_score_Porter":null,"most_popular_beer_Porter":null,"popularity_Porter":null,"n_beers_Porter":null,"avg_abv_Porter":null,"max_abv_beer_Porter":null,"max_abv_Porter":null,"best_beer_Fruit":null,"best_beer_score_Fruit":null,"most_popular_beer_Fruit":null,"popularity_Fruit":null,"n_beers_Fruit":null,"avg_abv_Fruit":null,"max_abv_beer_Fruit":null,"max_abv_Fruit":null,"best_beer_Roggenbier":null,"best_beer_score_Roggenbier":null,"most_popular_beer_Roggenbier":null,"popularity_Roggenbier":null,"n_beers_Roggenbier":null,"avg_abv_Roggenbier":null,"max_abv_beer_Roggenbier":null,"max_abv_Roggenbier":null,"best_beer_Herb":null,"best_beer_score_Herb":null,"most_popular_beer_Herb":null,"popularity_Herb":null,"n_beers_Herb":null,"avg_abv_Herb":null,"max_abv_beer_Herb":null,"max_abv_Herb":null,"best_beer_Smoke":null,"best_beer_score_Smoke":null,"most_popular_beer_Smoke":null,"popularity_Smoke":null,"n_beers_Smoke":null,"avg_abv_Smoke":null,"max_abv_beer_Smoke":null,"max_abv_Smoke":null,"best_beer_Barleywine":null,"best_beer_score_Barleywine":null,"most_popular_beer_Barleywine":null,"popularity_Barleywine":null,"n_beers_Barleywine":null,"avg_abv_Barleywine":null,"max_abv_beer_Barleywine":null,"max_abv_Barleywine":null,"best_beer":"Grim Reaper IPA","best_beer_score":3.76,"most_popular_beer":"Grim Reaper IPA","popularity":11.0,"n_beers":4.0,"avg_abv":6.525,"max_abv_beer":"Starvation","max_abv":8.0},{"brewery":"Pivovarna Kratochwill","city":"Ljubljana","lat":46.05108,"long":14.50513,"best_beer_IPA":null,"best_beer_score_IPA":null,"most_popular_beer_IPA":null,"popularity_IPA":null,"n_beers_IPA":null,"avg_abv_IPA":null,"max_abv_beer_IPA":null,"max_abv_IPA":null,"best_beer_Ale":null,"best_beer_score_Ale":null,"most_popular_beer_Ale":null,"popularity_Ale":null,"n_beers_Ale":null,"avg_abv_Ale":null,"max_abv_beer_Ale":null,"max_abv_Ale":null,"best_beer_Lager":null,"best_beer_score_Lager":null,"most_popular_beer_Lager":null,"popularity_Lager":null,"n_beers_Lager":null,"avg_abv_Lager":null,"max_abv_beer_Lager":null,"max_abv_Lager":null,"best_beer_Stout":null,"best_beer_score_Stout":null,"most_popular_beer_Stout":null,"popularity_Stout":null,"n_beers_Stout":null,"avg_abv_Stout":null,"max_abv_beer_Stout":null,"max_abv_Stout":null,"best_beer_Pilsner":"Kratochwill Svetlo Pivo","best_beer_score_Pilsner":2.91,"most_popular_beer_Pilsner":"Kratochwill Svetlo Pivo","popularity_Pilsner":5.0,"n_beers_Pilsner":2.0,"avg_abv_Pilsner":5.15,"max_abv_beer_Pilsner":"Kratochwill Medeno Pivo","max_abv_Pilsner":5.8,"best_beer_Porter":"Kratochwill Temno Pivo","best_beer_score_Porter":3.0,"most_popular_beer_Porter":"Kratochwill Temno Pivo","popularity_Porter":3.0,"n_beers_Porter":1.0,"avg_abv_Porter":7.9,"max_abv_beer_Porter":"Kratochwill Temno Pivo","max_abv_Porter":7.9,"best_beer_Fruit":null,"best_beer_score_Fruit":null,"most_popular_beer_Fruit":null,"popularity_Fruit":null,"n_beers_Fruit":null,"avg_abv_Fruit":null,"max_abv_beer_Fruit":null,"max_abv_Fruit":null,"best_beer_Roggenbier":null,"best_beer_score_Roggenbier":null,"most_popular_beer_Roggenbier":null,"popularity_Roggenbier":null,"n_beers_Roggenbier":null,"avg_abv_Roggenbier":null,"max_abv_beer_Roggenbier":null,"max_abv_Roggenbier":null,"best_beer_Herb":null,"best_beer_score_Herb":null,"most_popular_beer_Herb":null,"popularity_Herb":null,"n_beers_Herb":null,"avg_abv_Herb":null,"max_abv_beer_Herb":null,"max_abv_Herb":null,"best_beer_Smoke":null,"best_beer_score_Smoke":null,"most_popular_beer_Smoke":null,"popularity_Smoke":null,"n_beers_Smoke":null,"avg_abv_Smoke":null,"max_abv_beer_Smoke":null,"max_abv_Smoke":null,"best_beer_Barleywine":null,"best_beer_score_Barleywine":null,"most_popular_beer_Barleywine":null,"popularity_Barleywine":null,"n_beers_Barleywine":null,"avg_abv_Barleywine":null,"max_abv_beer_Barleywine":null,"max_abv_Barleywine":null,"best_beer":"Kratochwill Temno Pivo","best_beer_score":3.0,"most_popular_beer":"Kratochwill Svetlo Pivo","popularity":5.0,"n_beers":3.0,"avg_abv":6.0666666667,"max_abv_beer":"Kratochwill Temno Pivo","max_abv":7.9},{"brewery":"Human Fish Brewery","city":"Vrhnika","lat":45.9635,"long":14.29484,"best_beer_IPA":"SIPA","best_beer_score_IPA":3.265,"most_popular_beer_IPA":"SIPA","popularity_IPA":6.0,"n_beers_IPA":3.0,"avg_abv_IPA":6.1,"max_abv_beer_IPA":"HumanFish Mudpuppy","max_abv_IPA":7.7,"best_beer_Ale":"Pale Ale","best_beer_score_Ale":2.788,"most_popular_beer_Ale":"Pale Ale","popularity_Ale":3.0,"n_beers_Ale":1.0,"avg_abv_Ale":4.5,"max_abv_beer_Ale":"Pale Ale","max_abv_Ale":4.5,"best_beer_Lager":null,"best_beer_score_Lager":null,"most_popular_beer_Lager":null,"popularity_Lager":null,"n_beers_Lager":null,"avg_abv_Lager":null,"max_abv_beer_Lager":null,"max_abv_Lager":null,"best_beer_Stout":"Russian Imperial Stout","best_beer_score_Stout":3.3725,"most_popular_beer_Stout":"Russian Imperial Stout","popularity_Stout":2.0,"n_beers_Stout":2.0,"avg_abv_Stout":6.35,"max_abv_beer_Stout":"Russian Imperial Stout","max_abv_Stout":8.2,"best_beer_Pilsner":null,"best_beer_score_Pilsner":null,"most_popular_beer_Pilsner":null,"popularity_Pilsner":null,"n_beers_Pilsner":null,"avg_abv_Pilsner":null,"max_abv_beer_Pilsner":null,"max_abv_Pilsner":null,"best_beer_Porter":null,"best_beer_score_Porter":null,"most_popular_beer_Porter":null,"popularity_Porter":null,"n_beers_Porter":null,"avg_abv_Porter":null,"max_abv_beer_Porter":null,"max_abv_Porter":null,"best_beer_Fruit":null,"best_beer_score_Fruit":null,"most_popular_beer_Fruit":null,"popularity_Fruit":null,"n_beers_Fruit":null,"avg_abv_Fruit":null,"max_abv_beer_Fruit":null,"max_abv_Fruit":null,"best_beer_Roggenbier":null,"best_beer_score_Roggenbier":null,"most_popular_beer_Roggenbier":null,"popularity_Roggenbier":null,"n_beers_Roggenbier":null,"avg_abv_Roggenbier":null,"max_abv_beer_Roggenbier":null,"max_abv_Roggenbier":null,"best_beer_Herb":null,"best_beer_score_Herb":null,"most_popular_beer_Herb":null,"popularity_Herb":null,"n_beers_Herb":null,"avg_abv_Herb":null,"max_abv_beer_Herb":null,"max_abv_Herb":null,"best_beer_Smoke":null,"best_beer_score_Smoke":null,"most_popular_beer_Smoke":null,"popularity_Smoke":null,"n_beers_Smoke":null,"avg_abv_Smoke":null,"max_abv_beer_Smoke":null,"max_abv_Smoke":null,"best_beer_Barleywine":null,"best_beer_score_Barleywine":null,"most_popular_beer_Barleywine":null,"popularity_Barleywine":null,"n_beers_Barleywine":null,"avg_abv_Barleywine":null,"max_abv_beer_Barleywine":null,"max_abv_Barleywine":null,"best_beer":"Russian Imperial Stout","best_beer_score":3.3725,"most_popular_beer":"SIPA","popularity":6.0,"n_beers":6.0,"avg_abv":5.9166666667,"max_abv_beer":"Russian Imperial Stout","max_abv":8.2},{"brewery":"Maister Brewery","city":"Komenda","lat":46.20484,"long":14.53839,"best_beer_IPA":"General Maister","best_beer_score_IPA":3.202,"most_popular_beer_IPA":"General Maister","popularity_IPA":3.0,"n_beers_IPA":2.0,"avg_abv_IPA":6.0,"max_abv_beer_IPA":"Rusjan","max_abv_IPA":6.0,"best_beer_Ale":null,"best_beer_score_Ale":null,"most_popular_beer_Ale":null,"popularity_Ale":null,"n_beers_Ale":1.0,"avg_abv_Ale":6.0,"max_abv_beer_Ale":"Rusjan","max_abv_Ale":6.0,"best_beer_Lager":null,"best_beer_score_Lager":null,"most_popular_beer_Lager":null,"popularity_Lager":null,"n_beers_Lager":null,"avg_abv_Lager":null,"max_abv_beer_Lager":null,"max_abv_Lager":null,"best_beer_Stout":null,"best_beer_score_Stout":null,"most_popular_beer_Stout":null,"popularity_Stout":null,"n_beers_Stout":null,"avg_abv_Stout":null,"max_abv_beer_Stout":null,"max_abv_Stout":null,"best_beer_Pilsner":null,"best_beer_score_Pilsner":null,"most_popular_beer_Pilsner":null,"popularity_Pilsner":null,"n_beers_Pilsner":null,"avg_abv_Pilsner":null,"max_abv_beer_Pilsner":null,"max_abv_Pilsner":null,"best_beer_Porter":null,"best_beer_score_Porter":null,"most_popular_beer_Porter":null,"popularity_Porter":null,"n_beers_Porter":null,"avg_abv_Porter":null,"max_abv_beer_Porter":null,"max_abv_Porter":null,"best_beer_Fruit":null,"best_beer_score_Fruit":null,"most_popular_beer_Fruit":null,"popularity_Fruit":null,"n_beers_Fruit":null,"avg_abv_Fruit":null,"max_abv_beer_Fruit":null,"max_abv_Fruit":null,"best_beer_Roggenbier":null,"best_beer_score_Roggenbier":null,"most_popular_beer_Roggenbier":null,"popularity_Roggenbier":null,"n_beers_Roggenbier":null,"avg_abv_Roggenbier":null,"max_abv_beer_Roggenbier":null,"max_abv_Roggenbier":null,"best_beer_Herb":null,"best_beer_score_Herb":null,"most_popular_beer_Herb":null,"popularity_Herb":null,"n_beers_Herb":null,"avg_abv_Herb":null,"max_abv_beer_Herb":null,"max_abv_Herb":null,"best_beer_Smoke":null,"best_beer_score_Smoke":null,"most_popular_beer_Smoke":null,"popularity_Smoke":null,"n_beers_Smoke":null,"avg_abv_Smoke":null,"max_abv_beer_Smoke":null,"max_abv_Smoke":null,"best_beer_Barleywine":null,"best_beer_score_Barleywine":null,"most_popular_beer_Barleywine":null,"popularity_Barleywine":null,"n_beers_Barleywine":null,"avg_abv_Barleywine":null,"max_abv_beer_Barleywine":null,"max_abv_Barleywine":null,"best_beer":"General Maister","best_beer_score":3.202,"most_popular_beer":"General Maister","popularity":3.0,"n_beers":2.0,"avg_abv":6.0,"max_abv_beer":"Rusjan","max_abv":6.0},{"brewery":"22brewing","city":"Pobegi","lat":45.53944,"long":13.79611,"best_beer_IPA":null,"best_beer_score_IPA":null,"most_popular_beer_IPA":null,"popularity_IPA":null,"n_beers_IPA":null,"avg_abv_IPA":null,"max_abv_beer_IPA":null,"max_abv_IPA":null,"best_beer_Ale":null,"best_beer_score_Ale":null,"most_popular_beer_Ale":null,"popularity_Ale":null,"n_beers_Ale":null,"avg_abv_Ale":null,"max_abv_beer_Ale":null,"max_abv_Ale":null,"best_beer_Lager":null,"best_beer_score_Lager":null,"most_popular_beer_Lager":null,"popularity_Lager":null,"n_beers_Lager":null,"avg_abv_Lager":null,"max_abv_beer_Lager":null,"max_abv_Lager":null,"best_beer_Stout":null,"best_beer_score_Stout":null,"most_popular_beer_Stout":null,"popularity_Stout":null,"n_beers_Stout":null,"avg_abv_Stout":null,"max_abv_beer_Stout":null,"max_abv_Stout":null,"best_beer_Pilsner":null,"best_beer_score_Pilsner":null,"most_popular_beer_Pilsner":null,"popularity_Pilsner":null,"n_beers_Pilsner":null,"avg_abv_Pilsner":null,"max_abv_beer_Pilsner":null,"max_abv_Pilsner":null,"best_beer_Porter":null,"best_beer_score_Porter":null,"most_popular_beer_Porter":null,"popularity_Porter":null,"n_beers_Porter":null,"avg_abv_Porter":null,"max_abv_beer_Porter":null,"max_abv_Porter":null,"best_beer_Fruit":null,"best_beer_score_Fruit":null,"most_popular_beer_Fruit":null,"popularity_Fruit":null,"n_beers_Fruit":null,"avg_abv_Fruit":null,"max_abv_beer_Fruit":null,"max_abv_Fruit":null,"best_beer_Roggenbier":null,"best_beer_score_Roggenbier":null,"most_popular_beer_Roggenbier":null,"popularity_Roggenbier":null,"n_beers_Roggenbier":1.0,"avg_abv_Roggenbier":6.25,"max_abv_beer_Roggenbier":"Oudaspace","max_abv_Roggenbier":6.25,"best_beer_Herb":null,"best_beer_score_Herb":null,"most_popular_beer_Herb":null,"popularity_Herb":null,"n_beers_Herb":null,"avg_abv_Herb":null,"max_abv_beer_Herb":null,"max_abv_Herb":null,"best_beer_Smoke":null,"best_beer_score_Smoke":null,"most_popular_beer_Smoke":null,"popularity_Smoke":null,"n_beers_Smoke":null,"avg_abv_Smoke":null,"max_abv_beer_Smoke":null,"max_abv_Smoke":null,"best_beer_Barleywine":null,"best_beer_score_Barleywine":null,"most_popular_beer_Barleywine":null,"popularity_Barleywine":null,"n_beers_Barleywine":null,"avg_abv_Barleywine":null,"max_abv_beer_Barleywine":null,"max_abv_Barleywine":null,"best_beer":null,"best_beer_score":null,"most_popular_beer":null,"popularity":null,"n_beers":1.0,"avg_abv":6.25,"max_abv_beer":"Oudaspace","max_abv":6.25}]