[{"brewery":"Banskobystricky Pivovar, a.s. (Brewery Urpin BB Ltd.)","city":"Bansk\u00e1 Bystrica","lat":48.73946,"long":19.15349,"best_beer_IPA":null,"best_beer_score_IPA":null,"most_popular_beer_IPA":null,"popularity_IPA":null,"n_beers_IPA":null,"avg_abv_IPA":null,"max_abv_beer_IPA":null,"max_abv_IPA":null,"best_beer_Ale":null,"best_beer_score_Ale":null,"most_popular_beer_Ale":null,"popularity_Ale":null,"n_beers_Ale":null,"avg_abv_Ale":null,"max_abv_beer_Ale":null,"max_abv_Ale":null,"best_beer_Lager":"Urpiner Premium","best_beer_score_Lager":3.4725,"most_popular_beer_Lager":"Urpiner Premium","popularity_Lager":10.0,"n_beers_Lager":8.0,"avg_abv_Lager":5.0875,"max_abv_beer_Lager":"Exclusive","max_abv_Lager":6.5,"best_beer_Stout":null,"best_beer_score_Stout":null,"most_popular_beer_Stout":null,"popularity_Stout":null,"n_beers_Stout":null,"avg_abv_Stout":null,"max_abv_beer_Stout":null,"max_abv_Stout":null,"best_beer_Pilsner":null,"best_beer_score_Pilsner":null,"most_popular_beer_Pilsner":null,"popularity_Pilsner":null,"n_beers_Pilsner":null,"avg_abv_Pilsner":null,"max_abv_beer_Pilsner":null,"max_abv_Pilsner":null,"best_beer_Porter":null,"best_beer_score_Porter":null,"most_popular_beer_Porter":null,"popularity_Porter":null,"n_beers_Porter":null,"avg_abv_Porter":null,"max_abv_beer_Porter":null,"max_abv_Porter":null,"best_beer_Fruit":null,"best_beer_score_Fruit":null,"most_popular_beer_Fruit":null,"popularity_Fruit":null,"n_beers_Fruit":null,"avg_abv_Fruit":null,"max_abv_beer_Fruit":null,"max_abv_Fruit":null,"best_beer_Roggenbier":null,"best_beer_score_Roggenbier":null,"most_popular_beer_Roggenbier":null,"popularity_Roggenbier":null,"n_beers_Roggenbier":null,"avg_abv_Roggenbier":null,"max_abv_beer_Roggenbier":null,"max_abv_Roggenbier":null,"best_beer_Herb":null,"best_beer_score_Herb":null,"most_popular_beer_Herb":null,"popularity_Herb":null,"n_beers_Herb":null,"avg_abv_Herb":null,"max_abv_beer_Herb":null,"max_abv_Herb":null,"best_beer_Smoke":null,"best_beer_score_Smoke":null,"most_popular_beer_Smoke":null,"popularity_Smoke":null,"n_beers_Smoke":null,"avg_abv_Smoke":null,"max_abv_beer_Smoke":null,"max_abv_Smoke":null,"best_beer_Barleywine":null,"best_beer_score_Barleywine":null,"most_popular_beer_Barleywine":null,"popularity_Barleywine":null,"n_beers_Barleywine":null,"avg_abv_Barleywine":null,"max_abv_beer_Barleywine":null,"max_abv_Barleywine":null,"best_beer":"Urpiner Premium","best_beer_score":3.4725,"most_popular_beer":"Urpiner Premium","popularity":10.0,"n_beers":9.0,"avg_abv":4.5777777778,"max_abv_beer":"Exclusive","max_abv":6.5},{"brewery":"Pivovar \u010cierny Kame\u0148","city":"Ru\u017eomberok","lat":49.0748,"long":19.30751,"best_beer_IPA":null,"best_beer_score_IPA":null,"most_popular_beer_IPA":null,"popularity_IPA":null,"n_beers_IPA":null,"avg_abv_IPA":null,"max_abv_beer_IPA":null,"max_abv_IPA":null,"best_beer_Ale":"Zdenova Jazda","best_beer_score_Ale":2.8066666667,"most_popular_beer_Ale":"Zdenova Jazda","popularity_Ale":1.0,"n_beers_Ale":1.0,"avg_abv_Ale":4.2,"max_abv_beer_Ale":"Zdenova Jazda","max_abv_Ale":4.2,"best_beer_Lager":null,"best_beer_score_Lager":null,"most_popular_beer_Lager":null,"popularity_Lager":null,"n_beers_Lager":null,"avg_abv_Lager":null,"max_abv_beer_Lager":null,"max_abv_Lager":null,"best_beer_Stout":null,"best_beer_score_Stout":null,"most_popular_beer_Stout":null,"popularity_Stout":null,"n_beers_Stout":null,"avg_abv_Stout":null,"max_abv_beer_Stout":null,"max_abv_Stout":null,"best_beer_Pilsner":null,"best_beer_score_Pilsner":null,"most_popular_beer_Pilsner":null,"popularity_Pilsner":null,"n_beers_Pilsner":null,"avg_abv_Pilsner":null,"max_abv_beer_Pilsner":null,"max_abv_Pilsner":null,"best_beer_Porter":null,"best_beer_score_Porter":null,"most_popular_beer_Porter":null,"popularity_Porter":null,"n_beers_Porter":null,"avg_abv_Porter":null,"max_abv_beer_Porter":null,"max_abv_Porter":null,"best_beer_Fruit":null,"best_beer_score_Fruit":null,"most_popular_beer_Fruit":null,"popularity_Fruit":null,"n_beers_Fruit":null,"avg_abv_Fruit":null,"max_abv_beer_Fruit":null,"max_abv_Fruit":null,"best_beer_Roggenbier":null,"best_beer_score_Roggenbier":null,"most_popular_beer_Roggenbier":null,"popularity_Roggenbier":null,"n_beers_Roggenbier":null,"avg_abv_Roggenbier":null,"max_abv_beer_Roggenbier":null,"max_abv_Roggenbier":null,"best_beer_Herb":null,"best_beer_score_Herb":null,"most_popular_beer_Herb":null,"popularity_Herb":null,"n_beers_Herb":null,"avg_abv_Herb":null,"max_abv_beer_Herb":null,"max_abv_Herb":null,"best_beer_Smoke":null,"best_beer_score_Smoke":null,"most_popular_beer_Smoke":null,"popularity_Smoke":null,"n_beers_Smoke":null,"avg_abv_Smoke":null,"max_abv_beer_Smoke":null,"max_abv_Smoke":null,"best_beer_Barleywine":null,"best_beer_score_Barleywine":null,"most_popular_beer_Barleywine":null,"popularity_Barleywine":null,"n_beers_Barleywine":null,"avg_abv_Barleywine":null,"max_abv_beer_Barleywine":null,"max_abv_Barleywine":null,"best_beer":"Zdenova Jazda","best_beer_score":2.8066666667,"most_popular_beer":"Zdenova Jazda","popularity":1.0,"n_beers":1.0,"avg_abv":4.2,"max_abv_beer":"Zdenova Jazda","max_abv":4.2},{"brewery":"Pivovar Stein","city":"Bratislava","lat":48.14816,"long":17.10674,"best_beer_IPA":null,"best_beer_score_IPA":null,"most_popular_beer_IPA":null,"popularity_IPA":null,"n_beers_IPA":null,"avg_abv_IPA":null,"max_abv_beer_IPA":null,"max_abv_IPA":null,"best_beer_Ale":null,"best_beer_score_Ale":null,"most_popular_beer_Ale":null,"popularity_Ale":null,"n_beers_Ale":null,"avg_abv_Ale":null,"max_abv_beer_Ale":null,"max_abv_Ale":null,"best_beer_Lager":"Special Lager","best_beer_score_Lager":3.045,"most_popular_beer_Lager":"Stein Leziak Svetly","popularity_Lager":2.0,"n_beers_Lager":3.0,"avg_abv_Lager":4.9666666667,"max_abv_beer_Lager":"Special Lager","max_abv_Lager":6.0,"best_beer_Stout":null,"best_beer_score_Stout":null,"most_popular_beer_Stout":null,"popularity_Stout":null,"n_beers_Stout":null,"avg_abv_Stout":null,"max_abv_beer_Stout":null,"max_abv_Stout":null,"best_beer_Pilsner":null,"best_beer_score_Pilsner":null,"most_popular_beer_Pilsner":null,"popularity_Pilsner":null,"n_beers_Pilsner":null,"avg_abv_Pilsner":null,"max_abv_beer_Pilsner":null,"max_abv_Pilsner":null,"best_beer_Porter":null,"best_beer_score_Porter":null,"most_popular_beer_Porter":null,"popularity_Porter":null,"n_beers_Porter":null,"avg_abv_Porter":null,"max_abv_beer_Porter":null,"max_abv_Porter":null,"best_beer_Fruit":null,"best_beer_score_Fruit":null,"most_popular_beer_Fruit":null,"popularity_Fruit":null,"n_beers_Fruit":null,"avg_abv_Fruit":null,"max_abv_beer_Fruit":null,"max_abv_Fruit":null,"best_beer_Roggenbier":null,"best_beer_score_Roggenbier":null,"most_popular_beer_Roggenbier":null,"popularity_Roggenbier":null,"n_beers_Roggenbier":null,"avg_abv_Roggenbier":null,"max_abv_beer_Roggenbier":null,"max_abv_Roggenbier":null,"best_beer_Herb":null,"best_beer_score_Herb":null,"most_popular_beer_Herb":null,"popularity_Herb":null,"n_beers_Herb":null,"avg_abv_Herb":null,"max_abv_beer_Herb":null,"max_abv_Herb":null,"best_beer_Smoke":null,"best_beer_score_Smoke":null,"most_popular_beer_Smoke":null,"popularity_Smoke":null,"n_beers_Smoke":null,"avg_abv_Smoke":null,"max_abv_beer_Smoke":null,"max_abv_Smoke":null,"best_beer_Barleywine":null,"best_beer_score_Barleywine":null,"most_popular_beer_Barleywine":null,"popularity_Barleywine":null,"n_beers_Barleywine":null,"avg_abv_Barleywine":null,"max_abv_beer_Barleywine":null,"max_abv_Barleywine":null,"best_beer":"Special Lager","best_beer_score":3.045,"most_popular_beer":"Stein Leziak Svetly","popularity":2.0,"n_beers":3.0,"avg_abv":4.9666666667,"max_abv_beer":"Special Lager","max_abv":6.0},{"brewery":"Lanius Trenciansky Pivovar","city":"Tren\u010d\u00edn","lat":48.89452,"long":18.04436,"best_beer_IPA":"IPA 17\u00b0","best_beer_score_IPA":3.1,"most_popular_beer_IPA":"IPA 17\u00b0","popularity_IPA":1.0,"n_beers_IPA":1.0,"avg_abv_IPA":7.7,"max_abv_beer_IPA":"IPA 17\u00b0","max_abv_IPA":7.7,"best_beer_Ale":"IPA 17\u00b0","best_beer_score_Ale":3.1,"most_popular_beer_Ale":"IPA 17\u00b0","popularity_Ale":1.0,"n_beers_Ale":1.0,"avg_abv_Ale":7.7,"max_abv_beer_Ale":"IPA 17\u00b0","max_abv_Ale":7.7,"best_beer_Lager":null,"best_beer_score_Lager":null,"most_popular_beer_Lager":null,"popularity_Lager":null,"n_beers_Lager":null,"avg_abv_Lager":null,"max_abv_beer_Lager":null,"max_abv_Lager":null,"best_beer_Stout":null,"best_beer_score_Stout":null,"most_popular_beer_Stout":null,"popularity_Stout":null,"n_beers_Stout":null,"avg_abv_Stout":null,"max_abv_beer_Stout":null,"max_abv_Stout":null,"best_beer_Pilsner":null,"best_beer_score_Pilsner":null,"most_popular_beer_Pilsner":null,"popularity_Pilsner":null,"n_beers_Pilsner":null,"avg_abv_Pilsner":null,"max_abv_beer_Pilsner":null,"max_abv_Pilsner":null,"best_beer_Porter":null,"best_beer_score_Porter":null,"most_popular_beer_Porter":null,"popularity_Porter":null,"n_beers_Porter":null,"avg_abv_Porter":null,"max_abv_beer_Porter":null,"max_abv_Porter":null,"best_beer_Fruit":null,"best_beer_score_Fruit":null,"most_popular_beer_Fruit":null,"popularity_Fruit":null,"n_beers_Fruit":null,"avg_abv_Fruit":null,"max_abv_beer_Fruit":null,"max_abv_Fruit":null,"best_beer_Roggenbier":null,"best_beer_score_Roggenbier":null,"most_popular_beer_Roggenbier":null,"popularity_Roggenbier":null,"n_beers_Roggenbier":null,"avg_abv_Roggenbier":null,"max_abv_beer_Roggenbier":null,"max_abv_Roggenbier":null,"best_beer_Herb":null,"best_beer_score_Herb":null,"most_popular_beer_Herb":null,"popularity_Herb":null,"n_beers_Herb":null,"avg_abv_Herb":null,"max_abv_beer_Herb":null,"max_abv_Herb":null,"best_beer_Smoke":null,"best_beer_score_Smoke":null,"most_popular_beer_Smoke":null,"popularity_Smoke":null,"n_beers_Smoke":null,"avg_abv_Smoke":null,"max_abv_beer_Smoke":null,"max_abv_Smoke":null,"best_beer_Barleywine":null,"best_beer_score_Barleywine":null,"most_popular_beer_Barleywine":null,"popularity_Barleywine":null,"n_beers_Barleywine":null,"avg_abv_Barleywine":null,"max_abv_beer_Barleywine":null,"max_abv_Barleywine":null,"best_beer":"IPA 17\u00b0","best_beer_score":3.1,"most_popular_beer":"IPA 17\u00b0","popularity":1.0,"n_beers":1.0,"avg_abv":7.7,"max_abv_beer":"IPA 17\u00b0","max_abv":7.7},{"brewery":"Kaltenecker","city":"Roznava","lat":48.66009,"long":20.53758,"best_beer_IPA":"Kaltenecker Atlantis IPA 14\u00b0","best_beer_score_IPA":3.448,"most_popular_beer_IPA":"Kaltenecker Atlantis IPA 14\u00b0","popularity_IPA":8.0,"n_beers_IPA":8.0,"avg_abv_IPA":5.75,"max_abv_beer_IPA":"Kaltenecker Chopper IPA","max_abv_IPA":6.6,"best_beer_Ale":"Blues IPA American Black Ale","best_beer_score_Ale":3.55,"most_popular_beer_Ale":"Blues IPA American Black Ale","popularity_Ale":3.0,"n_beers_Ale":3.0,"avg_abv_Ale":6.0666666667,"max_abv_beer_Ale":"Blues IPA American Black Ale","max_abv_Ale":7.1,"best_beer_Lager":"Brok\u00e1t Dark Lager 13\u00b0","best_beer_score_Lager":3.406,"most_popular_beer_Lager":"Brok\u00e1t Dark Lager 13\u00b0","popularity_Lager":3.0,"n_beers_Lager":1.0,"avg_abv_Lager":5.5,"max_abv_beer_Lager":"Brok\u00e1t Dark Lager 13\u00b0","max_abv_Lager":5.5,"best_beer_Stout":"Kaltenecker Archa","best_beer_score_Stout":2.7825,"most_popular_beer_Stout":"Kaltenecker Archa","popularity_Stout":2.0,"n_beers_Stout":1.0,"avg_abv_Stout":9.0,"max_abv_beer_Stout":"Kaltenecker Archa","max_abv_Stout":9.0,"best_beer_Pilsner":"Suzuki IPL 16\u00b0","best_beer_score_Pilsner":3.45,"most_popular_beer_Pilsner":"Kras 11\u00b0","popularity_Pilsner":3.0,"n_beers_Pilsner":2.0,"avg_abv_Pilsner":5.5,"max_abv_beer_Pilsner":"Suzuki IPL 16\u00b0","max_abv_Pilsner":6.5,"best_beer_Porter":null,"best_beer_score_Porter":null,"most_popular_beer_Porter":null,"popularity_Porter":null,"n_beers_Porter":null,"avg_abv_Porter":null,"max_abv_beer_Porter":null,"max_abv_Porter":null,"best_beer_Fruit":null,"best_beer_score_Fruit":null,"most_popular_beer_Fruit":null,"popularity_Fruit":null,"n_beers_Fruit":null,"avg_abv_Fruit":null,"max_abv_beer_Fruit":null,"max_abv_Fruit":null,"best_beer_Roggenbier":null,"best_beer_score_Roggenbier":null,"most_popular_beer_Roggenbier":null,"popularity_Roggenbier":null,"n_beers_Roggenbier":null,"avg_abv_Roggenbier":null,"max_abv_beer_Roggenbier":null,"max_abv_Roggenbier":null,"best_beer_Herb":"Kaltenecker Brok\u00e1t 27 B27 Old Beer","best_beer_score_Herb":3.1875,"most_popular_beer_Herb":"Kaltenecker Brok\u00e1t 27 B27 Old Beer","popularity_Herb":2.0,"n_beers_Herb":1.0,"avg_abv_Herb":10.5,"max_abv_beer_Herb":"Kaltenecker Brok\u00e1t 27 B27 Old Beer","max_abv_Herb":10.5,"best_beer_Smoke":null,"best_beer_score_Smoke":null,"most_popular_beer_Smoke":null,"popularity_Smoke":null,"n_beers_Smoke":null,"avg_abv_Smoke":null,"max_abv_beer_Smoke":null,"max_abv_Smoke":null,"best_beer_Barleywine":null,"best_beer_score_Barleywine":null,"most_popular_beer_Barleywine":null,"popularity_Barleywine":null,"n_beers_Barleywine":null,"avg_abv_Barleywine":null,"max_abv_beer_Barleywine":null,"max_abv_Barleywine":null,"best_beer":"Blues IPA American Black Ale","best_beer_score":3.55,"most_popular_beer":"Kaltenecker Atlantis IPA 14\u00b0","popularity":8.0,"n_beers":19.0,"avg_abv":6.2052631579,"max_abv_beer":"Kaltenecker Brok\u00e1t 27 B27 Old Beer","max_abv":10.5},{"brewery":"Kastel\u00e1n","city":"Oravsk\u00fd Podz\u00e1mok","lat":49.25939,"long":19.3569,"best_beer_IPA":null,"best_beer_score_IPA":null,"most_popular_beer_IPA":null,"popularity_IPA":null,"n_beers_IPA":null,"avg_abv_IPA":null,"max_abv_beer_IPA":null,"max_abv_IPA":null,"best_beer_Ale":null,"best_beer_score_Ale":null,"most_popular_beer_Ale":null,"popularity_Ale":null,"n_beers_Ale":null,"avg_abv_Ale":null,"max_abv_beer_Ale":null,"max_abv_Ale":null,"best_beer_Lager":"Korv\u00edn Polotmav\u00fd Le\u017eiak 12\u00b0","best_beer_score_Lager":2.6066666667,"most_popular_beer_Lager":"Korv\u00edn Polotmav\u00fd Le\u017eiak 12\u00b0","popularity_Lager":1.0,"n_beers_Lager":1.0,"avg_abv_Lager":5.0,"max_abv_beer_Lager":"Korv\u00edn Polotmav\u00fd Le\u017eiak 12\u00b0","max_abv_Lager":5.0,"best_beer_Stout":null,"best_beer_score_Stout":null,"most_popular_beer_Stout":null,"popularity_Stout":null,"n_beers_Stout":null,"avg_abv_Stout":null,"max_abv_beer_Stout":null,"max_abv_Stout":null,"best_beer_Pilsner":"Thurzo Svetl\u00fd Le\u017eiak 12\u00b0","best_beer_score_Pilsner":2.7166666667,"most_popular_beer_Pilsner":"Thurzo Svetl\u00fd Le\u017eiak 12\u00b0","popularity_Pilsner":1.0,"n_beers_Pilsner":1.0,"avg_abv_Pilsner":5.0,"max_abv_beer_Pilsner":"Thurzo Svetl\u00fd Le\u017eiak 12\u00b0","max_abv_Pilsner":5.0,"best_beer_Porter":null,"best_beer_score_Porter":null,"most_popular_beer_Porter":null,"popularity_Porter":null,"n_beers_Porter":null,"avg_abv_Porter":null,"max_abv_beer_Porter":null,"max_abv_Porter":null,"best_beer_Fruit":null,"best_beer_score_Fruit":null,"most_popular_beer_Fruit":null,"popularity_Fruit":null,"n_beers_Fruit":null,"avg_abv_Fruit":null,"max_abv_beer_Fruit":null,"max_abv_Fruit":null,"best_beer_Roggenbier":null,"best_beer_score_Roggenbier":null,"most_popular_beer_Roggenbier":null,"popularity_Roggenbier":null,"n_beers_Roggenbier":null,"avg_abv_Roggenbier":null,"max_abv_beer_Roggenbier":null,"max_abv_Roggenbier":null,"best_beer_Herb":null,"best_beer_score_Herb":null,"most_popular_beer_Herb":null,"popularity_Herb":null,"n_beers_Herb":null,"avg_abv_Herb":null,"max_abv_beer_Herb":null,"max_abv_Herb":null,"best_beer_Smoke":null,"best_beer_score_Smoke":null,"most_popular_beer_Smoke":null,"popularity_Smoke":null,"n_beers_Smoke":null,"avg_abv_Smoke":null,"max_abv_beer_Smoke":null,"max_abv_Smoke":null,"best_beer_Barleywine":null,"best_beer_score_Barleywine":null,"most_popular_beer_Barleywine":null,"popularity_Barleywine":null,"n_beers_Barleywine":null,"avg_abv_Barleywine":null,"max_abv_beer_Barleywine":null,"max_abv_Barleywine":null,"best_beer":"Thurzo Svetl\u00fd Le\u017eiak 12\u00b0","best_beer_score":2.7166666667,"most_popular_beer":"Thurzo Svetl\u00fd Le\u017eiak 12\u00b0","popularity":1.0,"n_beers":2.0,"avg_abv":5.0,"max_abv_beer":"Thurzo Svetl\u00fd Le\u017eiak 12\u00b0","max_abv":5.0},{"brewery":"Topvar Brewery","city":"Topol\u010dany","lat":48.58042645,"long":18.1747863859,"best_beer_IPA":null,"best_beer_score_IPA":null,"most_popular_beer_IPA":null,"popularity_IPA":null,"n_beers_IPA":null,"avg_abv_IPA":null,"max_abv_beer_IPA":null,"max_abv_IPA":null,"best_beer_Ale":null,"best_beer_score_Ale":null,"most_popular_beer_Ale":null,"popularity_Ale":null,"n_beers_Ale":null,"avg_abv_Ale":null,"max_abv_beer_Ale":null,"max_abv_Ale":null,"best_beer_Lager":"Topvar Premium Lager","best_beer_score_Lager":3.1913333333,"most_popular_beer_Lager":"Topvar Premium Lager","popularity_Lager":13.0,"n_beers_Lager":4.0,"avg_abv_Lager":4.7,"max_abv_beer_Lager":"Topvar 11.5% Svetl\u00e9","max_abv_Lager":5.2,"best_beer_Stout":null,"best_beer_score_Stout":null,"most_popular_beer_Stout":null,"popularity_Stout":null,"n_beers_Stout":null,"avg_abv_Stout":null,"max_abv_beer_Stout":null,"max_abv_Stout":null,"best_beer_Pilsner":"Topvar Patriot (14% Svetl\u00fd \u0161peci\u00e1lny Le\u017eiak)","best_beer_score_Pilsner":3.12,"most_popular_beer_Pilsner":"Premium Pils Beer","popularity_Pilsner":21.0,"n_beers_Pilsner":2.0,"avg_abv_Pilsner":5.7,"max_abv_beer_Pilsner":"Topvar Patriot (14% Svetl\u00fd \u0161peci\u00e1lny Le\u017eiak)","max_abv_Pilsner":6.0,"best_beer_Porter":null,"best_beer_score_Porter":null,"most_popular_beer_Porter":null,"popularity_Porter":null,"n_beers_Porter":null,"avg_abv_Porter":null,"max_abv_beer_Porter":null,"max_abv_Porter":null,"best_beer_Fruit":null,"best_beer_score_Fruit":null,"most_popular_beer_Fruit":null,"popularity_Fruit":null,"n_beers_Fruit":null,"avg_abv_Fruit":null,"max_abv_beer_Fruit":null,"max_abv_Fruit":null,"best_beer_Roggenbier":null,"best_beer_score_Roggenbier":null,"most_popular_beer_Roggenbier":null,"popularity_Roggenbier":null,"n_beers_Roggenbier":null,"avg_abv_Roggenbier":null,"max_abv_beer_Roggenbier":null,"max_abv_Roggenbier":null,"best_beer_Herb":null,"best_beer_score_Herb":null,"most_popular_beer_Herb":null,"popularity_Herb":null,"n_beers_Herb":null,"avg_abv_Herb":null,"max_abv_beer_Herb":null,"max_abv_Herb":null,"best_beer_Smoke":null,"best_beer_score_Smoke":null,"most_popular_beer_Smoke":null,"popularity_Smoke":null,"n_beers_Smoke":null,"avg_abv_Smoke":null,"max_abv_beer_Smoke":null,"max_abv_Smoke":null,"best_beer_Barleywine":null,"best_beer_score_Barleywine":null,"most_popular_beer_Barleywine":null,"popularity_Barleywine":null,"n_beers_Barleywine":null,"avg_abv_Barleywine":null,"max_abv_beer_Barleywine":null,"max_abv_Barleywine":null,"best_beer":"Topvar Premium Lager","best_beer_score":3.1913333333,"most_popular_beer":"Premium Pils Beer","popularity":21.0,"n_beers":6.0,"avg_abv":5.0333333333,"max_abv_beer":"Topvar Patriot (14% Svetl\u00fd \u0161peci\u00e1lny Le\u017eiak)","max_abv":6.0},{"brewery":"Pivovar Karpat","city":"Hrn\u010diarovce Nad Parnou","lat":48.34184695,"long":17.5685819833,"best_beer_IPA":"Eagle American IPA","best_beer_score_IPA":3.0266666667,"most_popular_beer_IPA":"Eagle American IPA","popularity_IPA":1.0,"n_beers_IPA":2.0,"avg_abv_IPA":5.75,"max_abv_beer_IPA":"Tesco Finest Unfiltered IPA","max_abv_IPA":5.8,"best_beer_Ale":"Summer California Ale","best_beer_score_Ale":3.1,"most_popular_beer_Ale":"Summer California Ale","popularity_Ale":1.0,"n_beers_Ale":2.0,"avg_abv_Ale":4.85,"max_abv_beer_Ale":"Tesco Finest Unfiltered Ale","max_abv_Ale":5.2,"best_beer_Lager":null,"best_beer_score_Lager":null,"most_popular_beer_Lager":null,"popularity_Lager":null,"n_beers_Lager":1.0,"avg_abv_Lager":5.2,"max_abv_beer_Lager":"Tesco Finest Unfiltered Lager","max_abv_Lager":5.2,"best_beer_Stout":null,"best_beer_score_Stout":null,"most_popular_beer_Stout":null,"popularity_Stout":null,"n_beers_Stout":null,"avg_abv_Stout":null,"max_abv_beer_Stout":null,"max_abv_Stout":null,"best_beer_Pilsner":null,"best_beer_score_Pilsner":null,"most_popular_beer_Pilsner":null,"popularity_Pilsner":null,"n_beers_Pilsner":null,"avg_abv_Pilsner":null,"max_abv_beer_Pilsner":null,"max_abv_Pilsner":null,"best_beer_Porter":null,"best_beer_score_Porter":null,"most_popular_beer_Porter":null,"popularity_Porter":null,"n_beers_Porter":null,"avg_abv_Porter":null,"max_abv_beer_Porter":null,"max_abv_Porter":null,"best_beer_Fruit":null,"best_beer_score_Fruit":null,"most_popular_beer_Fruit":null,"popularity_Fruit":null,"n_beers_Fruit":null,"avg_abv_Fruit":null,"max_abv_beer_Fruit":null,"max_abv_Fruit":null,"best_beer_Roggenbier":null,"best_beer_score_Roggenbier":null,"most_popular_beer_Roggenbier":null,"popularity_Roggenbier":null,"n_beers_Roggenbier":null,"avg_abv_Roggenbier":null,"max_abv_beer_Roggenbier":null,"max_abv_Roggenbier":null,"best_beer_Herb":null,"best_beer_score_Herb":null,"most_popular_beer_Herb":null,"popularity_Herb":null,"n_beers_Herb":null,"avg_abv_Herb":null,"max_abv_beer_Herb":null,"max_abv_Herb":null,"best_beer_Smoke":null,"best_beer_score_Smoke":null,"most_popular_beer_Smoke":null,"popularity_Smoke":null,"n_beers_Smoke":null,"avg_abv_Smoke":null,"max_abv_beer_Smoke":null,"max_abv_Smoke":null,"best_beer_Barleywine":null,"best_beer_score_Barleywine":null,"most_popular_beer_Barleywine":null,"popularity_Barleywine":null,"n_beers_Barleywine":null,"avg_abv_Barleywine":null,"max_abv_beer_Barleywine":null,"max_abv_Barleywine":null,"best_beer":"Summer California Ale","best_beer_score":3.1,"most_popular_beer":"Summer California Ale","popularity":1.0,"n_beers":5.0,"avg_abv":5.28,"max_abv_beer":"Tesco Finest Unfiltered IPA","max_abv":5.8},{"brewery":"Fabrika: The Beer Pub","city":"Bratislava","lat":48.14816,"long":17.10674,"best_beer_IPA":null,"best_beer_score_IPA":null,"most_popular_beer_IPA":null,"popularity_IPA":null,"n_beers_IPA":null,"avg_abv_IPA":null,"max_abv_beer_IPA":null,"max_abv_IPA":null,"best_beer_Ale":"Fabrika F14 APA","best_beer_score_Ale":3.005,"most_popular_beer_Ale":"Fabrika F14 APA","popularity_Ale":2.0,"n_beers_Ale":1.0,"avg_abv_Ale":5.2,"max_abv_beer_Ale":"Fabrika F14 APA","max_abv_Ale":5.2,"best_beer_Lager":"Fabrika F12 Lager","best_beer_score_Lager":2.75,"most_popular_beer_Lager":"Fabrika F12 Lager","popularity_Lager":1.0,"n_beers_Lager":1.0,"avg_abv_Lager":4.6,"max_abv_beer_Lager":"Fabrika F12 Lager","max_abv_Lager":4.6,"best_beer_Stout":null,"best_beer_score_Stout":null,"most_popular_beer_Stout":null,"popularity_Stout":null,"n_beers_Stout":null,"avg_abv_Stout":null,"max_abv_beer_Stout":null,"max_abv_Stout":null,"best_beer_Pilsner":null,"best_beer_score_Pilsner":null,"most_popular_beer_Pilsner":null,"popularity_Pilsner":null,"n_beers_Pilsner":null,"avg_abv_Pilsner":null,"max_abv_beer_Pilsner":null,"max_abv_Pilsner":null,"best_beer_Porter":null,"best_beer_score_Porter":null,"most_popular_beer_Porter":null,"popularity_Porter":null,"n_beers_Porter":null,"avg_abv_Porter":null,"max_abv_beer_Porter":null,"max_abv_Porter":null,"best_beer_Fruit":null,"best_beer_score_Fruit":null,"most_popular_beer_Fruit":null,"popularity_Fruit":null,"n_beers_Fruit":null,"avg_abv_Fruit":null,"max_abv_beer_Fruit":null,"max_abv_Fruit":null,"best_beer_Roggenbier":null,"best_beer_score_Roggenbier":null,"most_popular_beer_Roggenbier":null,"popularity_Roggenbier":null,"n_beers_Roggenbier":null,"avg_abv_Roggenbier":null,"max_abv_beer_Roggenbier":null,"max_abv_Roggenbier":null,"best_beer_Herb":null,"best_beer_score_Herb":null,"most_popular_beer_Herb":null,"popularity_Herb":null,"n_beers_Herb":null,"avg_abv_Herb":null,"max_abv_beer_Herb":null,"max_abv_Herb":null,"best_beer_Smoke":null,"best_beer_score_Smoke":null,"most_popular_beer_Smoke":null,"popularity_Smoke":null,"n_beers_Smoke":null,"avg_abv_Smoke":null,"max_abv_beer_Smoke":null,"max_abv_Smoke":null,"best_beer_Barleywine":null,"best_beer_score_Barleywine":null,"most_popular_beer_Barleywine":null,"popularity_Barleywine":null,"n_beers_Barleywine":null,"avg_abv_Barleywine":null,"max_abv_beer_Barleywine":null,"max_abv_Barleywine":null,"best_beer":"Fabrika F14 APA","best_beer_score":3.005,"most_popular_beer":"Fabrika F14 APA","popularity":2.0,"n_beers":2.0,"avg_abv":4.9,"max_abv_beer":"Fabrika F14 APA","max_abv":5.2},{"brewery":"Pivovar Zlaty Bazant a.s.","city":"Hurbanovo","lat":47.86984,"long":18.19233,"best_beer_IPA":null,"best_beer_score_IPA":null,"most_popular_beer_IPA":null,"popularity_IPA":null,"n_beers_IPA":null,"avg_abv_IPA":null,"max_abv_beer_IPA":null,"max_abv_IPA":null,"best_beer_Ale":null,"best_beer_score_Ale":null,"most_popular_beer_Ale":null,"popularity_Ale":null,"n_beers_Ale":null,"avg_abv_Ale":null,"max_abv_beer_Ale":null,"max_abv_Ale":null,"best_beer_Lager":"Golden Pheasant Dark","best_beer_score_Lager":3.3685714286,"most_popular_beer_Lager":"Golden Pheasant Dark","popularity_Lager":26.0,"n_beers_Lager":3.0,"avg_abv_Lager":4.0666666667,"max_abv_beer_Lager":"Zlaty Ba\u017eant '73","max_abv_Lager":4.5,"best_beer_Stout":null,"best_beer_score_Stout":null,"most_popular_beer_Stout":null,"popularity_Stout":null,"n_beers_Stout":null,"avg_abv_Stout":null,"max_abv_beer_Stout":null,"max_abv_Stout":null,"best_beer_Pilsner":"Golden Pheasant","best_beer_score_Pilsner":3.3497987928,"most_popular_beer_Pilsner":"Golden Pheasant","popularity_Pilsner":495.0,"n_beers_Pilsner":3.0,"avg_abv_Pilsner":4.6333333333,"max_abv_beer_Pilsner":"Zlaty Bazant 12%","max_abv_Pilsner":5.0,"best_beer_Porter":"Medovy Porter","best_beer_score_Porter":3.1133333333,"most_popular_beer_Porter":"Medovy Porter","popularity_Porter":1.0,"n_beers_Porter":1.0,"avg_abv_Porter":6.7,"max_abv_beer_Porter":"Medovy Porter","max_abv_Porter":6.7,"best_beer_Fruit":"Bazant Radler Grapefruit","best_beer_score_Fruit":3.27,"most_popular_beer_Fruit":"Bazant Radler Grapefruit","popularity_Fruit":5.0,"n_beers_Fruit":3.0,"avg_abv_Fruit":2.0,"max_abv_beer_Fruit":"Grapefruit","max_abv_Fruit":2.0,"best_beer_Roggenbier":null,"best_beer_score_Roggenbier":null,"most_popular_beer_Roggenbier":null,"popularity_Roggenbier":null,"n_beers_Roggenbier":null,"avg_abv_Roggenbier":null,"max_abv_beer_Roggenbier":null,"max_abv_Roggenbier":null,"best_beer_Herb":null,"best_beer_score_Herb":null,"most_popular_beer_Herb":null,"popularity_Herb":null,"n_beers_Herb":null,"avg_abv_Herb":null,"max_abv_beer_Herb":null,"max_abv_Herb":null,"best_beer_Smoke":null,"best_beer_score_Smoke":null,"most_popular_beer_Smoke":null,"popularity_Smoke":null,"n_beers_Smoke":null,"avg_abv_Smoke":null,"max_abv_beer_Smoke":null,"max_abv_Smoke":null,"best_beer_Barleywine":null,"best_beer_score_Barleywine":null,"most_popular_beer_Barleywine":null,"popularity_Barleywine":null,"n_beers_Barleywine":null,"avg_abv_Barleywine":null,"max_abv_beer_Barleywine":null,"max_abv_Barleywine":null,"best_beer":"Golden Pheasant Dark","best_beer_score":3.3685714286,"most_popular_beer":"Golden Pheasant","popularity":495.0,"n_beers":11.0,"avg_abv":3.5727272727,"max_abv_beer":"Medovy Porter","max_abv":6.7},{"brewery":"Donovalsky Pivovar","city":"Donovaly","lat":48.87552595,"long":19.2281497791,"best_beer_IPA":"Winter IPA 15\u00b0","best_beer_score_IPA":2.9166666667,"most_popular_beer_IPA":"Winter IPA 15\u00b0","popularity_IPA":1.0,"n_beers_IPA":1.0,"avg_abv_IPA":6.0,"max_abv_beer_IPA":"Winter IPA 15\u00b0","max_abv_IPA":6.0,"best_beer_Ale":null,"best_beer_score_Ale":null,"most_popular_beer_Ale":null,"popularity_Ale":null,"n_beers_Ale":null,"avg_abv_Ale":null,"max_abv_beer_Ale":null,"max_abv_Ale":null,"best_beer_Lager":null,"best_beer_score_Lager":null,"most_popular_beer_Lager":null,"popularity_Lager":null,"n_beers_Lager":null,"avg_abv_Lager":null,"max_abv_beer_Lager":null,"max_abv_Lager":null,"best_beer_Stout":null,"best_beer_score_Stout":null,"most_popular_beer_Stout":null,"popularity_Stout":null,"n_beers_Stout":null,"avg_abv_Stout":null,"max_abv_beer_Stout":null,"max_abv_Stout":null,"best_beer_Pilsner":null,"best_beer_score_Pilsner":null,"most_popular_beer_Pilsner":null,"popularity_Pilsner":null,"n_beers_Pilsner":null,"avg_abv_Pilsner":null,"max_abv_beer_Pilsner":null,"max_abv_Pilsner":null,"best_beer_Porter":null,"best_beer_score_Porter":null,"most_popular_beer_Porter":null,"popularity_Porter":null,"n_beers_Porter":null,"avg_abv_Porter":null,"max_abv_beer_Porter":null,"max_abv_Porter":null,"best_beer_Fruit":null,"best_beer_score_Fruit":null,"most_popular_beer_Fruit":null,"popularity_Fruit":null,"n_beers_Fruit":null,"avg_abv_Fruit":null,"max_abv_beer_Fruit":null,"max_abv_Fruit":null,"best_beer_Roggenbier":null,"best_beer_score_Roggenbier":null,"most_popular_beer_Roggenbier":null,"popularity_Roggenbier":null,"n_beers_Roggenbier":null,"avg_abv_Roggenbier":null,"max_abv_beer_Roggenbier":null,"max_abv_Roggenbier":null,"best_beer_Herb":null,"best_beer_score_Herb":null,"most_popular_beer_Herb":null,"popularity_Herb":null,"n_beers_Herb":null,"avg_abv_Herb":null,"max_abv_beer_Herb":null,"max_abv_Herb":null,"best_beer_Smoke":null,"best_beer_score_Smoke":null,"most_popular_beer_Smoke":null,"popularity_Smoke":null,"n_beers_Smoke":null,"avg_abv_Smoke":null,"max_abv_beer_Smoke":null,"max_abv_Smoke":null,"best_beer_Barleywine":null,"best_beer_score_Barleywine":null,"most_popular_beer_Barleywine":null,"popularity_Barleywine":null,"n_beers_Barleywine":null,"avg_abv_Barleywine":null,"max_abv_beer_Barleywine":null,"max_abv_Barleywine":null,"best_beer":"Winter IPA 15\u00b0","best_beer_score":2.9166666667,"most_popular_beer":"Winter IPA 15\u00b0","popularity":1.0,"n_beers":1.0,"avg_abv":6.0,"max_abv_beer":"Winter IPA 15\u00b0","max_abv":6.0},{"brewery":"Unorthodox Brewing","city":"Bratislava","lat":48.14816,"long":17.10674,"best_beer_IPA":"Wendigo","best_beer_score_IPA":2.8666666667,"most_popular_beer_IPA":"144 Roman Heads 20\u00b0","popularity_IPA":1.0,"n_beers_IPA":2.0,"avg_abv_IPA":7.05,"max_abv_beer_IPA":"144 Roman Heads 20\u00b0","max_abv_IPA":8.1,"best_beer_Ale":"Bittersweet Lament Malina + Limetka","best_beer_score_Ale":3.0833333333,"most_popular_beer_Ale":"Bittersweet Lament Malina + Limetka","popularity_Ale":1.0,"n_beers_Ale":1.0,"avg_abv_Ale":3.5,"max_abv_beer_Ale":"Bittersweet Lament Malina + Limetka","max_abv_Ale":3.5,"best_beer_Lager":null,"best_beer_score_Lager":null,"most_popular_beer_Lager":null,"popularity_Lager":null,"n_beers_Lager":null,"avg_abv_Lager":null,"max_abv_beer_Lager":null,"max_abv_Lager":null,"best_beer_Stout":null,"best_beer_score_Stout":null,"most_popular_beer_Stout":null,"popularity_Stout":null,"n_beers_Stout":null,"avg_abv_Stout":null,"max_abv_beer_Stout":null,"max_abv_Stout":null,"best_beer_Pilsner":null,"best_beer_score_Pilsner":null,"most_popular_beer_Pilsner":null,"popularity_Pilsner":null,"n_beers_Pilsner":null,"avg_abv_Pilsner":null,"max_abv_beer_Pilsner":null,"max_abv_Pilsner":null,"best_beer_Porter":null,"best_beer_score_Porter":null,"most_popular_beer_Porter":null,"popularity_Porter":null,"n_beers_Porter":null,"avg_abv_Porter":null,"max_abv_beer_Porter":null,"max_abv_Porter":null,"best_beer_Fruit":null,"best_beer_score_Fruit":null,"most_popular_beer_Fruit":null,"popularity_Fruit":null,"n_beers_Fruit":null,"avg_abv_Fruit":null,"max_abv_beer_Fruit":null,"max_abv_Fruit":null,"best_beer_Roggenbier":null,"best_beer_score_Roggenbier":null,"most_popular_beer_Roggenbier":null,"popularity_Roggenbier":null,"n_beers_Roggenbier":null,"avg_abv_Roggenbier":null,"max_abv_beer_Roggenbier":null,"max_abv_Roggenbier":null,"best_beer_Herb":"Blood River","best_beer_score_Herb":2.8666666667,"most_popular_beer_Herb":"Blood River","popularity_Herb":1.0,"n_beers_Herb":1.0,"avg_abv_Herb":5.8,"max_abv_beer_Herb":"Blood River","max_abv_Herb":5.8,"best_beer_Smoke":null,"best_beer_score_Smoke":null,"most_popular_beer_Smoke":null,"popularity_Smoke":null,"n_beers_Smoke":null,"avg_abv_Smoke":null,"max_abv_beer_Smoke":null,"max_abv_Smoke":null,"best_beer_Barleywine":null,"best_beer_score_Barleywine":null,"most_popular_beer_Barleywine":null,"popularity_Barleywine":null,"n_beers_Barleywine":null,"avg_abv_Barleywine":null,"max_abv_beer_Barleywine":null,"max_abv_Barleywine":null,"best_beer":"Bittersweet Lament Malina + Limetka","best_beer_score":3.0833333333,"most_popular_beer":"Bittersweet Lament Malina + Limetka","popularity":1.0,"n_beers":4.0,"avg_abv":5.85,"max_abv_beer":"144 Roman Heads 20\u00b0","max_abv":8.1},{"brewery":"Pivovar Saris","city":"Velky Saris","lat":49.0424997,"long":21.2049272757,"best_beer_IPA":null,"best_beer_score_IPA":null,"most_popular_beer_IPA":null,"popularity_IPA":null,"n_beers_IPA":null,"avg_abv_IPA":null,"max_abv_beer_IPA":null,"max_abv_IPA":null,"best_beer_Ale":null,"best_beer_score_Ale":null,"most_popular_beer_Ale":null,"popularity_Ale":null,"n_beers_Ale":null,"avg_abv_Ale":null,"max_abv_beer_Ale":null,"max_abv_Ale":null,"best_beer_Lager":"S\u008aaris\u009a 11% Tmav\u00fd","best_beer_score_Lager":3.4957894737,"most_popular_beer_Lager":"S\u008aaris\u009a 11% Tmav\u00fd","popularity_Lager":17.0,"n_beers_Lager":2.0,"avg_abv_Lager":4.35,"max_abv_beer_Lager":"Saris 12% Premium","max_abv_Lager":4.6,"best_beer_Stout":null,"best_beer_score_Stout":null,"most_popular_beer_Stout":null,"popularity_Stout":null,"n_beers_Stout":null,"avg_abv_Stout":null,"max_abv_beer_Stout":null,"max_abv_Stout":null,"best_beer_Pilsner":"Sm\u00e4dn\u00fd Mn\u00edch 10% Svetl\u00e9","best_beer_score_Pilsner":2.571,"most_popular_beer_Pilsner":"Sm\u00e4dn\u00fd Mn\u00edch 10% Svetl\u00e9","popularity_Pilsner":8.0,"n_beers_Pilsner":1.0,"avg_abv_Pilsner":4.2,"max_abv_beer_Pilsner":"Sm\u00e4dn\u00fd Mn\u00edch 10% Svetl\u00e9","max_abv_Pilsner":4.2,"best_beer_Porter":null,"best_beer_score_Porter":null,"most_popular_beer_Porter":null,"popularity_Porter":null,"n_beers_Porter":null,"avg_abv_Porter":null,"max_abv_beer_Porter":null,"max_abv_Porter":null,"best_beer_Fruit":null,"best_beer_score_Fruit":null,"most_popular_beer_Fruit":null,"popularity_Fruit":null,"n_beers_Fruit":null,"avg_abv_Fruit":null,"max_abv_beer_Fruit":null,"max_abv_Fruit":null,"best_beer_Roggenbier":null,"best_beer_score_Roggenbier":null,"most_popular_beer_Roggenbier":null,"popularity_Roggenbier":null,"n_beers_Roggenbier":null,"avg_abv_Roggenbier":null,"max_abv_beer_Roggenbier":null,"max_abv_Roggenbier":null,"best_beer_Herb":null,"best_beer_score_Herb":null,"most_popular_beer_Herb":null,"popularity_Herb":null,"n_beers_Herb":null,"avg_abv_Herb":null,"max_abv_beer_Herb":null,"max_abv_Herb":null,"best_beer_Smoke":null,"best_beer_score_Smoke":null,"most_popular_beer_Smoke":null,"popularity_Smoke":null,"n_beers_Smoke":null,"avg_abv_Smoke":null,"max_abv_beer_Smoke":null,"max_abv_Smoke":null,"best_beer_Barleywine":null,"best_beer_score_Barleywine":null,"most_popular_beer_Barleywine":null,"popularity_Barleywine":null,"n_beers_Barleywine":null,"avg_abv_Barleywine":null,"max_abv_beer_Barleywine":null,"max_abv_Barleywine":null,"best_beer":"S\u008aaris\u009a 11% Tmav\u00fd","best_beer_score":3.4957894737,"most_popular_beer":"S\u008aaris\u009a 11% Tmav\u00fd","popularity":17.0,"n_beers":3.0,"avg_abv":4.3,"max_abv_beer":"Saris 12% Premium","max_abv":4.6},{"brewery":"Sandorf","city":"Prievaly","lat":48.560026,"long":17.3470873476,"best_beer_IPA":null,"best_beer_score_IPA":null,"most_popular_beer_IPA":null,"popularity_IPA":null,"n_beers_IPA":null,"avg_abv_IPA":null,"max_abv_beer_IPA":null,"max_abv_IPA":null,"best_beer_Ale":null,"best_beer_score_Ale":null,"most_popular_beer_Ale":null,"popularity_Ale":null,"n_beers_Ale":null,"avg_abv_Ale":null,"max_abv_beer_Ale":null,"max_abv_Ale":null,"best_beer_Lager":null,"best_beer_score_Lager":null,"most_popular_beer_Lager":null,"popularity_Lager":null,"n_beers_Lager":null,"avg_abv_Lager":null,"max_abv_beer_Lager":null,"max_abv_Lager":null,"best_beer_Stout":"Sandorf Stout 14.5\u00b0","best_beer_score_Stout":2.6133333333,"most_popular_beer_Stout":"Sandorf Russian Imperial Stout","popularity_Stout":2.0,"n_beers_Stout":2.0,"avg_abv_Stout":7.45,"max_abv_beer_Stout":"Sandorf Russian Imperial Stout","max_abv_Stout":9.9,"best_beer_Pilsner":null,"best_beer_score_Pilsner":null,"most_popular_beer_Pilsner":null,"popularity_Pilsner":null,"n_beers_Pilsner":null,"avg_abv_Pilsner":null,"max_abv_beer_Pilsner":null,"max_abv_Pilsner":null,"best_beer_Porter":null,"best_beer_score_Porter":null,"most_popular_beer_Porter":null,"popularity_Porter":null,"n_beers_Porter":null,"avg_abv_Porter":null,"max_abv_beer_Porter":null,"max_abv_Porter":null,"best_beer_Fruit":null,"best_beer_score_Fruit":null,"most_popular_beer_Fruit":null,"popularity_Fruit":null,"n_beers_Fruit":null,"avg_abv_Fruit":null,"max_abv_beer_Fruit":null,"max_abv_Fruit":null,"best_beer_Roggenbier":null,"best_beer_score_Roggenbier":null,"most_popular_beer_Roggenbier":null,"popularity_Roggenbier":null,"n_beers_Roggenbier":null,"avg_abv_Roggenbier":null,"max_abv_beer_Roggenbier":null,"max_abv_Roggenbier":null,"best_beer_Herb":null,"best_beer_score_Herb":null,"most_popular_beer_Herb":null,"popularity_Herb":null,"n_beers_Herb":null,"avg_abv_Herb":null,"max_abv_beer_Herb":null,"max_abv_Herb":null,"best_beer_Smoke":null,"best_beer_score_Smoke":null,"most_popular_beer_Smoke":null,"popularity_Smoke":null,"n_beers_Smoke":null,"avg_abv_Smoke":null,"max_abv_beer_Smoke":null,"max_abv_Smoke":null,"best_beer_Barleywine":null,"best_beer_score_Barleywine":null,"most_popular_beer_Barleywine":null,"popularity_Barleywine":null,"n_beers_Barleywine":null,"avg_abv_Barleywine":null,"max_abv_beer_Barleywine":null,"max_abv_Barleywine":null,"best_beer":"Sandorf Stout 14.5\u00b0","best_beer_score":2.6133333333,"most_popular_beer":"Sandorf Russian Imperial Stout","popularity":2.0,"n_beers":2.0,"avg_abv":7.45,"max_abv_beer":"Sandorf Russian Imperial Stout","max_abv":9.9},{"brewery":"Pivovar Corgo\u0148 (Heineken Slovensko)","city":"Nitra","lat":48.30763,"long":18.08453,"best_beer_IPA":null,"best_beer_score_IPA":null,"most_popular_beer_IPA":null,"popularity_IPA":null,"n_beers_IPA":null,"avg_abv_IPA":null,"max_abv_beer_IPA":null,"max_abv_IPA":null,"best_beer_Ale":null,"best_beer_score_Ale":null,"most_popular_beer_Ale":null,"popularity_Ale":null,"n_beers_Ale":null,"avg_abv_Ale":null,"max_abv_beer_Ale":null,"max_abv_Ale":null,"best_beer_Lager":"Corgo\u0148 Maurus 12\u00b0","best_beer_score_Lager":2.9566666667,"most_popular_beer_Lager":"Corgo\u0148 Tmav\u00e9 11.5%","popularity_Lager":1.0,"n_beers_Lager":2.0,"avg_abv_Lager":3.9,"max_abv_beer_Lager":"Corgo\u0148 Tmav\u00e9 11.5%","max_abv_Lager":4.0,"best_beer_Stout":null,"best_beer_score_Stout":null,"most_popular_beer_Stout":null,"popularity_Stout":null,"n_beers_Stout":null,"avg_abv_Stout":null,"max_abv_beer_Stout":null,"max_abv_Stout":null,"best_beer_Pilsner":"Corgo\u0148 10% Svetl\u00e9 V\u00fd\u010dapn\u00e9 Pivo","best_beer_score_Pilsner":2.8833333333,"most_popular_beer_Pilsner":"Corgo\u0148 Svetl\u00e9 Pivo 10%","popularity_Pilsner":4.0,"n_beers_Pilsner":3.0,"avg_abv_Pilsner":4.1666666667,"max_abv_beer_Pilsner":"Corgo\u0148 4-sladov\u00fd","max_abv_Pilsner":4.6,"best_beer_Porter":null,"best_beer_score_Porter":null,"most_popular_beer_Porter":null,"popularity_Porter":null,"n_beers_Porter":null,"avg_abv_Porter":null,"max_abv_beer_Porter":null,"max_abv_Porter":null,"best_beer_Fruit":null,"best_beer_score_Fruit":null,"most_popular_beer_Fruit":null,"popularity_Fruit":null,"n_beers_Fruit":null,"avg_abv_Fruit":null,"max_abv_beer_Fruit":null,"max_abv_Fruit":null,"best_beer_Roggenbier":null,"best_beer_score_Roggenbier":null,"most_popular_beer_Roggenbier":null,"popularity_Roggenbier":null,"n_beers_Roggenbier":null,"avg_abv_Roggenbier":null,"max_abv_beer_Roggenbier":null,"max_abv_Roggenbier":null,"best_beer_Herb":null,"best_beer_score_Herb":null,"most_popular_beer_Herb":null,"popularity_Herb":null,"n_beers_Herb":null,"avg_abv_Herb":null,"max_abv_beer_Herb":null,"max_abv_Herb":null,"best_beer_Smoke":null,"best_beer_score_Smoke":null,"most_popular_beer_Smoke":null,"popularity_Smoke":null,"n_beers_Smoke":null,"avg_abv_Smoke":null,"max_abv_beer_Smoke":null,"max_abv_Smoke":null,"best_beer_Barleywine":null,"best_beer_score_Barleywine":null,"most_popular_beer_Barleywine":null,"popularity_Barleywine":null,"n_beers_Barleywine":null,"avg_abv_Barleywine":null,"max_abv_beer_Barleywine":null,"max_abv_Barleywine":null,"best_beer":"Corgo\u0148 Maurus 12\u00b0","best_beer_score":2.9566666667,"most_popular_beer":"Corgo\u0148 Svetl\u00e9 Pivo 10%","popularity":4.0,"n_beers":5.0,"avg_abv":4.06,"max_abv_beer":"Corgo\u0148 4-sladov\u00fd","max_abv":4.6},{"brewery":"Ko\u010dovn\u00fd Pivovar Hellstork","city":"Senica","lat":48.67922,"long":17.36697,"best_beer_IPA":null,"best_beer_score_IPA":null,"most_popular_beer_IPA":null,"popularity_IPA":null,"n_beers_IPA":null,"avg_abv_IPA":null,"max_abv_beer_IPA":null,"max_abv_IPA":null,"best_beer_Ale":"Kraken IPA 15\u00b0","best_beer_score_Ale":2.8333333333,"most_popular_beer_Ale":"Hellstork De\u017eko 12\u00b0","popularity_Ale":1.0,"n_beers_Ale":2.0,"avg_abv_Ale":6.05,"max_abv_beer_Ale":"Kraken IPA 15\u00b0","max_abv_Ale":6.5,"best_beer_Lager":null,"best_beer_score_Lager":null,"most_popular_beer_Lager":null,"popularity_Lager":null,"n_beers_Lager":null,"avg_abv_Lager":null,"max_abv_beer_Lager":null,"max_abv_Lager":null,"best_beer_Stout":null,"best_beer_score_Stout":null,"most_popular_beer_Stout":null,"popularity_Stout":null,"n_beers_Stout":null,"avg_abv_Stout":null,"max_abv_beer_Stout":null,"max_abv_Stout":null,"best_beer_Pilsner":null,"best_beer_score_Pilsner":null,"most_popular_beer_Pilsner":null,"popularity_Pilsner":null,"n_beers_Pilsner":null,"avg_abv_Pilsner":null,"max_abv_beer_Pilsner":null,"max_abv_Pilsner":null,"best_beer_Porter":null,"best_beer_score_Porter":null,"most_popular_beer_Porter":null,"popularity_Porter":null,"n_beers_Porter":null,"avg_abv_Porter":null,"max_abv_beer_Porter":null,"max_abv_Porter":null,"best_beer_Fruit":null,"best_beer_score_Fruit":null,"most_popular_beer_Fruit":null,"popularity_Fruit":null,"n_beers_Fruit":null,"avg_abv_Fruit":null,"max_abv_beer_Fruit":null,"max_abv_Fruit":null,"best_beer_Roggenbier":null,"best_beer_score_Roggenbier":null,"most_popular_beer_Roggenbier":null,"popularity_Roggenbier":null,"n_beers_Roggenbier":null,"avg_abv_Roggenbier":null,"max_abv_beer_Roggenbier":null,"max_abv_Roggenbier":null,"best_beer_Herb":null,"best_beer_score_Herb":null,"most_popular_beer_Herb":null,"popularity_Herb":null,"n_beers_Herb":null,"avg_abv_Herb":null,"max_abv_beer_Herb":null,"max_abv_Herb":null,"best_beer_Smoke":null,"best_beer_score_Smoke":null,"most_popular_beer_Smoke":null,"popularity_Smoke":null,"n_beers_Smoke":null,"avg_abv_Smoke":null,"max_abv_beer_Smoke":null,"max_abv_Smoke":null,"best_beer_Barleywine":null,"best_beer_score_Barleywine":null,"most_popular_beer_Barleywine":null,"popularity_Barleywine":null,"n_beers_Barleywine":null,"avg_abv_Barleywine":null,"max_abv_beer_Barleywine":null,"max_abv_Barleywine":null,"best_beer":"Hellstork Prototyp California Common","best_beer_score":2.9233333333,"most_popular_beer":"Hellstork De\u017eko 12\u00b0","popularity":1.0,"n_beers":3.0,"avg_abv":5.8,"max_abv_beer":"Kraken IPA 15\u00b0","max_abv":6.5},{"brewery":"Pivovar Steiger","city":"Vyhne","lat":48.50028005,"long":18.7924794889,"best_beer_IPA":null,"best_beer_score_IPA":null,"most_popular_beer_IPA":null,"popularity_IPA":null,"n_beers_IPA":null,"avg_abv_IPA":null,"max_abv_beer_IPA":null,"max_abv_IPA":null,"best_beer_Ale":null,"best_beer_score_Ale":null,"most_popular_beer_Ale":null,"popularity_Ale":null,"n_beers_Ale":null,"avg_abv_Ale":null,"max_abv_beer_Ale":null,"max_abv_Ale":null,"best_beer_Lager":"Steiger 11% Tmav\u00fd","best_beer_score_Lager":3.0025,"most_popular_beer_Lager":"Steiger 11% Tmav\u00fd","popularity_Lager":2.0,"n_beers_Lager":1.0,"avg_abv_Lager":4.5,"max_abv_beer_Lager":"Steiger 11% Tmav\u00fd","max_abv_Lager":4.5,"best_beer_Stout":null,"best_beer_score_Stout":null,"most_popular_beer_Stout":null,"popularity_Stout":null,"n_beers_Stout":null,"avg_abv_Stout":null,"max_abv_beer_Stout":null,"max_abv_Stout":null,"best_beer_Pilsner":null,"best_beer_score_Pilsner":null,"most_popular_beer_Pilsner":null,"popularity_Pilsner":null,"n_beers_Pilsner":null,"avg_abv_Pilsner":null,"max_abv_beer_Pilsner":null,"max_abv_Pilsner":null,"best_beer_Porter":null,"best_beer_score_Porter":null,"most_popular_beer_Porter":null,"popularity_Porter":null,"n_beers_Porter":null,"avg_abv_Porter":null,"max_abv_beer_Porter":null,"max_abv_Porter":null,"best_beer_Fruit":null,"best_beer_score_Fruit":null,"most_popular_beer_Fruit":null,"popularity_Fruit":null,"n_beers_Fruit":null,"avg_abv_Fruit":null,"max_abv_beer_Fruit":null,"max_abv_Fruit":null,"best_beer_Roggenbier":null,"best_beer_score_Roggenbier":null,"most_popular_beer_Roggenbier":null,"popularity_Roggenbier":null,"n_beers_Roggenbier":null,"avg_abv_Roggenbier":null,"max_abv_beer_Roggenbier":null,"max_abv_Roggenbier":null,"best_beer_Herb":null,"best_beer_score_Herb":null,"most_popular_beer_Herb":null,"popularity_Herb":null,"n_beers_Herb":null,"avg_abv_Herb":null,"max_abv_beer_Herb":null,"max_abv_Herb":null,"best_beer_Smoke":null,"best_beer_score_Smoke":null,"most_popular_beer_Smoke":null,"popularity_Smoke":null,"n_beers_Smoke":null,"avg_abv_Smoke":null,"max_abv_beer_Smoke":null,"max_abv_Smoke":null,"best_beer_Barleywine":null,"best_beer_score_Barleywine":null,"most_popular_beer_Barleywine":null,"popularity_Barleywine":null,"n_beers_Barleywine":null,"avg_abv_Barleywine":null,"max_abv_beer_Barleywine":null,"max_abv_Barleywine":null,"best_beer":"Steiger 11% Tmav\u00fd","best_beer_score":3.0025,"most_popular_beer":"Steiger 11% Tmav\u00fd","popularity":2.0,"n_beers":1.0,"avg_abv":4.5,"max_abv_beer":"Steiger 11% Tmav\u00fd","max_abv":4.5},{"brewery":"Pivovar Stupavar","city":"Stupava","lat":48.27474,"long":17.03173,"best_beer_IPA":"American Ipa","best_beer_score_IPA":2.9883333333,"most_popular_beer_IPA":"American Ipa","popularity_IPA":4.0,"n_beers_IPA":2.0,"avg_abv_IPA":6.1,"max_abv_beer_IPA":"Black IPA","max_abv_IPA":6.6,"best_beer_Ale":null,"best_beer_score_Ale":null,"most_popular_beer_Ale":null,"popularity_Ale":null,"n_beers_Ale":null,"avg_abv_Ale":null,"max_abv_beer_Ale":null,"max_abv_Ale":null,"best_beer_Lager":null,"best_beer_score_Lager":null,"most_popular_beer_Lager":null,"popularity_Lager":null,"n_beers_Lager":null,"avg_abv_Lager":null,"max_abv_beer_Lager":null,"max_abv_Lager":null,"best_beer_Stout":null,"best_beer_score_Stout":null,"most_popular_beer_Stout":null,"popularity_Stout":null,"n_beers_Stout":null,"avg_abv_Stout":null,"max_abv_beer_Stout":null,"max_abv_Stout":null,"best_beer_Pilsner":null,"best_beer_score_Pilsner":null,"most_popular_beer_Pilsner":null,"popularity_Pilsner":null,"n_beers_Pilsner":null,"avg_abv_Pilsner":null,"max_abv_beer_Pilsner":null,"max_abv_Pilsner":null,"best_beer_Porter":null,"best_beer_score_Porter":null,"most_popular_beer_Porter":null,"popularity_Porter":null,"n_beers_Porter":null,"avg_abv_Porter":null,"max_abv_beer_Porter":null,"max_abv_Porter":null,"best_beer_Fruit":null,"best_beer_score_Fruit":null,"most_popular_beer_Fruit":null,"popularity_Fruit":null,"n_beers_Fruit":null,"avg_abv_Fruit":null,"max_abv_beer_Fruit":null,"max_abv_Fruit":null,"best_beer_Roggenbier":null,"best_beer_score_Roggenbier":null,"most_popular_beer_Roggenbier":null,"popularity_Roggenbier":null,"n_beers_Roggenbier":null,"avg_abv_Roggenbier":null,"max_abv_beer_Roggenbier":null,"max_abv_Roggenbier":null,"best_beer_Herb":null,"best_beer_score_Herb":null,"most_popular_beer_Herb":null,"popularity_Herb":null,"n_beers_Herb":null,"avg_abv_Herb":null,"max_abv_beer_Herb":null,"max_abv_Herb":null,"best_beer_Smoke":null,"best_beer_score_Smoke":null,"most_popular_beer_Smoke":null,"popularity_Smoke":null,"n_beers_Smoke":null,"avg_abv_Smoke":null,"max_abv_beer_Smoke":null,"max_abv_Smoke":null,"best_beer_Barleywine":null,"best_beer_score_Barleywine":null,"most_popular_beer_Barleywine":null,"popularity_Barleywine":null,"n_beers_Barleywine":null,"avg_abv_Barleywine":null,"max_abv_beer_Barleywine":null,"max_abv_Barleywine":null,"best_beer":"American Ipa","best_beer_score":2.9883333333,"most_popular_beer":"American Ipa","popularity":4.0,"n_beers":3.0,"avg_abv":5.6666666667,"max_abv_beer":"Black IPA","max_abv":6.6},{"brewery":"Bratislavsk\u00fd Me\u0161tiansky Pivovar","city":"Bratislava","lat":48.14816,"long":17.10674,"best_beer_IPA":null,"best_beer_score_IPA":null,"most_popular_beer_IPA":null,"popularity_IPA":null,"n_beers_IPA":null,"avg_abv_IPA":null,"max_abv_beer_IPA":null,"max_abv_IPA":null,"best_beer_Ale":null,"best_beer_score_Ale":null,"most_popular_beer_Ale":null,"popularity_Ale":null,"n_beers_Ale":null,"avg_abv_Ale":null,"max_abv_beer_Ale":null,"max_abv_Ale":null,"best_beer_Lager":null,"best_beer_score_Lager":null,"most_popular_beer_Lager":null,"popularity_Lager":null,"n_beers_Lager":null,"avg_abv_Lager":null,"max_abv_beer_Lager":null,"max_abv_Lager":null,"best_beer_Stout":null,"best_beer_score_Stout":null,"most_popular_beer_Stout":null,"popularity_Stout":null,"n_beers_Stout":null,"avg_abv_Stout":null,"max_abv_beer_Stout":null,"max_abv_Stout":null,"best_beer_Pilsner":"Bratislavsk\u00fd Le\u017eiak","best_beer_score_Pilsner":2.934,"most_popular_beer_Pilsner":"Bratislavsk\u00fd Le\u017eiak","popularity_Pilsner":3.0,"n_beers_Pilsner":1.0,"avg_abv_Pilsner":6.0,"max_abv_beer_Pilsner":"Bratislavsk\u00fd Le\u017eiak","max_abv_Pilsner":6.0,"best_beer_Porter":null,"best_beer_score_Porter":null,"most_popular_beer_Porter":null,"popularity_Porter":null,"n_beers_Porter":null,"avg_abv_Porter":null,"max_abv_beer_Porter":null,"max_abv_Porter":null,"best_beer_Fruit":null,"best_beer_score_Fruit":null,"most_popular_beer_Fruit":null,"popularity_Fruit":null,"n_beers_Fruit":null,"avg_abv_Fruit":null,"max_abv_beer_Fruit":null,"max_abv_Fruit":null,"best_beer_Roggenbier":null,"best_beer_score_Roggenbier":null,"most_popular_beer_Roggenbier":null,"popularity_Roggenbier":null,"n_beers_Roggenbier":null,"avg_abv_Roggenbier":null,"max_abv_beer_Roggenbier":null,"max_abv_Roggenbier":null,"best_beer_Herb":null,"best_beer_score_Herb":null,"most_popular_beer_Herb":null,"popularity_Herb":null,"n_beers_Herb":null,"avg_abv_Herb":null,"max_abv_beer_Herb":null,"max_abv_Herb":null,"best_beer_Smoke":null,"best_beer_score_Smoke":null,"most_popular_beer_Smoke":null,"popularity_Smoke":null,"n_beers_Smoke":null,"avg_abv_Smoke":null,"max_abv_beer_Smoke":null,"max_abv_Smoke":null,"best_beer_Barleywine":null,"best_beer_score_Barleywine":null,"most_popular_beer_Barleywine":null,"popularity_Barleywine":null,"n_beers_Barleywine":null,"avg_abv_Barleywine":null,"max_abv_beer_Barleywine":null,"max_abv_Barleywine":null,"best_beer":"Bratislavsk\u00fd Le\u017eiak","best_beer_score":2.934,"most_popular_beer":"Bratislavsk\u00fd Le\u017eiak","popularity":3.0,"n_beers":1.0,"avg_abv":6.0,"max_abv_beer":"Bratislavsk\u00fd Le\u017eiak","max_abv":6.0},{"brewery":"Centr\u00e1lna Klubov\u0148a","city":"Bratislava","lat":48.14816,"long":17.10674,"best_beer_IPA":null,"best_beer_score_IPA":null,"most_popular_beer_IPA":null,"popularity_IPA":null,"n_beers_IPA":null,"avg_abv_IPA":null,"max_abv_beer_IPA":null,"max_abv_IPA":null,"best_beer_Ale":null,"best_beer_score_Ale":null,"most_popular_beer_Ale":null,"popularity_Ale":null,"n_beers_Ale":null,"avg_abv_Ale":null,"max_abv_beer_Ale":null,"max_abv_Ale":null,"best_beer_Lager":null,"best_beer_score_Lager":null,"most_popular_beer_Lager":null,"popularity_Lager":null,"n_beers_Lager":null,"avg_abv_Lager":null,"max_abv_beer_Lager":null,"max_abv_Lager":null,"best_beer_Stout":null,"best_beer_score_Stout":null,"most_popular_beer_Stout":null,"popularity_Stout":null,"n_beers_Stout":null,"avg_abv_Stout":null,"max_abv_beer_Stout":null,"max_abv_Stout":null,"best_beer_Pilsner":"Klubov\u0148\u00e1cka 11\u00b0","best_beer_score_Pilsner":2.9666666667,"most_popular_beer_Pilsner":"Klubov\u0148\u00e1cka 11\u00b0","popularity_Pilsner":1.0,"n_beers_Pilsner":1.0,"avg_abv_Pilsner":4.1,"max_abv_beer_Pilsner":"Klubov\u0148\u00e1cka 11\u00b0","max_abv_Pilsner":4.1,"best_beer_Porter":null,"best_beer_score_Porter":null,"most_popular_beer_Porter":null,"popularity_Porter":null,"n_beers_Porter":null,"avg_abv_Porter":null,"max_abv_beer_Porter":null,"max_abv_Porter":null,"best_beer_Fruit":null,"best_beer_score_Fruit":null,"most_popular_beer_Fruit":null,"popularity_Fruit":null,"n_beers_Fruit":null,"avg_abv_Fruit":null,"max_abv_beer_Fruit":null,"max_abv_Fruit":null,"best_beer_Roggenbier":null,"best_beer_score_Roggenbier":null,"most_popular_beer_Roggenbier":null,"popularity_Roggenbier":null,"n_beers_Roggenbier":null,"avg_abv_Roggenbier":null,"max_abv_beer_Roggenbier":null,"max_abv_Roggenbier":null,"best_beer_Herb":null,"best_beer_score_Herb":null,"most_popular_beer_Herb":null,"popularity_Herb":null,"n_beers_Herb":null,"avg_abv_Herb":null,"max_abv_beer_Herb":null,"max_abv_Herb":null,"best_beer_Smoke":null,"best_beer_score_Smoke":null,"most_popular_beer_Smoke":null,"popularity_Smoke":null,"n_beers_Smoke":null,"avg_abv_Smoke":null,"max_abv_beer_Smoke":null,"max_abv_Smoke":null,"best_beer_Barleywine":null,"best_beer_score_Barleywine":null,"most_popular_beer_Barleywine":null,"popularity_Barleywine":null,"n_beers_Barleywine":null,"avg_abv_Barleywine":null,"max_abv_beer_Barleywine":null,"max_abv_Barleywine":null,"best_beer":"Klubov\u0148\u00e1cka 11\u00b0","best_beer_score":2.9666666667,"most_popular_beer":"Klubov\u0148\u00e1cka 11\u00b0","popularity":1.0,"n_beers":1.0,"avg_abv":4.1,"max_abv_beer":"Klubov\u0148\u00e1cka 11\u00b0","max_abv":4.1},{"brewery":"Pivovar Popper","city":"Byt\u010da","lat":49.22404,"long":18.55878,"best_beer_IPA":null,"best_beer_score_IPA":null,"most_popular_beer_IPA":null,"popularity_IPA":null,"n_beers_IPA":null,"avg_abv_IPA":null,"max_abv_beer_IPA":null,"max_abv_IPA":null,"best_beer_Ale":null,"best_beer_score_Ale":null,"most_popular_beer_Ale":null,"popularity_Ale":null,"n_beers_Ale":null,"avg_abv_Ale":null,"max_abv_beer_Ale":null,"max_abv_Ale":null,"best_beer_Lager":"Palatin 16% (Le\u009eiak Exklusiv Tmav\u00fd)","best_beer_score_Lager":2.97,"most_popular_beer_Lager":"Palatin 16% (Le\u009eiak Exklusiv Tmav\u00fd)","popularity_Lager":1.0,"n_beers_Lager":2.0,"avg_abv_Lager":4.6,"max_abv_beer_Lager":"Palatin 16% (Le\u009eiak Exklusiv Tmav\u00fd)","max_abv_Lager":6.0,"best_beer_Stout":null,"best_beer_score_Stout":null,"most_popular_beer_Stout":null,"popularity_Stout":null,"n_beers_Stout":null,"avg_abv_Stout":null,"max_abv_beer_Stout":null,"max_abv_Stout":null,"best_beer_Pilsner":"Popper Svetl\u00e8 Pivo","best_beer_score_Pilsner":2.8,"most_popular_beer_Pilsner":"Popper Svetl\u00e8 Pivo","popularity_Pilsner":1.0,"n_beers_Pilsner":1.0,"avg_abv_Pilsner":4.0,"max_abv_beer_Pilsner":"Popper Svetl\u00e8 Pivo","max_abv_Pilsner":4.0,"best_beer_Porter":null,"best_beer_score_Porter":null,"most_popular_beer_Porter":null,"popularity_Porter":null,"n_beers_Porter":null,"avg_abv_Porter":null,"max_abv_beer_Porter":null,"max_abv_Porter":null,"best_beer_Fruit":null,"best_beer_score_Fruit":null,"most_popular_beer_Fruit":null,"popularity_Fruit":null,"n_beers_Fruit":null,"avg_abv_Fruit":null,"max_abv_beer_Fruit":null,"max_abv_Fruit":null,"best_beer_Roggenbier":null,"best_beer_score_Roggenbier":null,"most_popular_beer_Roggenbier":null,"popularity_Roggenbier":null,"n_beers_Roggenbier":null,"avg_abv_Roggenbier":null,"max_abv_beer_Roggenbier":null,"max_abv_Roggenbier":null,"best_beer_Herb":null,"best_beer_score_Herb":null,"most_popular_beer_Herb":null,"popularity_Herb":null,"n_beers_Herb":null,"avg_abv_Herb":null,"max_abv_beer_Herb":null,"max_abv_Herb":null,"best_beer_Smoke":null,"best_beer_score_Smoke":null,"most_popular_beer_Smoke":null,"popularity_Smoke":null,"n_beers_Smoke":null,"avg_abv_Smoke":null,"max_abv_beer_Smoke":null,"max_abv_Smoke":null,"best_beer_Barleywine":null,"best_beer_score_Barleywine":null,"most_popular_beer_Barleywine":null,"popularity_Barleywine":null,"n_beers_Barleywine":null,"avg_abv_Barleywine":null,"max_abv_beer_Barleywine":null,"max_abv_Barleywine":null,"best_beer":"Palatin 16% (Le\u009eiak Exklusiv Tmav\u00fd)","best_beer_score":2.97,"most_popular_beer":"Palatin 16% (Le\u009eiak Exklusiv Tmav\u00fd)","popularity":1.0,"n_beers":3.0,"avg_abv":4.4,"max_abv_beer":"Palatin 16% (Le\u009eiak Exklusiv Tmav\u00fd)","max_abv":6.0}]