[{"brewery":"Cadejo Brewing Co.","city":"San Salvador","lat":13.68935,"long":-89.18718,"best_beer_IPA":"suegra","best_beer_score_IPA":2.72,"most_popular_beer_IPA":"suegra","popularity_IPA":1.0,"n_beers_IPA":1.0,"avg_abv_IPA":5.5,"max_abv_beer_IPA":"suegra","max_abv_IPA":5.5,"best_beer_Ale":"Roja Red Ale","best_beer_score_Ale":3.3166666667,"most_popular_beer_Ale":"Wapa Wheat American Pale Ale","popularity_Ale":5.0,"n_beers_Ale":3.0,"avg_abv_Ale":5.3,"max_abv_beer_Ale":"Roja Red Ale","max_abv_Ale":5.7,"best_beer_Lager":null,"best_beer_score_Lager":null,"most_popular_beer_Lager":null,"popularity_Lager":null,"n_beers_Lager":null,"avg_abv_Lager":null,"max_abv_beer_Lager":null,"max_abv_Lager":null,"best_beer_Stout":"La Negra","best_beer_score_Stout":3.026,"most_popular_beer_Stout":"La Negra","popularity_Stout":3.0,"n_beers_Stout":1.0,"avg_abv_Stout":4.8,"max_abv_beer_Stout":"La Negra","max_abv_Stout":4.8,"best_beer_Pilsner":null,"best_beer_score_Pilsner":null,"most_popular_beer_Pilsner":null,"popularity_Pilsner":null,"n_beers_Pilsner":null,"avg_abv_Pilsner":null,"max_abv_beer_Pilsner":null,"max_abv_Pilsner":null,"best_beer_Porter":null,"best_beer_score_Porter":null,"most_popular_beer_Porter":null,"popularity_Porter":null,"n_beers_Porter":null,"avg_abv_Porter":null,"max_abv_beer_Porter":null,"max_abv_Porter":null,"best_beer_Fruit":null,"best_beer_score_Fruit":null,"most_popular_beer_Fruit":null,"popularity_Fruit":null,"n_beers_Fruit":null,"avg_abv_Fruit":null,"max_abv_beer_Fruit":null,"max_abv_Fruit":null,"best_beer_Roggenbier":null,"best_beer_score_Roggenbier":null,"most_popular_beer_Roggenbier":null,"popularity_Roggenbier":null,"n_beers_Roggenbier":null,"avg_abv_Roggenbier":null,"max_abv_beer_Roggenbier":null,"max_abv_Roggenbier":null,"best_beer_Herb":null,"best_beer_score_Herb":null,"most_popular_beer_Herb":null,"popularity_Herb":null,"n_beers_Herb":null,"avg_abv_Herb":null,"max_abv_beer_Herb":null,"max_abv_Herb":null,"best_beer_Smoke":null,"best_beer_score_Smoke":null,"most_popular_beer_Smoke":null,"popularity_Smoke":null,"n_beers_Smoke":null,"avg_abv_Smoke":null,"max_abv_beer_Smoke":null,"max_abv_Smoke":null,"best_beer_Barleywine":null,"best_beer_score_Barleywine":null,"most_popular_beer_Barleywine":null,"popularity_Barleywine":null,"n_beers_Barleywine":null,"avg_abv_Barleywine":null,"max_abv_beer_Barleywine":null,"max_abv_Barleywine":null,"best_beer":"Roja Red Ale","best_beer_score":3.3166666667,"most_popular_beer":"Wapa Wheat American Pale Ale","popularity":5.0,"n_beers":8.0,"avg_abv":5.125,"max_abv_beer":"Roja Red Ale","max_abv":5.7},{"brewery":"Cerveceria La Constancia S.A. \/ BevCo Ltd","city":"San Salvador","lat":13.68935,"long":-89.18718,"best_beer_IPA":null,"best_beer_score_IPA":null,"most_popular_beer_IPA":null,"popularity_IPA":null,"n_beers_IPA":null,"avg_abv_IPA":null,"max_abv_beer_IPA":null,"max_abv_IPA":null,"best_beer_Ale":null,"best_beer_score_Ale":null,"most_popular_beer_Ale":null,"popularity_Ale":null,"n_beers_Ale":null,"avg_abv_Ale":null,"max_abv_beer_Ale":null,"max_abv_Ale":null,"best_beer_Lager":"Suprema Negra","best_beer_score_Lager":3.07,"most_popular_beer_Lager":"Cerveza Caguama","popularity_Lager":110.0,"n_beers_Lager":11.0,"avg_abv_Lager":4.3909090909,"max_abv_beer_Lager":"Regia Extra","max_abv_Lager":5.3,"best_beer_Stout":null,"best_beer_score_Stout":null,"most_popular_beer_Stout":null,"popularity_Stout":null,"n_beers_Stout":null,"avg_abv_Stout":null,"max_abv_beer_Stout":null,"max_abv_Stout":null,"best_beer_Pilsner":"Pilsener","best_beer_score_Pilsner":2.8594117647,"most_popular_beer_Pilsner":"Pilsener","popularity_Pilsner":100.0,"n_beers_Pilsner":1.0,"avg_abv_Pilsner":3.9,"max_abv_beer_Pilsner":"Pilsener","max_abv_Pilsner":3.9,"best_beer_Porter":null,"best_beer_score_Porter":null,"most_popular_beer_Porter":null,"popularity_Porter":null,"n_beers_Porter":null,"avg_abv_Porter":null,"max_abv_beer_Porter":null,"max_abv_Porter":null,"best_beer_Fruit":null,"best_beer_score_Fruit":null,"most_popular_beer_Fruit":null,"popularity_Fruit":null,"n_beers_Fruit":null,"avg_abv_Fruit":null,"max_abv_beer_Fruit":null,"max_abv_Fruit":null,"best_beer_Roggenbier":null,"best_beer_score_Roggenbier":null,"most_popular_beer_Roggenbier":null,"popularity_Roggenbier":null,"n_beers_Roggenbier":null,"avg_abv_Roggenbier":null,"max_abv_beer_Roggenbier":null,"max_abv_Roggenbier":null,"best_beer_Herb":null,"best_beer_score_Herb":null,"most_popular_beer_Herb":null,"popularity_Herb":null,"n_beers_Herb":null,"avg_abv_Herb":null,"max_abv_beer_Herb":null,"max_abv_Herb":null,"best_beer_Smoke":null,"best_beer_score_Smoke":null,"most_popular_beer_Smoke":null,"popularity_Smoke":null,"n_beers_Smoke":null,"avg_abv_Smoke":null,"max_abv_beer_Smoke":null,"max_abv_Smoke":null,"best_beer_Barleywine":null,"best_beer_score_Barleywine":null,"most_popular_beer_Barleywine":null,"popularity_Barleywine":null,"n_beers_Barleywine":null,"avg_abv_Barleywine":null,"max_abv_beer_Barleywine":null,"max_abv_Barleywine":null,"best_beer":"Suprema Negra","best_beer_score":3.07,"most_popular_beer":"Cerveza Caguama","popularity":110.0,"n_beers":12.0,"avg_abv":4.35,"max_abv_beer":"Regia Extra","max_abv":5.3},{"brewery":"Sivar Brewing Company","city":"Antiguo Cuscatl\u00e1n","lat":13.66492,"long":-89.25319,"best_beer_IPA":null,"best_beer_score_IPA":null,"most_popular_beer_IPA":null,"popularity_IPA":null,"n_beers_IPA":null,"avg_abv_IPA":null,"max_abv_beer_IPA":null,"max_abv_IPA":null,"best_beer_Ale":"Premio Artisan Wheat Ale","best_beer_score_Ale":2.66,"most_popular_beer_Ale":"Premio Artisan Wheat Ale","popularity_Ale":1.0,"n_beers_Ale":1.0,"avg_abv_Ale":4.9,"max_abv_beer_Ale":"Premio Artisan Wheat Ale","max_abv_Ale":4.9,"best_beer_Lager":"Premio Artisan Classic Lager","best_beer_score_Lager":2.6066666667,"most_popular_beer_Lager":"Premio Artisan Classic Lager","popularity_Lager":1.0,"n_beers_Lager":1.0,"avg_abv_Lager":4.6,"max_abv_beer_Lager":"Premio Artisan Classic Lager","max_abv_Lager":4.6,"best_beer_Stout":null,"best_beer_score_Stout":null,"most_popular_beer_Stout":null,"popularity_Stout":null,"n_beers_Stout":null,"avg_abv_Stout":null,"max_abv_beer_Stout":null,"max_abv_Stout":null,"best_beer_Pilsner":null,"best_beer_score_Pilsner":null,"most_popular_beer_Pilsner":null,"popularity_Pilsner":null,"n_beers_Pilsner":null,"avg_abv_Pilsner":null,"max_abv_beer_Pilsner":null,"max_abv_Pilsner":null,"best_beer_Porter":null,"best_beer_score_Porter":null,"most_popular_beer_Porter":null,"popularity_Porter":null,"n_beers_Porter":null,"avg_abv_Porter":null,"max_abv_beer_Porter":null,"max_abv_Porter":null,"best_beer_Fruit":null,"best_beer_score_Fruit":null,"most_popular_beer_Fruit":null,"popularity_Fruit":null,"n_beers_Fruit":null,"avg_abv_Fruit":null,"max_abv_beer_Fruit":null,"max_abv_Fruit":null,"best_beer_Roggenbier":null,"best_beer_score_Roggenbier":null,"most_popular_beer_Roggenbier":null,"popularity_Roggenbier":null,"n_beers_Roggenbier":null,"avg_abv_Roggenbier":null,"max_abv_beer_Roggenbier":null,"max_abv_Roggenbier":null,"best_beer_Herb":null,"best_beer_score_Herb":null,"most_popular_beer_Herb":null,"popularity_Herb":null,"n_beers_Herb":null,"avg_abv_Herb":null,"max_abv_beer_Herb":null,"max_abv_Herb":null,"best_beer_Smoke":null,"best_beer_score_Smoke":null,"most_popular_beer_Smoke":null,"popularity_Smoke":null,"n_beers_Smoke":null,"avg_abv_Smoke":null,"max_abv_beer_Smoke":null,"max_abv_Smoke":null,"best_beer_Barleywine":null,"best_beer_score_Barleywine":null,"most_popular_beer_Barleywine":null,"popularity_Barleywine":null,"n_beers_Barleywine":null,"avg_abv_Barleywine":null,"max_abv_beer_Barleywine":null,"max_abv_Barleywine":null,"best_beer":"Premio Artisan Wheat Ale","best_beer_score":2.66,"most_popular_beer":"Premio Artisan Classic Lager","popularity":1.0,"n_beers":2.0,"avg_abv":4.75,"max_abv_beer":"Premio Artisan Wheat Ale","max_abv":4.9}]