[{"brewery":"Turks Head Brewery","city":"Provodenciales","lat":21.7691127,"long":-72.2379794,"best_beer_IPA":"Turk's Head IPA","best_beer_score_IPA":3.0,"most_popular_beer_IPA":"Turk's Head Island Hopping Ale","popularity_IPA":2.0,"n_beers_IPA":2.0,"avg_abv_IPA":6.0,"max_abv_beer_IPA":"Turk's Head Island Hopping Ale","max_abv_IPA":6.0,"best_beer_Ale":"Turk's Head IPA","best_beer_score_Ale":3.0,"most_popular_beer_Ale":"Turk's Head Island Hopping Ale","popularity_Ale":2.0,"n_beers_Ale":2.0,"avg_abv_Ale":6.0,"max_abv_beer_Ale":"Turk's Head Island Hopping Ale","max_abv_Ale":6.0,"best_beer_Lager":"Turk's Head Island Draught Amber","best_beer_score_Lager":3.1339130435,"most_popular_beer_Lager":"Turks Head Lager","popularity_Lager":58.0,"n_beers_Lager":4.0,"avg_abv_Lager":5.4,"max_abv_beer_Lager":"Turk's Head Island Draught Amber","max_abv_Lager":6.0,"best_beer_Stout":"Turk's Head Stout","best_beer_score_Stout":3.338,"most_popular_beer_Stout":"Turk's Head Stout","popularity_Stout":3.0,"n_beers_Stout":1.0,"avg_abv_Stout":5.0,"max_abv_beer_Stout":"Turk's Head Stout","max_abv_Stout":5.0,"best_beer_Pilsner":null,"best_beer_score_Pilsner":null,"most_popular_beer_Pilsner":null,"popularity_Pilsner":null,"n_beers_Pilsner":null,"avg_abv_Pilsner":null,"max_abv_beer_Pilsner":null,"max_abv_Pilsner":null,"best_beer_Porter":null,"best_beer_score_Porter":null,"most_popular_beer_Porter":null,"popularity_Porter":null,"n_beers_Porter":null,"avg_abv_Porter":null,"max_abv_beer_Porter":null,"max_abv_Porter":null,"best_beer_Fruit":null,"best_beer_score_Fruit":null,"most_popular_beer_Fruit":null,"popularity_Fruit":null,"n_beers_Fruit":null,"avg_abv_Fruit":null,"max_abv_beer_Fruit":null,"max_abv_Fruit":null,"best_beer_Roggenbier":null,"best_beer_score_Roggenbier":null,"most_popular_beer_Roggenbier":null,"popularity_Roggenbier":null,"n_beers_Roggenbier":null,"avg_abv_Roggenbier":null,"max_abv_beer_Roggenbier":null,"max_abv_Roggenbier":null,"best_beer_Herb":null,"best_beer_score_Herb":null,"most_popular_beer_Herb":null,"popularity_Herb":null,"n_beers_Herb":null,"avg_abv_Herb":null,"max_abv_beer_Herb":null,"max_abv_Herb":null,"best_beer_Smoke":null,"best_beer_score_Smoke":null,"most_popular_beer_Smoke":null,"popularity_Smoke":null,"n_beers_Smoke":null,"avg_abv_Smoke":null,"max_abv_beer_Smoke":null,"max_abv_Smoke":null,"best_beer_Barleywine":null,"best_beer_score_Barleywine":null,"most_popular_beer_Barleywine":null,"popularity_Barleywine":null,"n_beers_Barleywine":null,"avg_abv_Barleywine":null,"max_abv_beer_Barleywine":null,"max_abv_Barleywine":null,"best_beer":"Turk's Head Stout","best_beer_score":3.338,"most_popular_beer":"Turks Head Lager","popularity":58.0,"n_beers":8.0,"avg_abv":5.45,"max_abv_beer":"Turk's Head Island Hopping Ale","max_abv":6.0}]