[{"brewery":"Biyat H.J.","city":"Ashgabat","lat":37.95,"long":58.38333,"best_beer_IPA":null,"best_beer_score_IPA":null,"most_popular_beer_IPA":null,"popularity_IPA":null,"n_beers_IPA":null,"avg_abv_IPA":null,"max_abv_beer_IPA":null,"max_abv_IPA":null,"best_beer_Ale":null,"best_beer_score_Ale":null,"most_popular_beer_Ale":null,"popularity_Ale":null,"n_beers_Ale":null,"avg_abv_Ale":null,"max_abv_beer_Ale":null,"max_abv_Ale":null,"best_beer_Lager":"Gold Zip Piwo Abadan","best_beer_score_Lager":2.7833333333,"most_popular_beer_Lager":"Gold Zip Piwo Abadan","popularity_Lager":1.0,"n_beers_Lager":3.0,"avg_abv_Lager":4.0666666667,"max_abv_beer_Lager":"Zip 7 Na\u00fdba\u015fy","max_abv_Lager":5.5,"best_beer_Stout":null,"best_beer_score_Stout":null,"most_popular_beer_Stout":null,"popularity_Stout":null,"n_beers_Stout":null,"avg_abv_Stout":null,"max_abv_beer_Stout":null,"max_abv_Stout":null,"best_beer_Pilsner":null,"best_beer_score_Pilsner":null,"most_popular_beer_Pilsner":null,"popularity_Pilsner":null,"n_beers_Pilsner":null,"avg_abv_Pilsner":null,"max_abv_beer_Pilsner":null,"max_abv_Pilsner":null,"best_beer_Porter":null,"best_beer_score_Porter":null,"most_popular_beer_Porter":null,"popularity_Porter":null,"n_beers_Porter":null,"avg_abv_Porter":null,"max_abv_beer_Porter":null,"max_abv_Porter":null,"best_beer_Fruit":null,"best_beer_score_Fruit":null,"most_popular_beer_Fruit":null,"popularity_Fruit":null,"n_beers_Fruit":null,"avg_abv_Fruit":null,"max_abv_beer_Fruit":null,"max_abv_Fruit":null,"best_beer_Roggenbier":null,"best_beer_score_Roggenbier":null,"most_popular_beer_Roggenbier":null,"popularity_Roggenbier":null,"n_beers_Roggenbier":null,"avg_abv_Roggenbier":null,"max_abv_beer_Roggenbier":null,"max_abv_Roggenbier":null,"best_beer_Herb":null,"best_beer_score_Herb":null,"most_popular_beer_Herb":null,"popularity_Herb":null,"n_beers_Herb":null,"avg_abv_Herb":null,"max_abv_beer_Herb":null,"max_abv_Herb":null,"best_beer_Smoke":null,"best_beer_score_Smoke":null,"most_popular_beer_Smoke":null,"popularity_Smoke":null,"n_beers_Smoke":null,"avg_abv_Smoke":null,"max_abv_beer_Smoke":null,"max_abv_Smoke":null,"best_beer_Barleywine":null,"best_beer_score_Barleywine":null,"most_popular_beer_Barleywine":null,"popularity_Barleywine":null,"n_beers_Barleywine":null,"avg_abv_Barleywine":null,"max_abv_beer_Barleywine":null,"max_abv_Barleywine":null,"best_beer":"Gold Zip Piwo Abadan","best_beer_score":2.7833333333,"most_popular_beer":"Gold Zip Piwo Abadan","popularity":1.0,"n_beers":3.0,"avg_abv":4.0666666667,"max_abv_beer":"Zip 7 Na\u00fdba\u015fy","max_abv":5.5}]