[{"brewery":"Anadolu Efes Brewery","city":"Istanbul","lat":41.01384,"long":28.94966,"best_beer_IPA":null,"best_beer_score_IPA":null,"most_popular_beer_IPA":null,"popularity_IPA":null,"n_beers_IPA":null,"avg_abv_IPA":null,"max_abv_beer_IPA":null,"max_abv_IPA":null,"best_beer_Ale":"Brewmaster Series - Red Ale","best_beer_score_Ale":3.0357142857,"most_popular_beer_Ale":"Brewmaster Series - Red Ale","popularity_Ale":5.0,"n_beers_Ale":3.0,"avg_abv_Ale":5.2333333333,"max_abv_beer_Ale":"Bomonti Red Ale","max_abv_Ale":5.3,"best_beer_Lager":"Pastorsuz","best_beer_score_Lager":3.194,"most_popular_beer_Lager":"Efes Pilsener","popularity_Lager":638.0,"n_beers_Lager":17.0,"avg_abv_Lager":5.2705882353,"max_abv_beer_Lager":"Amsterdam Navigator","max_abv_Lager":8.0,"best_beer_Stout":"Bomonti Black Stout","best_beer_score_Stout":2.972,"most_popular_beer_Stout":"Bomonti Black Stout","popularity_Stout":3.0,"n_beers_Stout":1.0,"avg_abv_Stout":4.5,"max_abv_beer_Stout":"Bomonti Black Stout","max_abv_Stout":4.5,"best_beer_Pilsner":"Ozel Harman Malt Bira","best_beer_score_Pilsner":2.9855555556,"most_popular_beer_Pilsner":"Efes Pilsener Fici\/Draft","popularity_Pilsner":41.0,"n_beers_Pilsner":4.0,"avg_abv_Pilsner":5.0,"max_abv_beer_Pilsner":"Efes Pilsener Fici\/Draft","max_abv_Pilsner":5.0,"best_beer_Porter":null,"best_beer_score_Porter":null,"most_popular_beer_Porter":null,"popularity_Porter":null,"n_beers_Porter":null,"avg_abv_Porter":null,"max_abv_beer_Porter":null,"max_abv_Porter":null,"best_beer_Fruit":"Efes Pilsen Limon Aromal\u0131 F\u0131\u00e7\u0131","best_beer_score_Fruit":2.693,"most_popular_beer_Fruit":"Mariachi Black","popularity_Fruit":8.0,"n_beers_Fruit":2.0,"avg_abv_Fruit":5.0,"max_abv_beer_Fruit":"Mariachi Black","max_abv_Fruit":6.0,"best_beer_Roggenbier":null,"best_beer_score_Roggenbier":null,"most_popular_beer_Roggenbier":null,"popularity_Roggenbier":null,"n_beers_Roggenbier":null,"avg_abv_Roggenbier":null,"max_abv_beer_Roggenbier":null,"max_abv_Roggenbier":null,"best_beer_Herb":"Efes Dark Brown","best_beer_score_Herb":2.8173684211,"most_popular_beer_Herb":"Efes Dark Brown","popularity_Herb":17.0,"n_beers_Herb":3.0,"avg_abv_Herb":5.4666666667,"max_abv_beer_Herb":"Efes Dark Brown","max_abv_Herb":6.2,"best_beer_Smoke":null,"best_beer_score_Smoke":null,"most_popular_beer_Smoke":null,"popularity_Smoke":null,"n_beers_Smoke":null,"avg_abv_Smoke":null,"max_abv_beer_Smoke":null,"max_abv_Smoke":null,"best_beer_Barleywine":null,"best_beer_score_Barleywine":null,"most_popular_beer_Barleywine":null,"popularity_Barleywine":null,"n_beers_Barleywine":null,"avg_abv_Barleywine":null,"max_abv_beer_Barleywine":null,"max_abv_Barleywine":null,"best_beer":"Pastorsuz","best_beer_score":3.194,"most_popular_beer":"Efes Pilsener","popularity":638.0,"n_beers":34.0,"avg_abv":5.2294117647,"max_abv_beer":"Amsterdam Navigator","max_abv":8.0},{"brewery":"Turk Tuborg Brewing and Malting","city":"Izmir","lat":38.41273,"long":27.13838,"best_beer_IPA":null,"best_beer_score_IPA":null,"most_popular_beer_IPA":null,"popularity_IPA":null,"n_beers_IPA":null,"avg_abv_IPA":null,"max_abv_beer_IPA":null,"max_abv_IPA":null,"best_beer_Ale":null,"best_beer_score_Ale":null,"most_popular_beer_Ale":null,"popularity_Ale":null,"n_beers_Ale":null,"avg_abv_Ale":null,"max_abv_beer_Ale":null,"max_abv_Ale":null,"best_beer_Lager":"Tuborg Pure Gold","best_beer_score_Lager":3.1525,"most_popular_beer_Lager":"Tuborg Premium Biere De Luxe Gold","popularity_Lager":54.0,"n_beers_Lager":7.0,"avg_abv_Lager":6.0428571429,"max_abv_beer_Lager":"Tuborg Shot","max_abv_Lager":9.0,"best_beer_Stout":null,"best_beer_score_Stout":null,"most_popular_beer_Stout":null,"popularity_Stout":null,"n_beers_Stout":null,"avg_abv_Stout":null,"max_abv_beer_Stout":null,"max_abv_Stout":null,"best_beer_Pilsner":"Veniis Pilsner","best_beer_score_Pilsner":2.9833333333,"most_popular_beer_Pilsner":"Troy Pilsner","popularity_Pilsner":5.0,"n_beers_Pilsner":2.0,"avg_abv_Pilsner":4.25,"max_abv_beer_Pilsner":"Troy Pilsner","max_abv_Pilsner":5.0,"best_beer_Porter":null,"best_beer_score_Porter":null,"most_popular_beer_Porter":null,"popularity_Porter":null,"n_beers_Porter":null,"avg_abv_Porter":null,"max_abv_beer_Porter":null,"max_abv_Porter":null,"best_beer_Fruit":null,"best_beer_score_Fruit":null,"most_popular_beer_Fruit":null,"popularity_Fruit":null,"n_beers_Fruit":null,"avg_abv_Fruit":null,"max_abv_beer_Fruit":null,"max_abv_Fruit":null,"best_beer_Roggenbier":null,"best_beer_score_Roggenbier":null,"most_popular_beer_Roggenbier":null,"popularity_Roggenbier":null,"n_beers_Roggenbier":null,"avg_abv_Roggenbier":null,"max_abv_beer_Roggenbier":null,"max_abv_Roggenbier":null,"best_beer_Herb":null,"best_beer_score_Herb":null,"most_popular_beer_Herb":null,"popularity_Herb":null,"n_beers_Herb":null,"avg_abv_Herb":null,"max_abv_beer_Herb":null,"max_abv_Herb":null,"best_beer_Smoke":null,"best_beer_score_Smoke":null,"most_popular_beer_Smoke":null,"popularity_Smoke":null,"n_beers_Smoke":null,"avg_abv_Smoke":null,"max_abv_beer_Smoke":null,"max_abv_Smoke":null,"best_beer_Barleywine":null,"best_beer_score_Barleywine":null,"most_popular_beer_Barleywine":null,"popularity_Barleywine":null,"n_beers_Barleywine":null,"avg_abv_Barleywine":null,"max_abv_beer_Barleywine":null,"max_abv_Barleywine":null,"best_beer":"Tuborg Pure Gold","best_beer_score":3.1525,"most_popular_beer":"Tuborg Premium Biere De Luxe Gold","popularity":54.0,"n_beers":11.0,"avg_abv":5.6545454545,"max_abv_beer":"Tuborg Shot","max_abv":9.0},{"brewery":"TAPS Brewery","city":"Gebze","lat":40.80276,"long":29.43068,"best_beer_IPA":null,"best_beer_score_IPA":null,"most_popular_beer_IPA":null,"popularity_IPA":null,"n_beers_IPA":null,"avg_abv_IPA":null,"max_abv_beer_IPA":null,"max_abv_IPA":null,"best_beer_Ale":"Red Ale","best_beer_score_Ale":2.8285714286,"most_popular_beer_Ale":"Red Ale","popularity_Ale":5.0,"n_beers_Ale":1.0,"avg_abv_Ale":4.0,"max_abv_beer_Ale":"Red Ale","max_abv_Ale":4.0,"best_beer_Lager":"Vienna Lager","best_beer_score_Lager":2.7966666667,"most_popular_beer_Lager":"Vienna Lager","popularity_Lager":7.0,"n_beers_Lager":1.0,"avg_abv_Lager":4.5,"max_abv_beer_Lager":"Vienna Lager","max_abv_Lager":4.5,"best_beer_Stout":null,"best_beer_score_Stout":null,"most_popular_beer_Stout":null,"popularity_Stout":null,"n_beers_Stout":null,"avg_abv_Stout":null,"max_abv_beer_Stout":null,"max_abv_Stout":null,"best_beer_Pilsner":null,"best_beer_score_Pilsner":null,"most_popular_beer_Pilsner":null,"popularity_Pilsner":null,"n_beers_Pilsner":null,"avg_abv_Pilsner":null,"max_abv_beer_Pilsner":null,"max_abv_Pilsner":null,"best_beer_Porter":null,"best_beer_score_Porter":null,"most_popular_beer_Porter":null,"popularity_Porter":null,"n_beers_Porter":null,"avg_abv_Porter":null,"max_abv_beer_Porter":null,"max_abv_Porter":null,"best_beer_Fruit":null,"best_beer_score_Fruit":null,"most_popular_beer_Fruit":null,"popularity_Fruit":null,"n_beers_Fruit":null,"avg_abv_Fruit":null,"max_abv_beer_Fruit":null,"max_abv_Fruit":null,"best_beer_Roggenbier":null,"best_beer_score_Roggenbier":null,"most_popular_beer_Roggenbier":null,"popularity_Roggenbier":null,"n_beers_Roggenbier":null,"avg_abv_Roggenbier":null,"max_abv_beer_Roggenbier":null,"max_abv_Roggenbier":null,"best_beer_Herb":null,"best_beer_score_Herb":null,"most_popular_beer_Herb":null,"popularity_Herb":null,"n_beers_Herb":null,"avg_abv_Herb":null,"max_abv_beer_Herb":null,"max_abv_Herb":null,"best_beer_Smoke":null,"best_beer_score_Smoke":null,"most_popular_beer_Smoke":null,"popularity_Smoke":null,"n_beers_Smoke":null,"avg_abv_Smoke":null,"max_abv_beer_Smoke":null,"max_abv_Smoke":null,"best_beer_Barleywine":null,"best_beer_score_Barleywine":null,"most_popular_beer_Barleywine":null,"popularity_Barleywine":null,"n_beers_Barleywine":null,"avg_abv_Barleywine":null,"max_abv_beer_Barleywine":null,"max_abv_Barleywine":null,"best_beer":"Kolsch","best_beer_score":3.0316666667,"most_popular_beer":"Smoke Lager","popularity":15.0,"n_beers":4.0,"avg_abv":4.3,"max_abv_beer":"Vienna Lager","max_abv":4.5},{"brewery":"Gara Guzu","city":"Mu\u011fla","lat":37.21807,"long":28.3665,"best_beer_IPA":"Gara Guzu Ipa 4C","best_beer_score_IPA":3.3925,"most_popular_beer_IPA":"Gara Guzu Ipa 4C","popularity_IPA":2.0,"n_beers_IPA":2.0,"avg_abv_IPA":5.25,"max_abv_beer_IPA":"Gara Guzu Ipa 4C","max_abv_IPA":6.0,"best_beer_Ale":"Gara Guzu Amber Ale","best_beer_score_Ale":3.372,"most_popular_beer_Ale":"Gara Guzu Blonde Ale","popularity_Ale":5.0,"n_beers_Ale":3.0,"avg_abv_Ale":4.5,"max_abv_beer_Ale":"Gara Guzu Blonde Ale","max_abv_Ale":5.0,"best_beer_Lager":null,"best_beer_score_Lager":null,"most_popular_beer_Lager":null,"popularity_Lager":null,"n_beers_Lager":null,"avg_abv_Lager":null,"max_abv_beer_Lager":null,"max_abv_Lager":null,"best_beer_Stout":null,"best_beer_score_Stout":null,"most_popular_beer_Stout":null,"popularity_Stout":null,"n_beers_Stout":null,"avg_abv_Stout":null,"max_abv_beer_Stout":null,"max_abv_Stout":null,"best_beer_Pilsner":null,"best_beer_score_Pilsner":null,"most_popular_beer_Pilsner":null,"popularity_Pilsner":null,"n_beers_Pilsner":null,"avg_abv_Pilsner":null,"max_abv_beer_Pilsner":null,"max_abv_Pilsner":null,"best_beer_Porter":"Gara","best_beer_score_Porter":3.136,"most_popular_beer_Porter":"Gara","popularity_Porter":3.0,"n_beers_Porter":1.0,"avg_abv_Porter":6.4,"max_abv_beer_Porter":"Gara","max_abv_Porter":6.4,"best_beer_Fruit":null,"best_beer_score_Fruit":null,"most_popular_beer_Fruit":null,"popularity_Fruit":null,"n_beers_Fruit":null,"avg_abv_Fruit":null,"max_abv_beer_Fruit":null,"max_abv_Fruit":null,"best_beer_Roggenbier":null,"best_beer_score_Roggenbier":null,"most_popular_beer_Roggenbier":null,"popularity_Roggenbier":null,"n_beers_Roggenbier":null,"avg_abv_Roggenbier":null,"max_abv_beer_Roggenbier":null,"max_abv_Roggenbier":null,"best_beer_Herb":"Gara Guzu Mayhos Saison","best_beer_score_Herb":2.9,"most_popular_beer_Herb":"Gara Guzu Mayhos Saison","popularity_Herb":4.0,"n_beers_Herb":1.0,"avg_abv_Herb":5.5,"max_abv_beer_Herb":"Gara Guzu Mayhos Saison","max_abv_Herb":5.5,"best_beer_Smoke":null,"best_beer_score_Smoke":null,"most_popular_beer_Smoke":null,"popularity_Smoke":null,"n_beers_Smoke":null,"avg_abv_Smoke":null,"max_abv_beer_Smoke":null,"max_abv_Smoke":null,"best_beer_Barleywine":null,"best_beer_score_Barleywine":null,"most_popular_beer_Barleywine":null,"popularity_Barleywine":null,"n_beers_Barleywine":null,"avg_abv_Barleywine":null,"max_abv_beer_Barleywine":null,"max_abv_Barleywine":null,"best_beer":"Gara Guzu Ipa 4C","best_beer_score":3.3925,"most_popular_beer":"Gara Guzu Blonde Ale","popularity":5.0,"n_beers":10.0,"avg_abv":5.4,"max_abv_beer":"Red Ale","max_abv":7.0},{"brewery":"Park G\u0131da","city":"Tekirda\u011f","lat":40.9781,"long":27.51101,"best_beer_IPA":"Eikkimm IPA","best_beer_score_IPA":2.3866666667,"most_popular_beer_IPA":"Eikkimm IPA","popularity_IPA":1.0,"n_beers_IPA":1.0,"avg_abv_IPA":5.0,"max_abv_beer_IPA":"Eikkimm IPA","max_abv_IPA":5.0,"best_beer_Ale":null,"best_beer_score_Ale":null,"most_popular_beer_Ale":null,"popularity_Ale":null,"n_beers_Ale":null,"avg_abv_Ale":null,"max_abv_beer_Ale":null,"max_abv_Ale":null,"best_beer_Lager":null,"best_beer_score_Lager":null,"most_popular_beer_Lager":null,"popularity_Lager":null,"n_beers_Lager":null,"avg_abv_Lager":null,"max_abv_beer_Lager":null,"max_abv_Lager":null,"best_beer_Stout":null,"best_beer_score_Stout":null,"most_popular_beer_Stout":null,"popularity_Stout":null,"n_beers_Stout":null,"avg_abv_Stout":null,"max_abv_beer_Stout":null,"max_abv_Stout":null,"best_beer_Pilsner":null,"best_beer_score_Pilsner":null,"most_popular_beer_Pilsner":null,"popularity_Pilsner":null,"n_beers_Pilsner":null,"avg_abv_Pilsner":null,"max_abv_beer_Pilsner":null,"max_abv_Pilsner":null,"best_beer_Porter":null,"best_beer_score_Porter":null,"most_popular_beer_Porter":null,"popularity_Porter":null,"n_beers_Porter":null,"avg_abv_Porter":null,"max_abv_beer_Porter":null,"max_abv_Porter":null,"best_beer_Fruit":null,"best_beer_score_Fruit":null,"most_popular_beer_Fruit":null,"popularity_Fruit":null,"n_beers_Fruit":null,"avg_abv_Fruit":null,"max_abv_beer_Fruit":null,"max_abv_Fruit":null,"best_beer_Roggenbier":null,"best_beer_score_Roggenbier":null,"most_popular_beer_Roggenbier":null,"popularity_Roggenbier":null,"n_beers_Roggenbier":null,"avg_abv_Roggenbier":null,"max_abv_beer_Roggenbier":null,"max_abv_Roggenbier":null,"best_beer_Herb":null,"best_beer_score_Herb":null,"most_popular_beer_Herb":null,"popularity_Herb":null,"n_beers_Herb":null,"avg_abv_Herb":null,"max_abv_beer_Herb":null,"max_abv_Herb":null,"best_beer_Smoke":null,"best_beer_score_Smoke":null,"most_popular_beer_Smoke":null,"popularity_Smoke":null,"n_beers_Smoke":null,"avg_abv_Smoke":null,"max_abv_beer_Smoke":null,"max_abv_Smoke":null,"best_beer_Barleywine":null,"best_beer_score_Barleywine":null,"most_popular_beer_Barleywine":null,"popularity_Barleywine":null,"n_beers_Barleywine":null,"avg_abv_Barleywine":null,"max_abv_beer_Barleywine":null,"max_abv_Barleywine":null,"best_beer":"Zikkimm Weiss","best_beer_score":2.9166666667,"most_popular_beer":"Zikkimm Weiss","popularity":1.0,"n_beers":3.0,"avg_abv":4.9666666667,"max_abv_beer":"Pera 5 Hefeweizen","max_abv":5.0},{"brewery":"Torch Brewery \/ The Populist","city":"Istanbul","lat":41.01384,"long":28.94966,"best_beer_IPA":null,"best_beer_score_IPA":null,"most_popular_beer_IPA":null,"popularity_IPA":null,"n_beers_IPA":null,"avg_abv_IPA":null,"max_abv_beer_IPA":null,"max_abv_IPA":null,"best_beer_Ale":null,"best_beer_score_Ale":null,"most_popular_beer_Ale":null,"popularity_Ale":null,"n_beers_Ale":null,"avg_abv_Ale":null,"max_abv_beer_Ale":null,"max_abv_Ale":null,"best_beer_Lager":null,"best_beer_score_Lager":null,"most_popular_beer_Lager":null,"popularity_Lager":null,"n_beers_Lager":1.0,"avg_abv_Lager":5.6,"max_abv_beer_Lager":"Vienna Lager","max_abv_Lager":5.6,"best_beer_Stout":null,"best_beer_score_Stout":null,"most_popular_beer_Stout":null,"popularity_Stout":null,"n_beers_Stout":null,"avg_abv_Stout":null,"max_abv_beer_Stout":null,"max_abv_Stout":null,"best_beer_Pilsner":null,"best_beer_score_Pilsner":null,"most_popular_beer_Pilsner":null,"popularity_Pilsner":null,"n_beers_Pilsner":null,"avg_abv_Pilsner":null,"max_abv_beer_Pilsner":null,"max_abv_Pilsner":null,"best_beer_Porter":null,"best_beer_score_Porter":null,"most_popular_beer_Porter":null,"popularity_Porter":null,"n_beers_Porter":null,"avg_abv_Porter":null,"max_abv_beer_Porter":null,"max_abv_Porter":null,"best_beer_Fruit":null,"best_beer_score_Fruit":null,"most_popular_beer_Fruit":null,"popularity_Fruit":null,"n_beers_Fruit":null,"avg_abv_Fruit":null,"max_abv_beer_Fruit":null,"max_abv_Fruit":null,"best_beer_Roggenbier":null,"best_beer_score_Roggenbier":null,"most_popular_beer_Roggenbier":null,"popularity_Roggenbier":null,"n_beers_Roggenbier":null,"avg_abv_Roggenbier":null,"max_abv_beer_Roggenbier":null,"max_abv_Roggenbier":null,"best_beer_Herb":null,"best_beer_score_Herb":null,"most_popular_beer_Herb":null,"popularity_Herb":null,"n_beers_Herb":null,"avg_abv_Herb":null,"max_abv_beer_Herb":null,"max_abv_Herb":null,"best_beer_Smoke":null,"best_beer_score_Smoke":null,"most_popular_beer_Smoke":null,"popularity_Smoke":null,"n_beers_Smoke":null,"avg_abv_Smoke":null,"max_abv_beer_Smoke":null,"max_abv_Smoke":null,"best_beer_Barleywine":null,"best_beer_score_Barleywine":null,"most_popular_beer_Barleywine":null,"popularity_Barleywine":null,"n_beers_Barleywine":null,"avg_abv_Barleywine":null,"max_abv_beer_Barleywine":null,"max_abv_Barleywine":null,"best_beer":"German Style Wheat","best_beer_score":2.9733333333,"most_popular_beer":"German Style Wheat","popularity":1.0,"n_beers":2.0,"avg_abv":5.7,"max_abv_beer":"German Style Wheat","max_abv":5.8}]