[{"brewery":"Carib Brewery Limited","city":"Champs Fleurs","lat":10.6456241,"long":-61.4194256,"best_beer_IPA":null,"best_beer_score_IPA":null,"most_popular_beer_IPA":null,"popularity_IPA":null,"n_beers_IPA":null,"avg_abv_IPA":null,"max_abv_beer_IPA":null,"max_abv_IPA":null,"best_beer_Ale":null,"best_beer_score_Ale":null,"most_popular_beer_Ale":null,"popularity_Ale":null,"n_beers_Ale":null,"avg_abv_Ale":null,"max_abv_beer_Ale":null,"max_abv_Ale":null,"best_beer_Lager":"Black Wolf","best_beer_score_Lager":3.02,"most_popular_beer_Lager":"Carib Lager","popularity_Lager":446.0,"n_beers_Lager":6.0,"avg_abv_Lager":5.2,"max_abv_beer_Lager":"Black Wolf","max_abv_Lager":6.3,"best_beer_Stout":"Mackeson Triple XXX Stout","best_beer_score_Stout":3.8562068966,"most_popular_beer_Stout":"Royal Extra Stout","popularity_Stout":147.0,"n_beers_Stout":3.0,"avg_abv_Stout":6.3,"max_abv_beer_Stout":"Guinness Foreign Extra Stout","max_abv_Stout":7.5,"best_beer_Pilsner":null,"best_beer_score_Pilsner":null,"most_popular_beer_Pilsner":null,"popularity_Pilsner":null,"n_beers_Pilsner":null,"avg_abv_Pilsner":null,"max_abv_beer_Pilsner":null,"max_abv_Pilsner":null,"best_beer_Porter":null,"best_beer_score_Porter":null,"most_popular_beer_Porter":null,"popularity_Porter":null,"n_beers_Porter":null,"avg_abv_Porter":null,"max_abv_beer_Porter":null,"max_abv_Porter":null,"best_beer_Fruit":null,"best_beer_score_Fruit":null,"most_popular_beer_Fruit":null,"popularity_Fruit":null,"n_beers_Fruit":null,"avg_abv_Fruit":null,"max_abv_beer_Fruit":null,"max_abv_Fruit":null,"best_beer_Roggenbier":null,"best_beer_score_Roggenbier":null,"most_popular_beer_Roggenbier":null,"popularity_Roggenbier":null,"n_beers_Roggenbier":null,"avg_abv_Roggenbier":null,"max_abv_beer_Roggenbier":null,"max_abv_Roggenbier":null,"best_beer_Herb":"Carib Shandy","best_beer_score_Herb":2.6061538462,"most_popular_beer_Herb":"Carib Ginger Shandy","popularity_Herb":32.0,"n_beers_Herb":5.0,"avg_abv_Herb":1.2,"max_abv_beer_Herb":"Carib Ginger Shandy","max_abv_Herb":1.2,"best_beer_Smoke":null,"best_beer_score_Smoke":null,"most_popular_beer_Smoke":null,"popularity_Smoke":null,"n_beers_Smoke":null,"avg_abv_Smoke":null,"max_abv_beer_Smoke":null,"max_abv_Smoke":null,"best_beer_Barleywine":null,"best_beer_score_Barleywine":null,"most_popular_beer_Barleywine":null,"popularity_Barleywine":null,"n_beers_Barleywine":null,"avg_abv_Barleywine":null,"max_abv_beer_Barleywine":null,"max_abv_Barleywine":null,"best_beer":"Mackeson Triple XXX Stout","best_beer_score":3.8562068966,"most_popular_beer":"Carib Lager","popularity":446.0,"n_beers":16.0,"avg_abv":3.85,"max_abv_beer":"Guinness Foreign Extra Stout","max_abv":7.5},{"brewery":"Samba Brewing Co. & Winery","city":"San Juan","lat":10.6486053,"long":-61.450882,"best_beer_IPA":null,"best_beer_score_IPA":null,"most_popular_beer_IPA":null,"popularity_IPA":null,"n_beers_IPA":null,"avg_abv_IPA":null,"max_abv_beer_IPA":null,"max_abv_IPA":null,"best_beer_Ale":null,"best_beer_score_Ale":null,"most_popular_beer_Ale":null,"popularity_Ale":null,"n_beers_Ale":null,"avg_abv_Ale":null,"max_abv_beer_Ale":null,"max_abv_Ale":null,"best_beer_Lager":null,"best_beer_score_Lager":null,"most_popular_beer_Lager":null,"popularity_Lager":null,"n_beers_Lager":null,"avg_abv_Lager":null,"max_abv_beer_Lager":null,"max_abv_Lager":null,"best_beer_Stout":"Stud Power Stout","best_beer_score_Stout":2.4725,"most_popular_beer_Stout":"Stud Power Stout","popularity_Stout":6.0,"n_beers_Stout":1.0,"avg_abv_Stout":6.0,"max_abv_beer_Stout":"Stud Power Stout","max_abv_Stout":6.0,"best_beer_Pilsner":"Samba Pilsner","best_beer_score_Pilsner":2.7733333333,"most_popular_beer_Pilsner":"Samba Pilsner","popularity_Pilsner":1.0,"n_beers_Pilsner":1.0,"avg_abv_Pilsner":5.5,"max_abv_beer_Pilsner":"Samba Pilsner","max_abv_Pilsner":5.5,"best_beer_Porter":null,"best_beer_score_Porter":null,"most_popular_beer_Porter":null,"popularity_Porter":null,"n_beers_Porter":null,"avg_abv_Porter":null,"max_abv_beer_Porter":null,"max_abv_Porter":null,"best_beer_Fruit":null,"best_beer_score_Fruit":null,"most_popular_beer_Fruit":null,"popularity_Fruit":null,"n_beers_Fruit":null,"avg_abv_Fruit":null,"max_abv_beer_Fruit":null,"max_abv_Fruit":null,"best_beer_Roggenbier":null,"best_beer_score_Roggenbier":null,"most_popular_beer_Roggenbier":null,"popularity_Roggenbier":null,"n_beers_Roggenbier":null,"avg_abv_Roggenbier":null,"max_abv_beer_Roggenbier":null,"max_abv_Roggenbier":null,"best_beer_Herb":null,"best_beer_score_Herb":null,"most_popular_beer_Herb":null,"popularity_Herb":null,"n_beers_Herb":null,"avg_abv_Herb":null,"max_abv_beer_Herb":null,"max_abv_Herb":null,"best_beer_Smoke":null,"best_beer_score_Smoke":null,"most_popular_beer_Smoke":null,"popularity_Smoke":null,"n_beers_Smoke":null,"avg_abv_Smoke":null,"max_abv_beer_Smoke":null,"max_abv_Smoke":null,"best_beer_Barleywine":null,"best_beer_score_Barleywine":null,"most_popular_beer_Barleywine":null,"popularity_Barleywine":null,"n_beers_Barleywine":null,"avg_abv_Barleywine":null,"max_abv_beer_Barleywine":null,"max_abv_Barleywine":null,"best_beer":"Samba Pilsner","best_beer_score":2.7733333333,"most_popular_beer":"Stud Power Stout","popularity":6.0,"n_beers":3.0,"avg_abv":3.8666666667,"max_abv_beer":"Stud Power Stout","max_abv":6.0}]