[{"brewery":"Varvar Brew","city":"Kiev","lat":50.45466,"long":30.5238,"best_beer_IPA":"Equinox IPA","best_beer_score_IPA":3.0833333333,"most_popular_beer_IPA":"Equinox IPA","popularity_IPA":1.0,"n_beers_IPA":5.0,"avg_abv_IPA":6.1,"max_abv_beer_IPA":"Freedom IPA","max_abv_IPA":7.0,"best_beer_Ale":"APA Citra","best_beer_score_Ale":3.1033333333,"most_popular_beer_Ale":"American Wheat","popularity_Ale":1.0,"n_beers_Ale":9.0,"avg_abv_Ale":5.3222222222,"max_abv_beer_Ale":"Black IPA","max_abv_Ale":6.8,"best_beer_Lager":"Hoppy Lager","best_beer_score_Lager":2.8966666667,"most_popular_beer_Lager":"Hoppy Lager","popularity_Lager":1.0,"n_beers_Lager":1.0,"avg_abv_Lager":5.0,"max_abv_beer_Lager":"Hoppy Lager","max_abv_Lager":5.0,"best_beer_Stout":"Milk Stout","best_beer_score_Stout":3.364,"most_popular_beer_Stout":"Milk Stout","popularity_Stout":3.0,"n_beers_Stout":3.0,"avg_abv_Stout":6.1,"max_abv_beer_Stout":"Imperial Stout","max_abv_Stout":9.0,"best_beer_Pilsner":null,"best_beer_score_Pilsner":null,"most_popular_beer_Pilsner":null,"popularity_Pilsner":null,"n_beers_Pilsner":null,"avg_abv_Pilsner":null,"max_abv_beer_Pilsner":null,"max_abv_Pilsner":null,"best_beer_Porter":"Chocolate Porter","best_beer_score_Porter":2.6466666667,"most_popular_beer_Porter":"Chocolate Porter","popularity_Porter":1.0,"n_beers_Porter":2.0,"avg_abv_Porter":4.5,"max_abv_beer_Porter":"Summer Porter","max_abv_Porter":4.9,"best_beer_Fruit":null,"best_beer_score_Fruit":null,"most_popular_beer_Fruit":null,"popularity_Fruit":null,"n_beers_Fruit":2.0,"avg_abv_Fruit":4.15,"max_abv_beer_Fruit":"Frangelini","max_abv_Fruit":5.0,"best_beer_Roggenbier":null,"best_beer_score_Roggenbier":null,"most_popular_beer_Roggenbier":null,"popularity_Roggenbier":null,"n_beers_Roggenbier":null,"avg_abv_Roggenbier":null,"max_abv_beer_Roggenbier":null,"max_abv_Roggenbier":null,"best_beer_Herb":null,"best_beer_score_Herb":null,"most_popular_beer_Herb":null,"popularity_Herb":null,"n_beers_Herb":1.0,"avg_abv_Herb":5.0,"max_abv_beer_Herb":"Red Smoked Ale Jalape\u00f1o","max_abv_Herb":5.0,"best_beer_Smoke":null,"best_beer_score_Smoke":null,"most_popular_beer_Smoke":null,"popularity_Smoke":null,"n_beers_Smoke":null,"avg_abv_Smoke":null,"max_abv_beer_Smoke":null,"max_abv_Smoke":null,"best_beer_Barleywine":null,"best_beer_score_Barleywine":null,"most_popular_beer_Barleywine":null,"popularity_Barleywine":null,"n_beers_Barleywine":null,"avg_abv_Barleywine":null,"max_abv_beer_Barleywine":null,"max_abv_Barleywine":null,"best_beer":"Milk Stout","best_beer_score":3.364,"most_popular_beer":"Milk Stout","popularity":3.0,"n_beers":32.0,"avg_abv":5.44375,"max_abv_beer":"Imperial Stout","max_abv":9.0},{"brewery":"Chernigivske Pivokombinat","city":"Kiev","lat":50.45466,"long":30.5238,"best_beer_IPA":null,"best_beer_score_IPA":null,"most_popular_beer_IPA":null,"popularity_IPA":null,"n_beers_IPA":null,"avg_abv_IPA":null,"max_abv_beer_IPA":null,"max_abv_IPA":null,"best_beer_Ale":null,"best_beer_score_Ale":null,"most_popular_beer_Ale":null,"popularity_Ale":null,"n_beers_Ale":null,"avg_abv_Ale":null,"max_abv_beer_Ale":null,"max_abv_Ale":null,"best_beer_Lager":"Chernigivske Temne","best_beer_score_Lager":3.0966666667,"most_popular_beer_Lager":"Chernigivske Svitle","popularity_Lager":16.0,"n_beers_Lager":7.0,"avg_abv_Lager":5.4285714286,"max_abv_beer_Lager":"Chernigivske Mitsne","max_abv_Lager":7.5,"best_beer_Stout":null,"best_beer_score_Stout":null,"most_popular_beer_Stout":null,"popularity_Stout":null,"n_beers_Stout":null,"avg_abv_Stout":null,"max_abv_beer_Stout":null,"max_abv_Stout":null,"best_beer_Pilsner":null,"best_beer_score_Pilsner":null,"most_popular_beer_Pilsner":null,"popularity_Pilsner":null,"n_beers_Pilsner":null,"avg_abv_Pilsner":null,"max_abv_beer_Pilsner":null,"max_abv_Pilsner":null,"best_beer_Porter":null,"best_beer_score_Porter":null,"most_popular_beer_Porter":null,"popularity_Porter":null,"n_beers_Porter":null,"avg_abv_Porter":null,"max_abv_beer_Porter":null,"max_abv_Porter":null,"best_beer_Fruit":null,"best_beer_score_Fruit":null,"most_popular_beer_Fruit":null,"popularity_Fruit":null,"n_beers_Fruit":null,"avg_abv_Fruit":null,"max_abv_beer_Fruit":null,"max_abv_Fruit":null,"best_beer_Roggenbier":null,"best_beer_score_Roggenbier":null,"most_popular_beer_Roggenbier":null,"popularity_Roggenbier":null,"n_beers_Roggenbier":null,"avg_abv_Roggenbier":null,"max_abv_beer_Roggenbier":null,"max_abv_Roggenbier":null,"best_beer_Herb":"Bila Nich","best_beer_score_Herb":3.4566666667,"most_popular_beer_Herb":"Bila Nich","popularity_Herb":19.0,"n_beers_Herb":1.0,"avg_abv_Herb":5.0,"max_abv_beer_Herb":"Bila Nich","max_abv_Herb":5.0,"best_beer_Smoke":null,"best_beer_score_Smoke":null,"most_popular_beer_Smoke":null,"popularity_Smoke":null,"n_beers_Smoke":null,"avg_abv_Smoke":null,"max_abv_beer_Smoke":null,"max_abv_Smoke":null,"best_beer_Barleywine":null,"best_beer_score_Barleywine":null,"most_popular_beer_Barleywine":null,"popularity_Barleywine":null,"n_beers_Barleywine":null,"avg_abv_Barleywine":null,"max_abv_beer_Barleywine":null,"max_abv_Barleywine":null,"best_beer":"Chernigivske Bile Nefiltrovane","best_beer_score":3.4733333333,"most_popular_beer":"Chernigivske Bile Nefiltrovane","popularity":22.0,"n_beers":9.0,"avg_abv":5.3333333333,"max_abv_beer":"Chernigivske Mitsne","max_abv":7.5},{"brewery":"Pravda Beer Theatre","city":"Lviv","lat":49.83826,"long":24.02324,"best_beer_IPA":"Trudeau","best_beer_score_IPA":3.335,"most_popular_beer_IPA":"Trudeau","popularity_IPA":2.0,"n_beers_IPA":1.0,"avg_abv_IPA":7.2,"max_abv_beer_IPA":"Trudeau","max_abv_IPA":7.2,"best_beer_Ale":"Chervoni Ochi","best_beer_score_Ale":3.3383333333,"most_popular_beer_Ale":"Chervoni Ochi","popularity_Ale":4.0,"n_beers_Ale":6.0,"avg_abv_Ale":6.05,"max_abv_beer_Ale":"Svyato","max_abv_Ale":8.5,"best_beer_Lager":"Trump","best_beer_score_Lager":3.2071428571,"most_popular_beer_Lager":"Trump","popularity_Lager":5.0,"n_beers_Lager":1.0,"avg_abv_Lager":7.2,"max_abv_beer_Lager":"Trump","max_abv_Lager":7.2,"best_beer_Stout":"Obama Hope","best_beer_score_Stout":3.2822222222,"most_popular_beer_Stout":"Obama Hope","popularity_Stout":7.0,"n_beers_Stout":4.0,"avg_abv_Stout":7.875,"max_abv_beer_Stout":"Pravda Vid Syanu Do Donu","max_abv_Stout":9.6,"best_beer_Pilsner":"Fresh Hop P!ls 2016","best_beer_score_Pilsner":2.9466666667,"most_popular_beer_Pilsner":"Fresh Hop P!ls 2016","popularity_Pilsner":1.0,"n_beers_Pilsner":1.0,"avg_abv_Pilsner":4.9,"max_abv_beer_Pilsner":"Fresh Hop P!ls 2016","max_abv_Pilsner":4.9,"best_beer_Porter":null,"best_beer_score_Porter":null,"most_popular_beer_Porter":null,"popularity_Porter":null,"n_beers_Porter":null,"avg_abv_Porter":null,"max_abv_beer_Porter":null,"max_abv_Porter":null,"best_beer_Fruit":null,"best_beer_score_Fruit":null,"most_popular_beer_Fruit":null,"popularity_Fruit":null,"n_beers_Fruit":null,"avg_abv_Fruit":null,"max_abv_beer_Fruit":null,"max_abv_Fruit":null,"best_beer_Roggenbier":null,"best_beer_score_Roggenbier":null,"most_popular_beer_Roggenbier":null,"popularity_Roggenbier":null,"n_beers_Roggenbier":null,"avg_abv_Roggenbier":null,"max_abv_beer_Roggenbier":null,"max_abv_Roggenbier":null,"best_beer_Herb":"Pivo Lvivskih Surmachiv","best_beer_score_Herb":2.67,"most_popular_beer_Herb":"Pivo Lvivskih Surmachiv","popularity_Herb":1.0,"n_beers_Herb":1.0,"avg_abv_Herb":6.5,"max_abv_beer_Herb":"Pivo Lvivskih Surmachiv","max_abv_Herb":6.5,"best_beer_Smoke":null,"best_beer_score_Smoke":null,"most_popular_beer_Smoke":null,"popularity_Smoke":null,"n_beers_Smoke":null,"avg_abv_Smoke":null,"max_abv_beer_Smoke":null,"max_abv_Smoke":null,"best_beer_Barleywine":"Pravda 400 Varka","best_beer_score_Barleywine":2.9666666667,"most_popular_beer_Barleywine":"Pravda 400 Varka","popularity_Barleywine":1.0,"n_beers_Barleywine":1.0,"avg_abv_Barleywine":9.6,"max_abv_beer_Barleywine":"Pravda 400 Varka","max_abv_Barleywine":9.6,"best_beer":"Chervoni Ochi","best_beer_score":3.3383333333,"most_popular_beer":"Obama Hope","popularity":7.0,"n_beers":21.0,"avg_abv":7.0285714286,"max_abv_beer":"Quadrupel","max_abv":10.7},{"brewery":"Obolon Brewery","city":"Kiev","lat":50.45466,"long":30.5238,"best_beer_IPA":null,"best_beer_score_IPA":null,"most_popular_beer_IPA":null,"popularity_IPA":null,"n_beers_IPA":null,"avg_abv_IPA":null,"max_abv_beer_IPA":null,"max_abv_IPA":null,"best_beer_Ale":"Keten Brug Brune","best_beer_score_Ale":2.9075,"most_popular_beer_Ale":"Keten Brug Brune","popularity_Ale":2.0,"n_beers_Ale":1.0,"avg_abv_Ale":6.7,"max_abv_beer_Ale":"Keten Brug Brune","max_abv_Ale":6.7,"best_beer_Lager":"Obolon Oksamytove (Deep Velvet)","best_beer_score_Lager":3.2948684211,"most_popular_beer_Lager":"Obolon Premium","popularity_Lager":116.0,"n_beers_Lager":28.0,"avg_abv_Lager":5.4178571429,"max_abv_beer_Lager":"Obolon 2000","max_abv_Lager":8.0,"best_beer_Stout":null,"best_beer_score_Stout":null,"most_popular_beer_Stout":null,"popularity_Stout":null,"n_beers_Stout":null,"avg_abv_Stout":null,"max_abv_beer_Stout":null,"max_abv_Stout":null,"best_beer_Pilsner":"Obolon Soborne","best_beer_score_Pilsner":2.875,"most_popular_beer_Pilsner":"Obolon Soborne","popularity_Pilsner":10.0,"n_beers_Pilsner":1.0,"avg_abv_Pilsner":4.9,"max_abv_beer_Pilsner":"Obolon Soborne","max_abv_Pilsner":4.9,"best_beer_Porter":"Obolon Porter","best_beer_score_Porter":3.4381818182,"most_popular_beer_Porter":"Obolon Porter","popularity_Porter":31.0,"n_beers_Porter":1.0,"avg_abv_Porter":7.0,"max_abv_beer_Porter":"Obolon Porter","max_abv_Porter":7.0,"best_beer_Fruit":"Obolon Beer Mix Lemon","best_beer_score_Fruit":2.6933333333,"most_popular_beer_Fruit":"Obolon Beer Mix Lemon","popularity_Fruit":4.0,"n_beers_Fruit":5.0,"avg_abv_Fruit":2.44,"max_abv_beer_Fruit":"Obolon Beer Mix Cherry","max_abv_Fruit":2.6,"best_beer_Roggenbier":null,"best_beer_score_Roggenbier":null,"most_popular_beer_Roggenbier":null,"popularity_Roggenbier":null,"n_beers_Roggenbier":null,"avg_abv_Roggenbier":null,"max_abv_beer_Roggenbier":null,"max_abv_Roggenbier":null,"best_beer_Herb":null,"best_beer_score_Herb":null,"most_popular_beer_Herb":null,"popularity_Herb":null,"n_beers_Herb":null,"avg_abv_Herb":null,"max_abv_beer_Herb":null,"max_abv_Herb":null,"best_beer_Smoke":null,"best_beer_score_Smoke":null,"most_popular_beer_Smoke":null,"popularity_Smoke":null,"n_beers_Smoke":null,"avg_abv_Smoke":null,"max_abv_beer_Smoke":null,"max_abv_Smoke":null,"best_beer_Barleywine":null,"best_beer_score_Barleywine":null,"most_popular_beer_Barleywine":null,"popularity_Barleywine":null,"n_beers_Barleywine":null,"avg_abv_Barleywine":null,"max_abv_beer_Barleywine":null,"max_abv_Barleywine":null,"best_beer":"Obolon Bile","best_beer_score":3.6353333333,"most_popular_beer":"Obolon Premium","popularity":116.0,"n_beers":46.0,"avg_abv":4.8826086957,"max_abv_beer":"Obolon 2000","max_abv":8.0},{"brewery":"Mad Brewlads Craft Co.","city":"Kharkiv","lat":49.98081,"long":36.25272,"best_beer_IPA":"Bandera De La Gran Colombia","best_beer_score_IPA":3.0066666667,"most_popular_beer_IPA":"Los Cocodrilos","popularity_IPA":1.0,"n_beers_IPA":6.0,"avg_abv_IPA":7.4333333333,"max_abv_beer_IPA":"Hoptuin Bedwelmende","max_abv_IPA":9.5,"best_beer_Ale":"Dekkera River Wild IPA","best_beer_score_Ale":3.0366666667,"most_popular_beer_Ale":"Fam.","popularity_Ale":1.0,"n_beers_Ale":27.0,"avg_abv_Ale":5.9074074074,"max_abv_beer_Ale":"Sikary Restu Wheat Wine","max_abv_Ale":12.0,"best_beer_Lager":null,"best_beer_score_Lager":null,"most_popular_beer_Lager":null,"popularity_Lager":null,"n_beers_Lager":null,"avg_abv_Lager":null,"max_abv_beer_Lager":null,"max_abv_Lager":null,"best_beer_Stout":"Moloko","best_beer_score_Stout":3.13,"most_popular_beer_Stout":"Moloko","popularity_Stout":2.0,"n_beers_Stout":9.0,"avg_abv_Stout":8.2666666667,"max_abv_beer_Stout":"Qadro Stout (NAFTA)","max_abv_Stout":20.0,"best_beer_Pilsner":null,"best_beer_score_Pilsner":null,"most_popular_beer_Pilsner":null,"popularity_Pilsner":null,"n_beers_Pilsner":null,"avg_abv_Pilsner":null,"max_abv_beer_Pilsner":null,"max_abv_Pilsner":null,"best_beer_Porter":null,"best_beer_score_Porter":null,"most_popular_beer_Porter":null,"popularity_Porter":null,"n_beers_Porter":3.0,"avg_abv_Porter":6.4666666667,"max_abv_beer_Porter":"Robust Portress (Barrel Aged)","max_abv_Porter":6.8,"best_beer_Fruit":"Cherry Charivari","best_beer_score_Fruit":3.0,"most_popular_beer_Fruit":"Cherry Charivari","popularity_Fruit":1.0,"n_beers_Fruit":6.0,"avg_abv_Fruit":4.5666666667,"max_abv_beer_Fruit":"Sour Soul Kriek Style","max_abv_Fruit":5.6,"best_beer_Roggenbier":"Ruddy Baker","best_beer_score_Roggenbier":3.0833333333,"most_popular_beer_Roggenbier":"Ruddy Baker","popularity_Roggenbier":1.0,"n_beers_Roggenbier":1.0,"avg_abv_Roggenbier":6.5,"max_abv_beer_Roggenbier":"Ruddy Baker","max_abv_Roggenbier":6.5,"best_beer_Herb":null,"best_beer_score_Herb":null,"most_popular_beer_Herb":null,"popularity_Herb":null,"n_beers_Herb":6.0,"avg_abv_Herb":5.4333333333,"max_abv_beer_Herb":"Grut","max_abv_Herb":6.6,"best_beer_Smoke":null,"best_beer_score_Smoke":null,"most_popular_beer_Smoke":null,"popularity_Smoke":null,"n_beers_Smoke":1.0,"avg_abv_Smoke":6.5,"max_abv_beer_Smoke":"Smoky Prune","max_abv_Smoke":6.5,"best_beer_Barleywine":null,"best_beer_score_Barleywine":null,"most_popular_beer_Barleywine":null,"popularity_Barleywine":null,"n_beers_Barleywine":1.0,"avg_abv_Barleywine":12.0,"max_abv_beer_Barleywine":"Nordic Whine","max_abv_Barleywine":12.0,"best_beer":"Moloko","best_beer_score":3.13,"most_popular_beer":"Moloko","popularity":2.0,"n_beers":87.0,"avg_abv":6.3045977011,"max_abv_beer":"Qadro Stout (NAFTA)","max_abv":20.0},{"brewery":"Rogan Brewery","city":"Kharkiv","lat":49.98081,"long":36.25272,"best_beer_IPA":null,"best_beer_score_IPA":null,"most_popular_beer_IPA":null,"popularity_IPA":null,"n_beers_IPA":null,"avg_abv_IPA":null,"max_abv_beer_IPA":null,"max_abv_IPA":null,"best_beer_Ale":null,"best_beer_score_Ale":null,"most_popular_beer_Ale":null,"popularity_Ale":null,"n_beers_Ale":null,"avg_abv_Ale":null,"max_abv_beer_Ale":null,"max_abv_Ale":null,"best_beer_Lager":"Monastyrske Temne (Dark)","best_beer_score_Lager":2.69,"most_popular_beer_Lager":"Svitle Traditziyne","popularity_Lager":3.0,"n_beers_Lager":9.0,"avg_abv_Lager":5.7111111111,"max_abv_beer_Lager":"\u0412\u0435\u0441\u0435\u043b\u0438\u0439 \u041c\u043e\u043d\u0430\u0445","max_abv_Lager":7.1,"best_beer_Stout":null,"best_beer_score_Stout":null,"most_popular_beer_Stout":null,"popularity_Stout":null,"n_beers_Stout":null,"avg_abv_Stout":null,"max_abv_beer_Stout":null,"max_abv_Stout":null,"best_beer_Pilsner":null,"best_beer_score_Pilsner":null,"most_popular_beer_Pilsner":null,"popularity_Pilsner":null,"n_beers_Pilsner":null,"avg_abv_Pilsner":null,"max_abv_beer_Pilsner":null,"max_abv_Pilsner":null,"best_beer_Porter":null,"best_beer_score_Porter":null,"most_popular_beer_Porter":null,"popularity_Porter":null,"n_beers_Porter":null,"avg_abv_Porter":null,"max_abv_beer_Porter":null,"max_abv_Porter":null,"best_beer_Fruit":null,"best_beer_score_Fruit":null,"most_popular_beer_Fruit":null,"popularity_Fruit":null,"n_beers_Fruit":null,"avg_abv_Fruit":null,"max_abv_beer_Fruit":null,"max_abv_Fruit":null,"best_beer_Roggenbier":null,"best_beer_score_Roggenbier":null,"most_popular_beer_Roggenbier":null,"popularity_Roggenbier":null,"n_beers_Roggenbier":null,"avg_abv_Roggenbier":null,"max_abv_beer_Roggenbier":null,"max_abv_Roggenbier":null,"best_beer_Herb":null,"best_beer_score_Herb":null,"most_popular_beer_Herb":null,"popularity_Herb":null,"n_beers_Herb":null,"avg_abv_Herb":null,"max_abv_beer_Herb":null,"max_abv_Herb":null,"best_beer_Smoke":null,"best_beer_score_Smoke":null,"most_popular_beer_Smoke":null,"popularity_Smoke":null,"n_beers_Smoke":null,"avg_abv_Smoke":null,"max_abv_beer_Smoke":null,"max_abv_Smoke":null,"best_beer_Barleywine":null,"best_beer_score_Barleywine":null,"most_popular_beer_Barleywine":null,"popularity_Barleywine":null,"n_beers_Barleywine":null,"avg_abv_Barleywine":null,"max_abv_beer_Barleywine":null,"max_abv_Barleywine":null,"best_beer":"Monastyrske Temne (Dark)","best_beer_score":2.69,"most_popular_beer":"Svitle Traditziyne","popularity":3.0,"n_beers":9.0,"avg_abv":5.7111111111,"max_abv_beer":"\u0412\u0435\u0441\u0435\u043b\u0438\u0439 \u041c\u043e\u043d\u0430\u0445","max_abv":7.1},{"brewery":"Yantar Brewery","city":"Nikolaev","lat":46.37305,"long":29.40531,"best_beer_IPA":null,"best_beer_score_IPA":null,"most_popular_beer_IPA":null,"popularity_IPA":null,"n_beers_IPA":null,"avg_abv_IPA":null,"max_abv_beer_IPA":null,"max_abv_IPA":null,"best_beer_Ale":null,"best_beer_score_Ale":null,"most_popular_beer_Ale":null,"popularity_Ale":null,"n_beers_Ale":null,"avg_abv_Ale":null,"max_abv_beer_Ale":null,"max_abv_Ale":null,"best_beer_Lager":"Admiralskoye (Admipanbrbke Nacmepuzokahr)","best_beer_score_Lager":3.126,"most_popular_beer_Lager":"Taller Beer","popularity_Lager":6.0,"n_beers_Lager":6.0,"avg_abv_Lager":5.2333333333,"max_abv_beer_Lager":"Chorny Prinz (Black Prince)","max_abv_Lager":6.3,"best_beer_Stout":null,"best_beer_score_Stout":null,"most_popular_beer_Stout":null,"popularity_Stout":null,"n_beers_Stout":null,"avg_abv_Stout":null,"max_abv_beer_Stout":null,"max_abv_Stout":null,"best_beer_Pilsner":null,"best_beer_score_Pilsner":null,"most_popular_beer_Pilsner":null,"popularity_Pilsner":null,"n_beers_Pilsner":null,"avg_abv_Pilsner":null,"max_abv_beer_Pilsner":null,"max_abv_Pilsner":null,"best_beer_Porter":null,"best_beer_score_Porter":null,"most_popular_beer_Porter":null,"popularity_Porter":null,"n_beers_Porter":null,"avg_abv_Porter":null,"max_abv_beer_Porter":null,"max_abv_Porter":null,"best_beer_Fruit":null,"best_beer_score_Fruit":null,"most_popular_beer_Fruit":null,"popularity_Fruit":null,"n_beers_Fruit":null,"avg_abv_Fruit":null,"max_abv_beer_Fruit":null,"max_abv_Fruit":null,"best_beer_Roggenbier":null,"best_beer_score_Roggenbier":null,"most_popular_beer_Roggenbier":null,"popularity_Roggenbier":null,"n_beers_Roggenbier":null,"avg_abv_Roggenbier":null,"max_abv_beer_Roggenbier":null,"max_abv_Roggenbier":null,"best_beer_Herb":null,"best_beer_score_Herb":null,"most_popular_beer_Herb":null,"popularity_Herb":null,"n_beers_Herb":null,"avg_abv_Herb":null,"max_abv_beer_Herb":null,"max_abv_Herb":null,"best_beer_Smoke":null,"best_beer_score_Smoke":null,"most_popular_beer_Smoke":null,"popularity_Smoke":null,"n_beers_Smoke":null,"avg_abv_Smoke":null,"max_abv_beer_Smoke":null,"max_abv_Smoke":null,"best_beer_Barleywine":null,"best_beer_score_Barleywine":null,"most_popular_beer_Barleywine":null,"popularity_Barleywine":null,"n_beers_Barleywine":null,"avg_abv_Barleywine":null,"max_abv_beer_Barleywine":null,"max_abv_Barleywine":null,"best_beer":"Admiralskoye (Admipanbrbke Nacmepuzokahr)","best_beer_score":3.126,"most_popular_beer":"Taller Beer","popularity":6.0,"n_beers":7.0,"avg_abv":5.2,"max_abv_beer":"Chorny Prinz (Black Prince)","max_abv":6.3},{"brewery":"Slavutych Brewery","city":"Kiev","lat":50.45466,"long":30.5238,"best_beer_IPA":null,"best_beer_score_IPA":null,"most_popular_beer_IPA":null,"popularity_IPA":null,"n_beers_IPA":null,"avg_abv_IPA":null,"max_abv_beer_IPA":null,"max_abv_IPA":null,"best_beer_Ale":null,"best_beer_score_Ale":null,"most_popular_beer_Ale":null,"popularity_Ale":null,"n_beers_Ale":null,"avg_abv_Ale":null,"max_abv_beer_Ale":null,"max_abv_Ale":null,"best_beer_Lager":"Temne","best_beer_score_Lager":3.0718181818,"most_popular_beer_Lager":"Slavutych Pivo (Slavutich Premium)","popularity_Lager":63.0,"n_beers_Lager":10.0,"avg_abv_Lager":5.19,"max_abv_beer_Lager":"Arsenal Mitsne","max_abv_Lager":7.4,"best_beer_Stout":null,"best_beer_score_Stout":null,"most_popular_beer_Stout":null,"popularity_Stout":null,"n_beers_Stout":null,"avg_abv_Stout":null,"max_abv_beer_Stout":null,"max_abv_Stout":null,"best_beer_Pilsner":null,"best_beer_score_Pilsner":null,"most_popular_beer_Pilsner":null,"popularity_Pilsner":null,"n_beers_Pilsner":null,"avg_abv_Pilsner":null,"max_abv_beer_Pilsner":null,"max_abv_Pilsner":null,"best_beer_Porter":null,"best_beer_score_Porter":null,"most_popular_beer_Porter":null,"popularity_Porter":null,"n_beers_Porter":null,"avg_abv_Porter":null,"max_abv_beer_Porter":null,"max_abv_Porter":null,"best_beer_Fruit":null,"best_beer_score_Fruit":null,"most_popular_beer_Fruit":null,"popularity_Fruit":null,"n_beers_Fruit":null,"avg_abv_Fruit":null,"max_abv_beer_Fruit":null,"max_abv_Fruit":null,"best_beer_Roggenbier":null,"best_beer_score_Roggenbier":null,"most_popular_beer_Roggenbier":null,"popularity_Roggenbier":null,"n_beers_Roggenbier":null,"avg_abv_Roggenbier":null,"max_abv_beer_Roggenbier":null,"max_abv_Roggenbier":null,"best_beer_Herb":null,"best_beer_score_Herb":null,"most_popular_beer_Herb":null,"popularity_Herb":null,"n_beers_Herb":null,"avg_abv_Herb":null,"max_abv_beer_Herb":null,"max_abv_Herb":null,"best_beer_Smoke":null,"best_beer_score_Smoke":null,"most_popular_beer_Smoke":null,"popularity_Smoke":null,"n_beers_Smoke":null,"avg_abv_Smoke":null,"max_abv_beer_Smoke":null,"max_abv_Smoke":null,"best_beer_Barleywine":null,"best_beer_score_Barleywine":null,"most_popular_beer_Barleywine":null,"popularity_Barleywine":null,"n_beers_Barleywine":null,"avg_abv_Barleywine":null,"max_abv_beer_Barleywine":null,"max_abv_Barleywine":null,"best_beer":"Kvas Taras","best_beer_score":3.3047826087,"most_popular_beer":"Slavutych Pivo (Slavutich Premium)","popularity":63.0,"n_beers":12.0,"avg_abv":4.8416666667,"max_abv_beer":"Arsenal Mitsne","max_abv":7.4},{"brewery":"Persha Privatna Brovariya","city":"Lviv","lat":49.83826,"long":24.02324,"best_beer_IPA":null,"best_beer_score_IPA":null,"most_popular_beer_IPA":null,"popularity_IPA":null,"n_beers_IPA":null,"avg_abv_IPA":null,"max_abv_beer_IPA":null,"max_abv_IPA":null,"best_beer_Ale":"Persha Privatna Browarnya Avtors'ke","best_beer_score_Ale":3.217,"most_popular_beer_Ale":"Persha Privatna Browarnya Avtors'ke","popularity_Ale":18.0,"n_beers_Ale":4.0,"avg_abv_Ale":5.75,"max_abv_beer_Ale":"Persha Privatna Browarnya Avtors'ke","max_abv_Ale":6.8,"best_beer_Lager":"Persha Privatna Brovariya Medove","best_beer_score_Lager":3.034,"most_popular_beer_Lager":"Persha Privatna Browarnya Platinum Svitle","popularity_Lager":4.0,"n_beers_Lager":10.0,"avg_abv_Lager":5.23,"max_abv_beer_Lager":"Teteriv (\u0422\u0435\u0442\u0435\u0440i\u0432)","max_abv_Lager":8.0,"best_beer_Stout":"Insider Craft Hub. Coffee & Chocolate Stout","best_beer_score_Stout":2.84,"most_popular_beer_Stout":"Insider Craft Hub. Coffee & Chocolate Stout","popularity_Stout":1.0,"n_beers_Stout":1.0,"avg_abv_Stout":5.6,"max_abv_beer_Stout":"Insider Craft Hub. Coffee & Chocolate Stout","max_abv_Stout":5.6,"best_beer_Pilsner":"Persha Svitle","best_beer_score_Pilsner":2.386,"most_popular_beer_Pilsner":"Persha Svitle","popularity_Pilsner":3.0,"n_beers_Pilsner":1.0,"avg_abv_Pilsner":4.6,"max_abv_beer_Pilsner":"Persha Svitle","max_abv_Pilsner":4.6,"best_beer_Porter":"Persha Chorne","best_beer_score_Porter":3.324375,"most_popular_beer_Porter":"Persha Chorne","popularity_Porter":14.0,"n_beers_Porter":1.0,"avg_abv_Porter":6.8,"max_abv_beer_Porter":"Persha Chorne","max_abv_Porter":6.8,"best_beer_Fruit":null,"best_beer_score_Fruit":null,"most_popular_beer_Fruit":null,"popularity_Fruit":null,"n_beers_Fruit":null,"avg_abv_Fruit":null,"max_abv_beer_Fruit":null,"max_abv_Fruit":null,"best_beer_Roggenbier":null,"best_beer_score_Roggenbier":null,"most_popular_beer_Roggenbier":null,"popularity_Roggenbier":null,"n_beers_Roggenbier":null,"avg_abv_Roggenbier":null,"max_abv_beer_Roggenbier":null,"max_abv_Roggenbier":null,"best_beer_Herb":null,"best_beer_score_Herb":null,"most_popular_beer_Herb":null,"popularity_Herb":null,"n_beers_Herb":null,"avg_abv_Herb":null,"max_abv_beer_Herb":null,"max_abv_Herb":null,"best_beer_Smoke":null,"best_beer_score_Smoke":null,"most_popular_beer_Smoke":null,"popularity_Smoke":null,"n_beers_Smoke":null,"avg_abv_Smoke":null,"max_abv_beer_Smoke":null,"max_abv_Smoke":null,"best_beer_Barleywine":null,"best_beer_score_Barleywine":null,"most_popular_beer_Barleywine":null,"popularity_Barleywine":null,"n_beers_Barleywine":null,"avg_abv_Barleywine":null,"max_abv_beer_Barleywine":null,"max_abv_Barleywine":null,"best_beer":"Stare Misto","best_beer_score":3.5064705882,"most_popular_beer":"Persha Privatna Browarnya Avtors'ke","popularity":18.0,"n_beers":21.0,"avg_abv":5.2428571429,"max_abv_beer":"Teteriv (\u0422\u0435\u0442\u0435\u0440i\u0432)","max_abv":8.0},{"brewery":"Lvivska Pivovarnya (BBH)","city":"Lviv","lat":49.83826,"long":24.02324,"best_beer_IPA":null,"best_beer_score_IPA":null,"most_popular_beer_IPA":null,"popularity_IPA":null,"n_beers_IPA":null,"avg_abv_IPA":null,"max_abv_beer_IPA":null,"max_abv_IPA":null,"best_beer_Ale":"Robert Doms Coffee Taste Ale","best_beer_score_Ale":2.9866666667,"most_popular_beer_Ale":"Robert Doms Coffee Taste Ale","popularity_Ale":1.0,"n_beers_Ale":1.0,"avg_abv_Ale":4.7,"max_abv_beer_Ale":"Robert Doms Coffee Taste Ale","max_abv_Ale":4.7,"best_beer_Lager":"Robert Doms Munchensky","best_beer_score_Lager":3.532,"most_popular_beer_Lager":"Lvivske 1715","popularity_Lager":105.0,"n_beers_Lager":12.0,"avg_abv_Lager":4.7083333333,"max_abv_beer_Lager":"Lvivske Mitzne","max_abv_Lager":7.0,"best_beer_Stout":null,"best_beer_score_Stout":null,"most_popular_beer_Stout":null,"popularity_Stout":null,"n_beers_Stout":null,"avg_abv_Stout":null,"max_abv_beer_Stout":null,"max_abv_Stout":null,"best_beer_Pilsner":"Premium Lager","best_beer_score_Pilsner":2.944137931,"most_popular_beer_Pilsner":"Premium Lager","popularity_Pilsner":56.0,"n_beers_Pilsner":1.0,"avg_abv_Pilsner":4.5,"max_abv_beer_Pilsner":"Premium Lager","max_abv_Pilsner":4.5,"best_beer_Porter":"Lvivske Porter","best_beer_score_Porter":3.3042424242,"most_popular_beer_Porter":"Lvivske Porter","popularity_Porter":31.0,"n_beers_Porter":1.0,"avg_abv_Porter":8.0,"max_abv_beer_Porter":"Lvivske Porter","max_abv_Porter":8.0,"best_beer_Fruit":null,"best_beer_score_Fruit":null,"most_popular_beer_Fruit":null,"popularity_Fruit":null,"n_beers_Fruit":null,"avg_abv_Fruit":null,"max_abv_beer_Fruit":null,"max_abv_Fruit":null,"best_beer_Roggenbier":null,"best_beer_score_Roggenbier":null,"most_popular_beer_Roggenbier":null,"popularity_Roggenbier":null,"n_beers_Roggenbier":null,"avg_abv_Roggenbier":null,"max_abv_beer_Roggenbier":null,"max_abv_Roggenbier":null,"best_beer_Herb":null,"best_beer_score_Herb":null,"most_popular_beer_Herb":null,"popularity_Herb":null,"n_beers_Herb":null,"avg_abv_Herb":null,"max_abv_beer_Herb":null,"max_abv_Herb":null,"best_beer_Smoke":null,"best_beer_score_Smoke":null,"most_popular_beer_Smoke":null,"popularity_Smoke":null,"n_beers_Smoke":null,"avg_abv_Smoke":null,"max_abv_beer_Smoke":null,"max_abv_Smoke":null,"best_beer_Barleywine":null,"best_beer_score_Barleywine":null,"most_popular_beer_Barleywine":null,"popularity_Barleywine":null,"n_beers_Barleywine":null,"avg_abv_Barleywine":null,"max_abv_beer_Barleywine":null,"max_abv_Barleywine":null,"best_beer":"Lvivske White Lion","best_beer_score":3.668,"most_popular_beer":"Lvivske 1715","popularity":105.0,"n_beers":20.0,"avg_abv":4.8,"max_abv_beer":"Lvivske Porter","max_abv":8.0},{"brewery":"Mykulynetskyj Brovar - Mykulinetske","city":"Mykulyntsi","lat":49.3935199,"long":25.60649499,"best_beer_IPA":null,"best_beer_score_IPA":null,"most_popular_beer_IPA":null,"popularity_IPA":null,"n_beers_IPA":null,"avg_abv_IPA":null,"max_abv_beer_IPA":null,"max_abv_IPA":null,"best_beer_Ale":null,"best_beer_score_Ale":null,"most_popular_beer_Ale":null,"popularity_Ale":null,"n_beers_Ale":null,"avg_abv_Ale":null,"max_abv_beer_Ale":null,"max_abv_Ale":null,"best_beer_Lager":"Ukrainian Dark","best_beer_score_Lager":3.245,"most_popular_beer_Lager":"Ukrainian Dark","popularity_Lager":2.0,"n_beers_Lager":9.0,"avg_abv_Lager":5.0111111111,"max_abv_beer_Lager":"Ternove Pole","max_abv_Lager":7.1,"best_beer_Stout":null,"best_beer_score_Stout":null,"most_popular_beer_Stout":null,"popularity_Stout":null,"n_beers_Stout":null,"avg_abv_Stout":null,"max_abv_beer_Stout":null,"max_abv_Stout":null,"best_beer_Pilsner":"Koruna Ceska","best_beer_score_Pilsner":2.85,"most_popular_beer_Pilsner":"Koruna Ceska","popularity_Pilsner":1.0,"n_beers_Pilsner":2.0,"avg_abv_Pilsner":4.75,"max_abv_beer_Pilsner":"Koruna Ceska","max_abv_Pilsner":5.0,"best_beer_Porter":null,"best_beer_score_Porter":null,"most_popular_beer_Porter":null,"popularity_Porter":null,"n_beers_Porter":null,"avg_abv_Porter":null,"max_abv_beer_Porter":null,"max_abv_Porter":null,"best_beer_Fruit":null,"best_beer_score_Fruit":null,"most_popular_beer_Fruit":null,"popularity_Fruit":null,"n_beers_Fruit":1.0,"avg_abv_Fruit":2.6,"max_abv_beer_Fruit":"Radler Lemon","max_abv_Fruit":2.6,"best_beer_Roggenbier":null,"best_beer_score_Roggenbier":null,"most_popular_beer_Roggenbier":null,"popularity_Roggenbier":null,"n_beers_Roggenbier":null,"avg_abv_Roggenbier":null,"max_abv_beer_Roggenbier":null,"max_abv_Roggenbier":null,"best_beer_Herb":"Medove","best_beer_score_Herb":2.875,"most_popular_beer_Herb":"Medove","popularity_Herb":2.0,"n_beers_Herb":3.0,"avg_abv_Herb":6.6666666667,"max_abv_beer_Herb":"Novorichne 2015","max_abv_Herb":7.0,"best_beer_Smoke":null,"best_beer_score_Smoke":null,"most_popular_beer_Smoke":null,"popularity_Smoke":null,"n_beers_Smoke":null,"avg_abv_Smoke":null,"max_abv_beer_Smoke":null,"max_abv_Smoke":null,"best_beer_Barleywine":null,"best_beer_score_Barleywine":null,"most_popular_beer_Barleywine":null,"popularity_Barleywine":null,"n_beers_Barleywine":null,"avg_abv_Barleywine":null,"max_abv_beer_Barleywine":null,"max_abv_Barleywine":null,"best_beer":"Ukrainian Dark","best_beer_score":3.245,"most_popular_beer":"Ukrainian Dark","popularity":2.0,"n_beers":16.0,"avg_abv":5.075,"max_abv_beer":"Ternove Pole","max_abv":7.1},{"brewery":"VAT Berdichivskiy Pivzavod","city":"Berdichiv","lat":49.89928,"long":28.60235,"best_beer_IPA":null,"best_beer_score_IPA":null,"most_popular_beer_IPA":null,"popularity_IPA":null,"n_beers_IPA":null,"avg_abv_IPA":null,"max_abv_beer_IPA":null,"max_abv_IPA":null,"best_beer_Ale":null,"best_beer_score_Ale":null,"most_popular_beer_Ale":null,"popularity_Ale":null,"n_beers_Ale":null,"avg_abv_Ale":null,"max_abv_beer_Ale":null,"max_abv_Ale":null,"best_beer_Lager":"Khmilnye","best_beer_score_Lager":2.6933333333,"most_popular_beer_Lager":"Khmilnye","popularity_Lager":1.0,"n_beers_Lager":1.0,"avg_abv_Lager":4.3,"max_abv_beer_Lager":"Khmilnye","max_abv_Lager":4.3,"best_beer_Stout":null,"best_beer_score_Stout":null,"most_popular_beer_Stout":null,"popularity_Stout":null,"n_beers_Stout":null,"avg_abv_Stout":null,"max_abv_beer_Stout":null,"max_abv_Stout":null,"best_beer_Pilsner":null,"best_beer_score_Pilsner":null,"most_popular_beer_Pilsner":null,"popularity_Pilsner":null,"n_beers_Pilsner":null,"avg_abv_Pilsner":null,"max_abv_beer_Pilsner":null,"max_abv_Pilsner":null,"best_beer_Porter":null,"best_beer_score_Porter":null,"most_popular_beer_Porter":null,"popularity_Porter":null,"n_beers_Porter":null,"avg_abv_Porter":null,"max_abv_beer_Porter":null,"max_abv_Porter":null,"best_beer_Fruit":null,"best_beer_score_Fruit":null,"most_popular_beer_Fruit":null,"popularity_Fruit":null,"n_beers_Fruit":null,"avg_abv_Fruit":null,"max_abv_beer_Fruit":null,"max_abv_Fruit":null,"best_beer_Roggenbier":null,"best_beer_score_Roggenbier":null,"most_popular_beer_Roggenbier":null,"popularity_Roggenbier":null,"n_beers_Roggenbier":null,"avg_abv_Roggenbier":null,"max_abv_beer_Roggenbier":null,"max_abv_Roggenbier":null,"best_beer_Herb":null,"best_beer_score_Herb":null,"most_popular_beer_Herb":null,"popularity_Herb":null,"n_beers_Herb":null,"avg_abv_Herb":null,"max_abv_beer_Herb":null,"max_abv_Herb":null,"best_beer_Smoke":null,"best_beer_score_Smoke":null,"most_popular_beer_Smoke":null,"popularity_Smoke":null,"n_beers_Smoke":null,"avg_abv_Smoke":null,"max_abv_beer_Smoke":null,"max_abv_Smoke":null,"best_beer_Barleywine":null,"best_beer_score_Barleywine":null,"most_popular_beer_Barleywine":null,"popularity_Barleywine":null,"n_beers_Barleywine":null,"avg_abv_Barleywine":null,"max_abv_beer_Barleywine":null,"max_abv_Barleywine":null,"best_beer":"Pshenichne (\u041f\u0448\u0435\u043d\u0438\u0447\u043d\u0435)","best_beer_score":2.7533333333,"most_popular_beer":"Khmilnye","popularity":1.0,"n_beers":2.0,"avg_abv":4.4,"max_abv_beer":"Pshenichne (\u041f\u0448\u0435\u043d\u0438\u0447\u043d\u0435)","max_abv":4.5},{"brewery":"Sarmat","city":"Donetsk","lat":48.023,"long":37.80224,"best_beer_IPA":null,"best_beer_score_IPA":null,"most_popular_beer_IPA":null,"popularity_IPA":null,"n_beers_IPA":null,"avg_abv_IPA":null,"max_abv_beer_IPA":null,"max_abv_IPA":null,"best_beer_Ale":"Sarmat Ale Svitle","best_beer_score_Ale":2.99,"most_popular_beer_Ale":"Sarmat Ale Svitle","popularity_Ale":1.0,"n_beers_Ale":1.0,"avg_abv_Ale":4.8,"max_abv_beer_Ale":"Sarmat Ale Svitle","max_abv_Ale":4.8,"best_beer_Lager":"Dobry Shubin","best_beer_score_Lager":2.66,"most_popular_beer_Lager":"Sarmat Mitzne","popularity_Lager":3.0,"n_beers_Lager":6.0,"avg_abv_Lager":4.7666666667,"max_abv_beer_Lager":"Sarmat Mitzne","max_abv_Lager":7.5,"best_beer_Stout":null,"best_beer_score_Stout":null,"most_popular_beer_Stout":null,"popularity_Stout":null,"n_beers_Stout":null,"avg_abv_Stout":null,"max_abv_beer_Stout":null,"max_abv_Stout":null,"best_beer_Pilsner":"Kaltenberg Pils","best_beer_score_Pilsner":3.1375,"most_popular_beer_Pilsner":"Kaltenberg Pils","popularity_Pilsner":2.0,"n_beers_Pilsner":1.0,"avg_abv_Pilsner":4.8,"max_abv_beer_Pilsner":"Kaltenberg Pils","max_abv_Pilsner":4.8,"best_beer_Porter":"Sarmat Porter","best_beer_score_Porter":3.1175,"most_popular_beer_Porter":"Sarmat Porter","popularity_Porter":2.0,"n_beers_Porter":1.0,"avg_abv_Porter":6.0,"max_abv_beer_Porter":"Sarmat Porter","max_abv_Porter":6.0,"best_beer_Fruit":null,"best_beer_score_Fruit":null,"most_popular_beer_Fruit":null,"popularity_Fruit":null,"n_beers_Fruit":null,"avg_abv_Fruit":null,"max_abv_beer_Fruit":null,"max_abv_Fruit":null,"best_beer_Roggenbier":null,"best_beer_score_Roggenbier":null,"most_popular_beer_Roggenbier":null,"popularity_Roggenbier":null,"n_beers_Roggenbier":null,"avg_abv_Roggenbier":null,"max_abv_beer_Roggenbier":null,"max_abv_Roggenbier":null,"best_beer_Herb":null,"best_beer_score_Herb":null,"most_popular_beer_Herb":null,"popularity_Herb":null,"n_beers_Herb":null,"avg_abv_Herb":null,"max_abv_beer_Herb":null,"max_abv_Herb":null,"best_beer_Smoke":null,"best_beer_score_Smoke":null,"most_popular_beer_Smoke":null,"popularity_Smoke":null,"n_beers_Smoke":null,"avg_abv_Smoke":null,"max_abv_beer_Smoke":null,"max_abv_Smoke":null,"best_beer_Barleywine":null,"best_beer_score_Barleywine":null,"most_popular_beer_Barleywine":null,"popularity_Barleywine":null,"n_beers_Barleywine":null,"avg_abv_Barleywine":null,"max_abv_beer_Barleywine":null,"max_abv_Barleywine":null,"best_beer":"Kaltenberg Pils","best_beer_score":3.1375,"most_popular_beer":"Sarmat Mitzne","popularity":3.0,"n_beers":11.0,"avg_abv":4.9272727273,"max_abv_beer":"Sarmat Mitzne","max_abv":7.5},{"brewery":"Tsypa","city":"Kvasy","lat":48.14973,"long":24.27995,"best_beer_IPA":"Samotnya","best_beer_score_IPA":3.0925,"most_popular_beer_IPA":"Samotnya","popularity_IPA":2.0,"n_beers_IPA":3.0,"avg_abv_IPA":5.9666666667,"max_abv_beer_IPA":"Tsypa-100","max_abv_IPA":7.9,"best_beer_Ale":null,"best_beer_score_Ale":null,"most_popular_beer_Ale":null,"popularity_Ale":null,"n_beers_Ale":null,"avg_abv_Ale":null,"max_abv_beer_Ale":null,"max_abv_Ale":null,"best_beer_Lager":"Bila","best_beer_score_Lager":3.346,"most_popular_beer_Lager":"Bila","popularity_Lager":3.0,"n_beers_Lager":1.0,"avg_abv_Lager":4.5,"max_abv_beer_Lager":"Bila","max_abv_Lager":4.5,"best_beer_Stout":"Black Ella","best_beer_score_Stout":3.0733333333,"most_popular_beer_Stout":"Black Ella","popularity_Stout":1.0,"n_beers_Stout":2.0,"avg_abv_Stout":7.4,"max_abv_beer_Stout":"Black Ella","max_abv_Stout":7.8,"best_beer_Pilsner":"Petros","best_beer_score_Pilsner":2.9033333333,"most_popular_beer_Pilsner":"Petros","popularity_Pilsner":1.0,"n_beers_Pilsner":1.0,"avg_abv_Pilsner":5.3,"max_abv_beer_Pilsner":"Petros","max_abv_Pilsner":5.3,"best_beer_Porter":null,"best_beer_score_Porter":null,"most_popular_beer_Porter":null,"popularity_Porter":null,"n_beers_Porter":null,"avg_abv_Porter":null,"max_abv_beer_Porter":null,"max_abv_Porter":null,"best_beer_Fruit":null,"best_beer_score_Fruit":null,"most_popular_beer_Fruit":null,"popularity_Fruit":null,"n_beers_Fruit":null,"avg_abv_Fruit":null,"max_abv_beer_Fruit":null,"max_abv_Fruit":null,"best_beer_Roggenbier":null,"best_beer_score_Roggenbier":null,"most_popular_beer_Roggenbier":null,"popularity_Roggenbier":null,"n_beers_Roggenbier":null,"avg_abv_Roggenbier":null,"max_abv_beer_Roggenbier":null,"max_abv_Roggenbier":null,"best_beer_Herb":"Pid Travov","best_beer_score_Herb":3.2225,"most_popular_beer_Herb":"Pid Smerekov","popularity_Herb":3.0,"n_beers_Herb":2.0,"avg_abv_Herb":5.0,"max_abv_beer_Herb":"Pid Travov","max_abv_Herb":5.0,"best_beer_Smoke":null,"best_beer_score_Smoke":null,"most_popular_beer_Smoke":null,"popularity_Smoke":null,"n_beers_Smoke":null,"avg_abv_Smoke":null,"max_abv_beer_Smoke":null,"max_abv_Smoke":null,"best_beer_Barleywine":null,"best_beer_score_Barleywine":null,"most_popular_beer_Barleywine":null,"popularity_Barleywine":null,"n_beers_Barleywine":null,"avg_abv_Barleywine":null,"max_abv_beer_Barleywine":null,"max_abv_Barleywine":null,"best_beer":"Bila","best_beer_score":3.346,"most_popular_beer":"Bila","popularity":3.0,"n_beers":16.0,"avg_abv":5.30625,"max_abv_beer":"Tsypa-100","max_abv":7.9},{"brewery":"Radomyshlskij Pivovarennyj Zavod","city":"Radomyshl","lat":50.49613,"long":29.22911,"best_beer_IPA":null,"best_beer_score_IPA":null,"most_popular_beer_IPA":null,"popularity_IPA":null,"n_beers_IPA":null,"avg_abv_IPA":null,"max_abv_beer_IPA":null,"max_abv_IPA":null,"best_beer_Ale":null,"best_beer_score_Ale":null,"most_popular_beer_Ale":null,"popularity_Ale":null,"n_beers_Ale":null,"avg_abv_Ale":null,"max_abv_beer_Ale":null,"max_abv_Ale":null,"best_beer_Lager":"Old Brown Beer","best_beer_score_Lager":2.7833333333,"most_popular_beer_Lager":"Old Brown Beer","popularity_Lager":1.0,"n_beers_Lager":1.0,"avg_abv_Lager":5.0,"max_abv_beer_Lager":"Old Brown Beer","max_abv_Lager":5.0,"best_beer_Stout":null,"best_beer_score_Stout":null,"most_popular_beer_Stout":null,"popularity_Stout":null,"n_beers_Stout":null,"avg_abv_Stout":null,"max_abv_beer_Stout":null,"max_abv_Stout":null,"best_beer_Pilsner":"Classic Pilsen Beer","best_beer_score_Pilsner":2.69,"most_popular_beer_Pilsner":"Classic Pilsen Beer","popularity_Pilsner":1.0,"n_beers_Pilsner":1.0,"avg_abv_Pilsner":4.8,"max_abv_beer_Pilsner":"Classic Pilsen Beer","max_abv_Pilsner":4.8,"best_beer_Porter":null,"best_beer_score_Porter":null,"most_popular_beer_Porter":null,"popularity_Porter":null,"n_beers_Porter":null,"avg_abv_Porter":null,"max_abv_beer_Porter":null,"max_abv_Porter":null,"best_beer_Fruit":null,"best_beer_score_Fruit":null,"most_popular_beer_Fruit":null,"popularity_Fruit":null,"n_beers_Fruit":null,"avg_abv_Fruit":null,"max_abv_beer_Fruit":null,"max_abv_Fruit":null,"best_beer_Roggenbier":null,"best_beer_score_Roggenbier":null,"most_popular_beer_Roggenbier":null,"popularity_Roggenbier":null,"n_beers_Roggenbier":null,"avg_abv_Roggenbier":null,"max_abv_beer_Roggenbier":null,"max_abv_Roggenbier":null,"best_beer_Herb":null,"best_beer_score_Herb":null,"most_popular_beer_Herb":null,"popularity_Herb":null,"n_beers_Herb":null,"avg_abv_Herb":null,"max_abv_beer_Herb":null,"max_abv_Herb":null,"best_beer_Smoke":null,"best_beer_score_Smoke":null,"most_popular_beer_Smoke":null,"popularity_Smoke":null,"n_beers_Smoke":null,"avg_abv_Smoke":null,"max_abv_beer_Smoke":null,"max_abv_Smoke":null,"best_beer_Barleywine":null,"best_beer_score_Barleywine":null,"most_popular_beer_Barleywine":null,"popularity_Barleywine":null,"n_beers_Barleywine":null,"avg_abv_Barleywine":null,"max_abv_beer_Barleywine":null,"max_abv_Barleywine":null,"best_beer":"Pshenychne - Weissbier Etalon","best_beer_score":3.10625,"most_popular_beer":"Pshenychne - Weissbier Etalon","popularity":6.0,"n_beers":3.0,"avg_abv":4.9333333333,"max_abv_beer":"Old Brown Beer","max_abv":5.0},{"brewery":"Seven Bridges Brewery","city":"Kiev","lat":50.45466,"long":30.5238,"best_beer_IPA":"Lizard King","best_beer_score_IPA":2.65,"most_popular_beer_IPA":"Lizard King","popularity_IPA":1.0,"n_beers_IPA":1.0,"avg_abv_IPA":6.0,"max_abv_beer_IPA":"Lizard King","max_abv_IPA":6.0,"best_beer_Ale":null,"best_beer_score_Ale":null,"most_popular_beer_Ale":null,"popularity_Ale":null,"n_beers_Ale":null,"avg_abv_Ale":null,"max_abv_beer_Ale":null,"max_abv_Ale":null,"best_beer_Lager":null,"best_beer_score_Lager":null,"most_popular_beer_Lager":null,"popularity_Lager":null,"n_beers_Lager":null,"avg_abv_Lager":null,"max_abv_beer_Lager":null,"max_abv_Lager":null,"best_beer_Stout":"Woddoo Child","best_beer_score_Stout":2.9,"most_popular_beer_Stout":"Woddoo Child","popularity_Stout":1.0,"n_beers_Stout":1.0,"avg_abv_Stout":5.6,"max_abv_beer_Stout":"Woddoo Child","max_abv_Stout":5.6,"best_beer_Pilsner":null,"best_beer_score_Pilsner":null,"most_popular_beer_Pilsner":null,"popularity_Pilsner":null,"n_beers_Pilsner":null,"avg_abv_Pilsner":null,"max_abv_beer_Pilsner":null,"max_abv_Pilsner":null,"best_beer_Porter":null,"best_beer_score_Porter":null,"most_popular_beer_Porter":null,"popularity_Porter":null,"n_beers_Porter":null,"avg_abv_Porter":null,"max_abv_beer_Porter":null,"max_abv_Porter":null,"best_beer_Fruit":null,"best_beer_score_Fruit":null,"most_popular_beer_Fruit":null,"popularity_Fruit":null,"n_beers_Fruit":null,"avg_abv_Fruit":null,"max_abv_beer_Fruit":null,"max_abv_Fruit":null,"best_beer_Roggenbier":null,"best_beer_score_Roggenbier":null,"most_popular_beer_Roggenbier":null,"popularity_Roggenbier":null,"n_beers_Roggenbier":null,"avg_abv_Roggenbier":null,"max_abv_beer_Roggenbier":null,"max_abv_Roggenbier":null,"best_beer_Herb":null,"best_beer_score_Herb":null,"most_popular_beer_Herb":null,"popularity_Herb":null,"n_beers_Herb":null,"avg_abv_Herb":null,"max_abv_beer_Herb":null,"max_abv_Herb":null,"best_beer_Smoke":null,"best_beer_score_Smoke":null,"most_popular_beer_Smoke":null,"popularity_Smoke":null,"n_beers_Smoke":null,"avg_abv_Smoke":null,"max_abv_beer_Smoke":null,"max_abv_Smoke":null,"best_beer_Barleywine":null,"best_beer_score_Barleywine":null,"most_popular_beer_Barleywine":null,"popularity_Barleywine":null,"n_beers_Barleywine":null,"avg_abv_Barleywine":null,"max_abv_beer_Barleywine":null,"max_abv_Barleywine":null,"best_beer":"Woddoo Child","best_beer_score":2.9,"most_popular_beer":"Woddoo Child","popularity":1.0,"n_beers":2.0,"avg_abv":5.8,"max_abv_beer":"Lizard King","max_abv":6.0},{"brewery":"\u0412\u043e\u043b\u0438\u043d\u044c\u0441\u043a\u0438\u0439 \u0411\u0440\u043e\u0432\u0430\u0440","city":"Berezne","lat":51.00094,"long":26.75106,"best_beer_IPA":null,"best_beer_score_IPA":null,"most_popular_beer_IPA":null,"popularity_IPA":null,"n_beers_IPA":null,"avg_abv_IPA":null,"max_abv_beer_IPA":null,"max_abv_IPA":null,"best_beer_Ale":null,"best_beer_score_Ale":null,"most_popular_beer_Ale":null,"popularity_Ale":null,"n_beers_Ale":null,"avg_abv_Ale":null,"max_abv_beer_Ale":null,"max_abv_Ale":null,"best_beer_Lager":"Mur Ruby","best_beer_score_Lager":2.8266666667,"most_popular_beer_Lager":"Mur Ruby","popularity_Lager":1.0,"n_beers_Lager":1.0,"avg_abv_Lager":5.4,"max_abv_beer_Lager":"Mur Ruby","max_abv_Lager":5.4,"best_beer_Stout":"Mur Stout","best_beer_score_Stout":2.9166666667,"most_popular_beer_Stout":"Mur Stout","popularity_Stout":1.0,"n_beers_Stout":1.0,"avg_abv_Stout":5.8,"max_abv_beer_Stout":"Mur Stout","max_abv_Stout":5.8,"best_beer_Pilsner":"Volynske","best_beer_score_Pilsner":2.7433333333,"most_popular_beer_Pilsner":"Volynske","popularity_Pilsner":1.0,"n_beers_Pilsner":1.0,"avg_abv_Pilsner":3.8,"max_abv_beer_Pilsner":"Volynske","max_abv_Pilsner":3.8,"best_beer_Porter":null,"best_beer_score_Porter":null,"most_popular_beer_Porter":null,"popularity_Porter":null,"n_beers_Porter":null,"avg_abv_Porter":null,"max_abv_beer_Porter":null,"max_abv_Porter":null,"best_beer_Fruit":null,"best_beer_score_Fruit":null,"most_popular_beer_Fruit":null,"popularity_Fruit":null,"n_beers_Fruit":null,"avg_abv_Fruit":null,"max_abv_beer_Fruit":null,"max_abv_Fruit":null,"best_beer_Roggenbier":null,"best_beer_score_Roggenbier":null,"most_popular_beer_Roggenbier":null,"popularity_Roggenbier":null,"n_beers_Roggenbier":null,"avg_abv_Roggenbier":null,"max_abv_beer_Roggenbier":null,"max_abv_Roggenbier":null,"best_beer_Herb":null,"best_beer_score_Herb":null,"most_popular_beer_Herb":null,"popularity_Herb":null,"n_beers_Herb":null,"avg_abv_Herb":null,"max_abv_beer_Herb":null,"max_abv_Herb":null,"best_beer_Smoke":null,"best_beer_score_Smoke":null,"most_popular_beer_Smoke":null,"popularity_Smoke":null,"n_beers_Smoke":null,"avg_abv_Smoke":null,"max_abv_beer_Smoke":null,"max_abv_Smoke":null,"best_beer_Barleywine":null,"best_beer_score_Barleywine":null,"most_popular_beer_Barleywine":null,"popularity_Barleywine":null,"n_beers_Barleywine":null,"avg_abv_Barleywine":null,"max_abv_beer_Barleywine":null,"max_abv_Barleywine":null,"best_beer":"Mur Stout","best_beer_score":2.9166666667,"most_popular_beer":"Mur Stout","popularity":1.0,"n_beers":3.0,"avg_abv":5.0,"max_abv_beer":"Mur Stout","max_abv":5.8},{"brewery":"Yarilo","city":"Zaporizhia","lat":47.82289,"long":35.19031,"best_beer_IPA":null,"best_beer_score_IPA":null,"most_popular_beer_IPA":null,"popularity_IPA":null,"n_beers_IPA":null,"avg_abv_IPA":null,"max_abv_beer_IPA":null,"max_abv_IPA":null,"best_beer_Ale":null,"best_beer_score_Ale":null,"most_popular_beer_Ale":null,"popularity_Ale":null,"n_beers_Ale":null,"avg_abv_Ale":null,"max_abv_beer_Ale":null,"max_abv_Ale":null,"best_beer_Lager":null,"best_beer_score_Lager":null,"most_popular_beer_Lager":null,"popularity_Lager":null,"n_beers_Lager":null,"avg_abv_Lager":null,"max_abv_beer_Lager":null,"max_abv_Lager":null,"best_beer_Stout":null,"best_beer_score_Stout":null,"most_popular_beer_Stout":null,"popularity_Stout":null,"n_beers_Stout":null,"avg_abv_Stout":null,"max_abv_beer_Stout":null,"max_abv_Stout":null,"best_beer_Pilsner":null,"best_beer_score_Pilsner":null,"most_popular_beer_Pilsner":null,"popularity_Pilsner":null,"n_beers_Pilsner":null,"avg_abv_Pilsner":null,"max_abv_beer_Pilsner":null,"max_abv_Pilsner":null,"best_beer_Porter":null,"best_beer_score_Porter":null,"most_popular_beer_Porter":null,"popularity_Porter":null,"n_beers_Porter":null,"avg_abv_Porter":null,"max_abv_beer_Porter":null,"max_abv_Porter":null,"best_beer_Fruit":null,"best_beer_score_Fruit":null,"most_popular_beer_Fruit":null,"popularity_Fruit":null,"n_beers_Fruit":null,"avg_abv_Fruit":null,"max_abv_beer_Fruit":null,"max_abv_Fruit":null,"best_beer_Roggenbier":null,"best_beer_score_Roggenbier":null,"most_popular_beer_Roggenbier":null,"popularity_Roggenbier":null,"n_beers_Roggenbier":null,"avg_abv_Roggenbier":null,"max_abv_beer_Roggenbier":null,"max_abv_Roggenbier":null,"best_beer_Herb":null,"best_beer_score_Herb":null,"most_popular_beer_Herb":null,"popularity_Herb":null,"n_beers_Herb":null,"avg_abv_Herb":null,"max_abv_beer_Herb":null,"max_abv_Herb":null,"best_beer_Smoke":null,"best_beer_score_Smoke":null,"most_popular_beer_Smoke":null,"popularity_Smoke":null,"n_beers_Smoke":null,"avg_abv_Smoke":null,"max_abv_beer_Smoke":null,"max_abv_Smoke":null,"best_beer_Barleywine":null,"best_beer_score_Barleywine":null,"most_popular_beer_Barleywine":null,"popularity_Barleywine":null,"n_beers_Barleywine":null,"avg_abv_Barleywine":null,"max_abv_beer_Barleywine":null,"max_abv_Barleywine":null,"best_beer":"Yarilo Kvass","best_beer_score":2.76,"most_popular_beer":"Yarilo Kvass","popularity":1.0,"n_beers":1.0,"avg_abv":1.5,"max_abv_beer":"Yarilo Kvass","max_abv":1.5},{"brewery":"White Rabbit Craft Brewery","city":"Kryvyi Rih","lat":47.90966,"long":33.38044,"best_beer_IPA":"Lupulin American IPA","best_beer_score_IPA":3.01,"most_popular_beer_IPA":"Lupulin American IPA","popularity_IPA":1.0,"n_beers_IPA":1.0,"avg_abv_IPA":6.5,"max_abv_beer_IPA":"Lupulin American IPA","max_abv_IPA":6.5,"best_beer_Ale":"San Diego","best_beer_score_Ale":2.98,"most_popular_beer_Ale":"San Diego","popularity_Ale":1.0,"n_beers_Ale":3.0,"avg_abv_Ale":6.1666666667,"max_abv_beer_Ale":"Passito Ale","max_abv_Ale":8.5,"best_beer_Lager":null,"best_beer_score_Lager":null,"most_popular_beer_Lager":null,"popularity_Lager":null,"n_beers_Lager":null,"avg_abv_Lager":null,"max_abv_beer_Lager":null,"max_abv_Lager":null,"best_beer_Stout":"710","best_beer_score_Stout":2.9966666667,"most_popular_beer_Stout":"710","popularity_Stout":1.0,"n_beers_Stout":1.0,"avg_abv_Stout":6.5,"max_abv_beer_Stout":"710","max_abv_Stout":6.5,"best_beer_Pilsner":null,"best_beer_score_Pilsner":null,"most_popular_beer_Pilsner":null,"popularity_Pilsner":null,"n_beers_Pilsner":null,"avg_abv_Pilsner":null,"max_abv_beer_Pilsner":null,"max_abv_Pilsner":null,"best_beer_Porter":null,"best_beer_score_Porter":null,"most_popular_beer_Porter":null,"popularity_Porter":null,"n_beers_Porter":null,"avg_abv_Porter":null,"max_abv_beer_Porter":null,"max_abv_Porter":null,"best_beer_Fruit":null,"best_beer_score_Fruit":null,"most_popular_beer_Fruit":null,"popularity_Fruit":null,"n_beers_Fruit":null,"avg_abv_Fruit":null,"max_abv_beer_Fruit":null,"max_abv_Fruit":null,"best_beer_Roggenbier":null,"best_beer_score_Roggenbier":null,"most_popular_beer_Roggenbier":null,"popularity_Roggenbier":null,"n_beers_Roggenbier":null,"avg_abv_Roggenbier":null,"max_abv_beer_Roggenbier":null,"max_abv_Roggenbier":null,"best_beer_Herb":null,"best_beer_score_Herb":null,"most_popular_beer_Herb":null,"popularity_Herb":null,"n_beers_Herb":null,"avg_abv_Herb":null,"max_abv_beer_Herb":null,"max_abv_Herb":null,"best_beer_Smoke":null,"best_beer_score_Smoke":null,"most_popular_beer_Smoke":null,"popularity_Smoke":null,"n_beers_Smoke":null,"avg_abv_Smoke":null,"max_abv_beer_Smoke":null,"max_abv_Smoke":null,"best_beer_Barleywine":null,"best_beer_score_Barleywine":null,"most_popular_beer_Barleywine":null,"popularity_Barleywine":null,"n_beers_Barleywine":null,"avg_abv_Barleywine":null,"max_abv_beer_Barleywine":null,"max_abv_Barleywine":null,"best_beer":"Lupulin American IPA","best_beer_score":3.01,"most_popular_beer":"Lupulin American IPA","popularity":1.0,"n_beers":5.0,"avg_abv":6.3,"max_abv_beer":"Passito Ale","max_abv":8.5},{"brewery":"Monastyrskiy Kvas","city":"Vyshneve Sity","lat":47.19218,"long":30.08812,"best_beer_IPA":null,"best_beer_score_IPA":null,"most_popular_beer_IPA":null,"popularity_IPA":null,"n_beers_IPA":null,"avg_abv_IPA":null,"max_abv_beer_IPA":null,"max_abv_IPA":null,"best_beer_Ale":null,"best_beer_score_Ale":null,"most_popular_beer_Ale":null,"popularity_Ale":null,"n_beers_Ale":null,"avg_abv_Ale":null,"max_abv_beer_Ale":null,"max_abv_Ale":null,"best_beer_Lager":null,"best_beer_score_Lager":null,"most_popular_beer_Lager":null,"popularity_Lager":null,"n_beers_Lager":null,"avg_abv_Lager":null,"max_abv_beer_Lager":null,"max_abv_Lager":null,"best_beer_Stout":null,"best_beer_score_Stout":null,"most_popular_beer_Stout":null,"popularity_Stout":null,"n_beers_Stout":null,"avg_abv_Stout":null,"max_abv_beer_Stout":null,"max_abv_Stout":null,"best_beer_Pilsner":null,"best_beer_score_Pilsner":null,"most_popular_beer_Pilsner":null,"popularity_Pilsner":null,"n_beers_Pilsner":null,"avg_abv_Pilsner":null,"max_abv_beer_Pilsner":null,"max_abv_Pilsner":null,"best_beer_Porter":null,"best_beer_score_Porter":null,"most_popular_beer_Porter":null,"popularity_Porter":null,"n_beers_Porter":null,"avg_abv_Porter":null,"max_abv_beer_Porter":null,"max_abv_Porter":null,"best_beer_Fruit":null,"best_beer_score_Fruit":null,"most_popular_beer_Fruit":null,"popularity_Fruit":null,"n_beers_Fruit":null,"avg_abv_Fruit":null,"max_abv_beer_Fruit":null,"max_abv_Fruit":null,"best_beer_Roggenbier":null,"best_beer_score_Roggenbier":null,"most_popular_beer_Roggenbier":null,"popularity_Roggenbier":null,"n_beers_Roggenbier":null,"avg_abv_Roggenbier":null,"max_abv_beer_Roggenbier":null,"max_abv_Roggenbier":null,"best_beer_Herb":null,"best_beer_score_Herb":null,"most_popular_beer_Herb":null,"popularity_Herb":null,"n_beers_Herb":null,"avg_abv_Herb":null,"max_abv_beer_Herb":null,"max_abv_Herb":null,"best_beer_Smoke":null,"best_beer_score_Smoke":null,"most_popular_beer_Smoke":null,"popularity_Smoke":null,"n_beers_Smoke":null,"avg_abv_Smoke":null,"max_abv_beer_Smoke":null,"max_abv_Smoke":null,"best_beer_Barleywine":null,"best_beer_score_Barleywine":null,"most_popular_beer_Barleywine":null,"popularity_Barleywine":null,"n_beers_Barleywine":null,"avg_abv_Barleywine":null,"max_abv_beer_Barleywine":null,"max_abv_Barleywine":null,"best_beer":"Monastyrskiy Black Currant Kvas","best_beer_score":3.3083333333,"most_popular_beer":"Monastyrskiy Kvas","popularity":29.0,"n_beers":2.0,"avg_abv":1.5,"max_abv_beer":"Monastyrskiy Kvas","max_abv":1.5},{"brewery":"Kaluskiy Brovar","city":"Kalush","lat":49.01187,"long":24.37308,"best_beer_IPA":null,"best_beer_score_IPA":null,"most_popular_beer_IPA":null,"popularity_IPA":null,"n_beers_IPA":null,"avg_abv_IPA":null,"max_abv_beer_IPA":null,"max_abv_IPA":null,"best_beer_Ale":null,"best_beer_score_Ale":null,"most_popular_beer_Ale":null,"popularity_Ale":null,"n_beers_Ale":null,"avg_abv_Ale":null,"max_abv_beer_Ale":null,"max_abv_Ale":null,"best_beer_Lager":"Karpatske","best_beer_score_Lager":2.6666666667,"most_popular_beer_Lager":"Karpatske","popularity_Lager":1.0,"n_beers_Lager":1.0,"avg_abv_Lager":3.5,"max_abv_beer_Lager":"Karpatske","max_abv_Lager":3.5,"best_beer_Stout":null,"best_beer_score_Stout":null,"most_popular_beer_Stout":null,"popularity_Stout":null,"n_beers_Stout":null,"avg_abv_Stout":null,"max_abv_beer_Stout":null,"max_abv_Stout":null,"best_beer_Pilsner":null,"best_beer_score_Pilsner":null,"most_popular_beer_Pilsner":null,"popularity_Pilsner":null,"n_beers_Pilsner":null,"avg_abv_Pilsner":null,"max_abv_beer_Pilsner":null,"max_abv_Pilsner":null,"best_beer_Porter":null,"best_beer_score_Porter":null,"most_popular_beer_Porter":null,"popularity_Porter":null,"n_beers_Porter":null,"avg_abv_Porter":null,"max_abv_beer_Porter":null,"max_abv_Porter":null,"best_beer_Fruit":null,"best_beer_score_Fruit":null,"most_popular_beer_Fruit":null,"popularity_Fruit":null,"n_beers_Fruit":null,"avg_abv_Fruit":null,"max_abv_beer_Fruit":null,"max_abv_Fruit":null,"best_beer_Roggenbier":null,"best_beer_score_Roggenbier":null,"most_popular_beer_Roggenbier":null,"popularity_Roggenbier":null,"n_beers_Roggenbier":null,"avg_abv_Roggenbier":null,"max_abv_beer_Roggenbier":null,"max_abv_Roggenbier":null,"best_beer_Herb":null,"best_beer_score_Herb":null,"most_popular_beer_Herb":null,"popularity_Herb":null,"n_beers_Herb":null,"avg_abv_Herb":null,"max_abv_beer_Herb":null,"max_abv_Herb":null,"best_beer_Smoke":null,"best_beer_score_Smoke":null,"most_popular_beer_Smoke":null,"popularity_Smoke":null,"n_beers_Smoke":null,"avg_abv_Smoke":null,"max_abv_beer_Smoke":null,"max_abv_Smoke":null,"best_beer_Barleywine":null,"best_beer_score_Barleywine":null,"most_popular_beer_Barleywine":null,"popularity_Barleywine":null,"n_beers_Barleywine":null,"avg_abv_Barleywine":null,"max_abv_beer_Barleywine":null,"max_abv_Barleywine":null,"best_beer":"Karpatske","best_beer_score":2.6666666667,"most_popular_beer":"Karpatske","popularity":1.0,"n_beers":1.0,"avg_abv":3.5,"max_abv_beer":"Karpatske","max_abv":3.5},{"brewery":"Napoi Plius (\u041d\u0430\u043f\u043e\u0457 \u043f\u043b\u044e\u0441)","city":"Kiev","lat":50.45466,"long":30.5238,"best_beer_IPA":null,"best_beer_score_IPA":null,"most_popular_beer_IPA":null,"popularity_IPA":null,"n_beers_IPA":null,"avg_abv_IPA":null,"max_abv_beer_IPA":null,"max_abv_IPA":null,"best_beer_Ale":null,"best_beer_score_Ale":null,"most_popular_beer_Ale":null,"popularity_Ale":null,"n_beers_Ale":null,"avg_abv_Ale":null,"max_abv_beer_Ale":null,"max_abv_Ale":null,"best_beer_Lager":null,"best_beer_score_Lager":null,"most_popular_beer_Lager":null,"popularity_Lager":null,"n_beers_Lager":null,"avg_abv_Lager":null,"max_abv_beer_Lager":null,"max_abv_Lager":null,"best_beer_Stout":null,"best_beer_score_Stout":null,"most_popular_beer_Stout":null,"popularity_Stout":null,"n_beers_Stout":null,"avg_abv_Stout":null,"max_abv_beer_Stout":null,"max_abv_Stout":null,"best_beer_Pilsner":null,"best_beer_score_Pilsner":null,"most_popular_beer_Pilsner":null,"popularity_Pilsner":null,"n_beers_Pilsner":null,"avg_abv_Pilsner":null,"max_abv_beer_Pilsner":null,"max_abv_Pilsner":null,"best_beer_Porter":null,"best_beer_score_Porter":null,"most_popular_beer_Porter":null,"popularity_Porter":null,"n_beers_Porter":null,"avg_abv_Porter":null,"max_abv_beer_Porter":null,"max_abv_Porter":null,"best_beer_Fruit":"Why Not. Smoky Island","best_beer_score_Fruit":2.8333333333,"most_popular_beer_Fruit":"Why Not. Carte Blanche","popularity_Fruit":1.0,"n_beers_Fruit":3.0,"avg_abv_Fruit":4.8666666667,"max_abv_beer_Fruit":"Why Not. Smoky Island","max_abv_Fruit":5.0,"best_beer_Roggenbier":null,"best_beer_score_Roggenbier":null,"most_popular_beer_Roggenbier":null,"popularity_Roggenbier":null,"n_beers_Roggenbier":null,"avg_abv_Roggenbier":null,"max_abv_beer_Roggenbier":null,"max_abv_Roggenbier":null,"best_beer_Herb":null,"best_beer_score_Herb":null,"most_popular_beer_Herb":null,"popularity_Herb":null,"n_beers_Herb":null,"avg_abv_Herb":null,"max_abv_beer_Herb":null,"max_abv_Herb":null,"best_beer_Smoke":null,"best_beer_score_Smoke":null,"most_popular_beer_Smoke":null,"popularity_Smoke":null,"n_beers_Smoke":null,"avg_abv_Smoke":null,"max_abv_beer_Smoke":null,"max_abv_Smoke":null,"best_beer_Barleywine":null,"best_beer_score_Barleywine":null,"most_popular_beer_Barleywine":null,"popularity_Barleywine":null,"n_beers_Barleywine":null,"avg_abv_Barleywine":null,"max_abv_beer_Barleywine":null,"max_abv_Barleywine":null,"best_beer":"Why Not. Smoky Island","best_beer_score":2.8333333333,"most_popular_beer":"Why Not. Carte Blanche","popularity":1.0,"n_beers":3.0,"avg_abv":4.8666666667,"max_abv_beer":"Why Not. Smoky Island","max_abv":5.0},{"brewery":"Poltavpivo","city":"Poltava","lat":49.59373,"long":34.54073,"best_beer_IPA":null,"best_beer_score_IPA":null,"most_popular_beer_IPA":null,"popularity_IPA":null,"n_beers_IPA":null,"avg_abv_IPA":null,"max_abv_beer_IPA":null,"max_abv_IPA":null,"best_beer_Ale":null,"best_beer_score_Ale":null,"most_popular_beer_Ale":null,"popularity_Ale":null,"n_beers_Ale":null,"avg_abv_Ale":null,"max_abv_beer_Ale":null,"max_abv_Ale":null,"best_beer_Lager":"Dikanski Vechori","best_beer_score_Lager":2.954,"most_popular_beer_Lager":"Dikanski Vechori","popularity_Lager":3.0,"n_beers_Lager":6.0,"avg_abv_Lager":4.7166666667,"max_abv_beer_Lager":"Ay-Nikola","max_abv_Lager":6.0,"best_beer_Stout":null,"best_beer_score_Stout":null,"most_popular_beer_Stout":null,"popularity_Stout":null,"n_beers_Stout":null,"avg_abv_Stout":null,"max_abv_beer_Stout":null,"max_abv_Stout":null,"best_beer_Pilsner":null,"best_beer_score_Pilsner":null,"most_popular_beer_Pilsner":null,"popularity_Pilsner":null,"n_beers_Pilsner":null,"avg_abv_Pilsner":null,"max_abv_beer_Pilsner":null,"max_abv_Pilsner":null,"best_beer_Porter":null,"best_beer_score_Porter":null,"most_popular_beer_Porter":null,"popularity_Porter":null,"n_beers_Porter":null,"avg_abv_Porter":null,"max_abv_beer_Porter":null,"max_abv_Porter":null,"best_beer_Fruit":null,"best_beer_score_Fruit":null,"most_popular_beer_Fruit":null,"popularity_Fruit":null,"n_beers_Fruit":null,"avg_abv_Fruit":null,"max_abv_beer_Fruit":null,"max_abv_Fruit":null,"best_beer_Roggenbier":null,"best_beer_score_Roggenbier":null,"most_popular_beer_Roggenbier":null,"popularity_Roggenbier":null,"n_beers_Roggenbier":null,"avg_abv_Roggenbier":null,"max_abv_beer_Roggenbier":null,"max_abv_Roggenbier":null,"best_beer_Herb":null,"best_beer_score_Herb":null,"most_popular_beer_Herb":null,"popularity_Herb":null,"n_beers_Herb":null,"avg_abv_Herb":null,"max_abv_beer_Herb":null,"max_abv_Herb":null,"best_beer_Smoke":null,"best_beer_score_Smoke":null,"most_popular_beer_Smoke":null,"popularity_Smoke":null,"n_beers_Smoke":null,"avg_abv_Smoke":null,"max_abv_beer_Smoke":null,"max_abv_Smoke":null,"best_beer_Barleywine":null,"best_beer_score_Barleywine":null,"most_popular_beer_Barleywine":null,"popularity_Barleywine":null,"n_beers_Barleywine":null,"avg_abv_Barleywine":null,"max_abv_beer_Barleywine":null,"max_abv_Barleywine":null,"best_beer":"Dikanski Vechori","best_beer_score":2.954,"most_popular_beer":"Dikanski Vechori","popularity":3.0,"n_beers":7.0,"avg_abv":4.7,"max_abv_beer":"Ay-Nikola","max_abv":6.0},{"brewery":"Vat Pivobyezalkogolniy Kombinat Krim","city":"Simferopole","lat":44.95719,"long":34.11079,"best_beer_IPA":null,"best_beer_score_IPA":null,"most_popular_beer_IPA":null,"popularity_IPA":null,"n_beers_IPA":null,"avg_abv_IPA":null,"max_abv_beer_IPA":null,"max_abv_IPA":null,"best_beer_Ale":null,"best_beer_score_Ale":null,"most_popular_beer_Ale":null,"popularity_Ale":null,"n_beers_Ale":null,"avg_abv_Ale":null,"max_abv_beer_Ale":null,"max_abv_Ale":null,"best_beer_Lager":"Krim Svitle","best_beer_score_Lager":2.79,"most_popular_beer_Lager":"Krim Svitle","popularity_Lager":2.0,"n_beers_Lager":1.0,"avg_abv_Lager":3.5,"max_abv_beer_Lager":"Krim Svitle","max_abv_Lager":3.5,"best_beer_Stout":null,"best_beer_score_Stout":null,"most_popular_beer_Stout":null,"popularity_Stout":null,"n_beers_Stout":null,"avg_abv_Stout":null,"max_abv_beer_Stout":null,"max_abv_Stout":null,"best_beer_Pilsner":null,"best_beer_score_Pilsner":null,"most_popular_beer_Pilsner":null,"popularity_Pilsner":null,"n_beers_Pilsner":null,"avg_abv_Pilsner":null,"max_abv_beer_Pilsner":null,"max_abv_Pilsner":null,"best_beer_Porter":null,"best_beer_score_Porter":null,"most_popular_beer_Porter":null,"popularity_Porter":null,"n_beers_Porter":null,"avg_abv_Porter":null,"max_abv_beer_Porter":null,"max_abv_Porter":null,"best_beer_Fruit":null,"best_beer_score_Fruit":null,"most_popular_beer_Fruit":null,"popularity_Fruit":null,"n_beers_Fruit":null,"avg_abv_Fruit":null,"max_abv_beer_Fruit":null,"max_abv_Fruit":null,"best_beer_Roggenbier":null,"best_beer_score_Roggenbier":null,"most_popular_beer_Roggenbier":null,"popularity_Roggenbier":null,"n_beers_Roggenbier":null,"avg_abv_Roggenbier":null,"max_abv_beer_Roggenbier":null,"max_abv_Roggenbier":null,"best_beer_Herb":null,"best_beer_score_Herb":null,"most_popular_beer_Herb":null,"popularity_Herb":null,"n_beers_Herb":null,"avg_abv_Herb":null,"max_abv_beer_Herb":null,"max_abv_Herb":null,"best_beer_Smoke":null,"best_beer_score_Smoke":null,"most_popular_beer_Smoke":null,"popularity_Smoke":null,"n_beers_Smoke":null,"avg_abv_Smoke":null,"max_abv_beer_Smoke":null,"max_abv_Smoke":null,"best_beer_Barleywine":null,"best_beer_score_Barleywine":null,"most_popular_beer_Barleywine":null,"popularity_Barleywine":null,"n_beers_Barleywine":null,"avg_abv_Barleywine":null,"max_abv_beer_Barleywine":null,"max_abv_Barleywine":null,"best_beer":"Krim Svitle","best_beer_score":2.79,"most_popular_beer":"Krim Svitle","popularity":2.0,"n_beers":1.0,"avg_abv":3.5,"max_abv_beer":"Krim Svitle","max_abv":3.5},{"brewery":"Chernomor Brewery","city":"Odessa","lat":46.48572,"long":30.74383,"best_beer_IPA":null,"best_beer_score_IPA":null,"most_popular_beer_IPA":null,"popularity_IPA":null,"n_beers_IPA":null,"avg_abv_IPA":null,"max_abv_beer_IPA":null,"max_abv_IPA":null,"best_beer_Ale":null,"best_beer_score_Ale":null,"most_popular_beer_Ale":null,"popularity_Ale":null,"n_beers_Ale":null,"avg_abv_Ale":null,"max_abv_beer_Ale":null,"max_abv_Ale":null,"best_beer_Lager":"Chernomor Extra","best_beer_score_Lager":3.07,"most_popular_beer_Lager":"Chernomor Extra","popularity_Lager":7.0,"n_beers_Lager":2.0,"avg_abv_Lager":5.35,"max_abv_beer_Lager":"Chernomor Extra","max_abv_Lager":5.6,"best_beer_Stout":null,"best_beer_score_Stout":null,"most_popular_beer_Stout":null,"popularity_Stout":null,"n_beers_Stout":null,"avg_abv_Stout":null,"max_abv_beer_Stout":null,"max_abv_Stout":null,"best_beer_Pilsner":null,"best_beer_score_Pilsner":null,"most_popular_beer_Pilsner":null,"popularity_Pilsner":null,"n_beers_Pilsner":null,"avg_abv_Pilsner":null,"max_abv_beer_Pilsner":null,"max_abv_Pilsner":null,"best_beer_Porter":null,"best_beer_score_Porter":null,"most_popular_beer_Porter":null,"popularity_Porter":null,"n_beers_Porter":null,"avg_abv_Porter":null,"max_abv_beer_Porter":null,"max_abv_Porter":null,"best_beer_Fruit":null,"best_beer_score_Fruit":null,"most_popular_beer_Fruit":null,"popularity_Fruit":null,"n_beers_Fruit":null,"avg_abv_Fruit":null,"max_abv_beer_Fruit":null,"max_abv_Fruit":null,"best_beer_Roggenbier":null,"best_beer_score_Roggenbier":null,"most_popular_beer_Roggenbier":null,"popularity_Roggenbier":null,"n_beers_Roggenbier":null,"avg_abv_Roggenbier":null,"max_abv_beer_Roggenbier":null,"max_abv_Roggenbier":null,"best_beer_Herb":null,"best_beer_score_Herb":null,"most_popular_beer_Herb":null,"popularity_Herb":null,"n_beers_Herb":null,"avg_abv_Herb":null,"max_abv_beer_Herb":null,"max_abv_Herb":null,"best_beer_Smoke":null,"best_beer_score_Smoke":null,"most_popular_beer_Smoke":null,"popularity_Smoke":null,"n_beers_Smoke":null,"avg_abv_Smoke":null,"max_abv_beer_Smoke":null,"max_abv_Smoke":null,"best_beer_Barleywine":null,"best_beer_score_Barleywine":null,"most_popular_beer_Barleywine":null,"popularity_Barleywine":null,"n_beers_Barleywine":null,"avg_abv_Barleywine":null,"max_abv_beer_Barleywine":null,"max_abv_Barleywine":null,"best_beer":"Chernomor Extra","best_beer_score":3.07,"most_popular_beer":"Chernomor Extra","popularity":7.0,"n_beers":2.0,"avg_abv":5.35,"max_abv_beer":"Chernomor Extra","max_abv":5.6},{"brewery":"Shato (Chateau)","city":"Kiev","lat":50.45466,"long":30.5238,"best_beer_IPA":null,"best_beer_score_IPA":null,"most_popular_beer_IPA":null,"popularity_IPA":null,"n_beers_IPA":null,"avg_abv_IPA":null,"max_abv_beer_IPA":null,"max_abv_IPA":null,"best_beer_Ale":null,"best_beer_score_Ale":null,"most_popular_beer_Ale":null,"popularity_Ale":null,"n_beers_Ale":null,"avg_abv_Ale":null,"max_abv_beer_Ale":null,"max_abv_Ale":null,"best_beer_Lager":"Shato Slavutych Zolote","best_beer_score_Lager":3.01,"most_popular_beer_Lager":"Shato Slavutych Zolote","popularity_Lager":1.0,"n_beers_Lager":1.0,"avg_abv_Lager":5.0,"max_abv_beer_Lager":"Shato Slavutych Zolote","max_abv_Lager":5.0,"best_beer_Stout":null,"best_beer_score_Stout":null,"most_popular_beer_Stout":null,"popularity_Stout":null,"n_beers_Stout":null,"avg_abv_Stout":null,"max_abv_beer_Stout":null,"max_abv_Stout":null,"best_beer_Pilsner":null,"best_beer_score_Pilsner":null,"most_popular_beer_Pilsner":null,"popularity_Pilsner":null,"n_beers_Pilsner":null,"avg_abv_Pilsner":null,"max_abv_beer_Pilsner":null,"max_abv_Pilsner":null,"best_beer_Porter":null,"best_beer_score_Porter":null,"most_popular_beer_Porter":null,"popularity_Porter":null,"n_beers_Porter":null,"avg_abv_Porter":null,"max_abv_beer_Porter":null,"max_abv_Porter":null,"best_beer_Fruit":null,"best_beer_score_Fruit":null,"most_popular_beer_Fruit":null,"popularity_Fruit":null,"n_beers_Fruit":null,"avg_abv_Fruit":null,"max_abv_beer_Fruit":null,"max_abv_Fruit":null,"best_beer_Roggenbier":null,"best_beer_score_Roggenbier":null,"most_popular_beer_Roggenbier":null,"popularity_Roggenbier":null,"n_beers_Roggenbier":null,"avg_abv_Roggenbier":null,"max_abv_beer_Roggenbier":null,"max_abv_Roggenbier":null,"best_beer_Herb":null,"best_beer_score_Herb":null,"most_popular_beer_Herb":null,"popularity_Herb":null,"n_beers_Herb":null,"avg_abv_Herb":null,"max_abv_beer_Herb":null,"max_abv_Herb":null,"best_beer_Smoke":null,"best_beer_score_Smoke":null,"most_popular_beer_Smoke":null,"popularity_Smoke":null,"n_beers_Smoke":null,"avg_abv_Smoke":null,"max_abv_beer_Smoke":null,"max_abv_Smoke":null,"best_beer_Barleywine":null,"best_beer_score_Barleywine":null,"most_popular_beer_Barleywine":null,"popularity_Barleywine":null,"n_beers_Barleywine":null,"avg_abv_Barleywine":null,"max_abv_beer_Barleywine":null,"max_abv_Barleywine":null,"best_beer":"Shato Slavutych Zolote","best_beer_score":3.01,"most_popular_beer":"Shato Slavutych Zolote","popularity":1.0,"n_beers":1.0,"avg_abv":5.0,"max_abv_beer":"Shato Slavutych Zolote","max_abv":5.0},{"brewery":"SP Novoteh Ltd. \/ Karpat Brewery","city":"Beregovo","lat":44.9,"long":33.61667,"best_beer_IPA":null,"best_beer_score_IPA":null,"most_popular_beer_IPA":null,"popularity_IPA":null,"n_beers_IPA":null,"avg_abv_IPA":null,"max_abv_beer_IPA":null,"max_abv_IPA":null,"best_beer_Ale":null,"best_beer_score_Ale":null,"most_popular_beer_Ale":null,"popularity_Ale":null,"n_beers_Ale":null,"avg_abv_Ale":null,"max_abv_beer_Ale":null,"max_abv_Ale":null,"best_beer_Lager":"Karpatskoe Svetloe","best_beer_score_Lager":2.6433333333,"most_popular_beer_Lager":"Karpatskoe Svetloe","popularity_Lager":1.0,"n_beers_Lager":1.0,"avg_abv_Lager":3.4,"max_abv_beer_Lager":"Karpatskoe Svetloe","max_abv_Lager":3.4,"best_beer_Stout":null,"best_beer_score_Stout":null,"most_popular_beer_Stout":null,"popularity_Stout":null,"n_beers_Stout":null,"avg_abv_Stout":null,"max_abv_beer_Stout":null,"max_abv_Stout":null,"best_beer_Pilsner":null,"best_beer_score_Pilsner":null,"most_popular_beer_Pilsner":null,"popularity_Pilsner":null,"n_beers_Pilsner":null,"avg_abv_Pilsner":null,"max_abv_beer_Pilsner":null,"max_abv_Pilsner":null,"best_beer_Porter":null,"best_beer_score_Porter":null,"most_popular_beer_Porter":null,"popularity_Porter":null,"n_beers_Porter":null,"avg_abv_Porter":null,"max_abv_beer_Porter":null,"max_abv_Porter":null,"best_beer_Fruit":null,"best_beer_score_Fruit":null,"most_popular_beer_Fruit":null,"popularity_Fruit":null,"n_beers_Fruit":null,"avg_abv_Fruit":null,"max_abv_beer_Fruit":null,"max_abv_Fruit":null,"best_beer_Roggenbier":null,"best_beer_score_Roggenbier":null,"most_popular_beer_Roggenbier":null,"popularity_Roggenbier":null,"n_beers_Roggenbier":null,"avg_abv_Roggenbier":null,"max_abv_beer_Roggenbier":null,"max_abv_Roggenbier":null,"best_beer_Herb":null,"best_beer_score_Herb":null,"most_popular_beer_Herb":null,"popularity_Herb":null,"n_beers_Herb":null,"avg_abv_Herb":null,"max_abv_beer_Herb":null,"max_abv_Herb":null,"best_beer_Smoke":null,"best_beer_score_Smoke":null,"most_popular_beer_Smoke":null,"popularity_Smoke":null,"n_beers_Smoke":null,"avg_abv_Smoke":null,"max_abv_beer_Smoke":null,"max_abv_Smoke":null,"best_beer_Barleywine":null,"best_beer_score_Barleywine":null,"most_popular_beer_Barleywine":null,"popularity_Barleywine":null,"n_beers_Barleywine":null,"avg_abv_Barleywine":null,"max_abv_beer_Barleywine":null,"max_abv_Barleywine":null,"best_beer":"Karpatskoe Svetloe","best_beer_score":2.6433333333,"most_popular_beer":"Karpatskoe Svetloe","popularity":1.0,"n_beers":1.0,"avg_abv":3.4,"max_abv_beer":"Karpatskoe Svetloe","max_abv":3.4},{"brewery":"R\u0456vnenskiy Pivovarniy Zavod Riven","city":"Rivne","lat":46.01753,"long":29.1398,"best_beer_IPA":null,"best_beer_score_IPA":null,"most_popular_beer_IPA":null,"popularity_IPA":null,"n_beers_IPA":null,"avg_abv_IPA":null,"max_abv_beer_IPA":null,"max_abv_IPA":null,"best_beer_Ale":null,"best_beer_score_Ale":null,"most_popular_beer_Ale":null,"popularity_Ale":null,"n_beers_Ale":null,"avg_abv_Ale":null,"max_abv_beer_Ale":null,"max_abv_Ale":null,"best_beer_Lager":null,"best_beer_score_Lager":null,"most_popular_beer_Lager":null,"popularity_Lager":null,"n_beers_Lager":null,"avg_abv_Lager":null,"max_abv_beer_Lager":null,"max_abv_Lager":null,"best_beer_Stout":null,"best_beer_score_Stout":null,"most_popular_beer_Stout":null,"popularity_Stout":null,"n_beers_Stout":null,"avg_abv_Stout":null,"max_abv_beer_Stout":null,"max_abv_Stout":null,"best_beer_Pilsner":null,"best_beer_score_Pilsner":null,"most_popular_beer_Pilsner":null,"popularity_Pilsner":null,"n_beers_Pilsner":null,"avg_abv_Pilsner":null,"max_abv_beer_Pilsner":null,"max_abv_Pilsner":null,"best_beer_Porter":null,"best_beer_score_Porter":null,"most_popular_beer_Porter":null,"popularity_Porter":null,"n_beers_Porter":null,"avg_abv_Porter":null,"max_abv_beer_Porter":null,"max_abv_Porter":null,"best_beer_Fruit":null,"best_beer_score_Fruit":null,"most_popular_beer_Fruit":null,"popularity_Fruit":null,"n_beers_Fruit":null,"avg_abv_Fruit":null,"max_abv_beer_Fruit":null,"max_abv_Fruit":null,"best_beer_Roggenbier":null,"best_beer_score_Roggenbier":null,"most_popular_beer_Roggenbier":null,"popularity_Roggenbier":null,"n_beers_Roggenbier":null,"avg_abv_Roggenbier":null,"max_abv_beer_Roggenbier":null,"max_abv_Roggenbier":null,"best_beer_Herb":null,"best_beer_score_Herb":null,"most_popular_beer_Herb":null,"popularity_Herb":null,"n_beers_Herb":null,"avg_abv_Herb":null,"max_abv_beer_Herb":null,"max_abv_Herb":null,"best_beer_Smoke":null,"best_beer_score_Smoke":null,"most_popular_beer_Smoke":null,"popularity_Smoke":null,"n_beers_Smoke":null,"avg_abv_Smoke":null,"max_abv_beer_Smoke":null,"max_abv_Smoke":null,"best_beer_Barleywine":null,"best_beer_score_Barleywine":null,"most_popular_beer_Barleywine":null,"popularity_Barleywine":null,"n_beers_Barleywine":null,"avg_abv_Barleywine":null,"max_abv_beer_Barleywine":null,"max_abv_Barleywine":null,"best_beer":"Bergschloss Chornyj","best_beer_score":2.6133333333,"most_popular_beer":"Bergschloss Chornyj","popularity":1.0,"n_beers":1.0,"avg_abv":4.5,"max_abv_beer":"Bergschloss Chornyj","max_abv":4.5}]