[{"brewery":"Don-Invest MChJ","city":"Navoi","lat":40.08444,"long":65.37917,"best_beer_IPA":null,"best_beer_score_IPA":null,"most_popular_beer_IPA":null,"popularity_IPA":null,"n_beers_IPA":null,"avg_abv_IPA":null,"max_abv_beer_IPA":null,"max_abv_IPA":null,"best_beer_Ale":null,"best_beer_score_Ale":null,"most_popular_beer_Ale":null,"popularity_Ale":null,"n_beers_Ale":null,"avg_abv_Ale":null,"max_abv_beer_Ale":null,"max_abv_Ale":null,"best_beer_Lager":null,"best_beer_score_Lager":null,"most_popular_beer_Lager":null,"popularity_Lager":null,"n_beers_Lager":3.0,"avg_abv_Lager":5.4,"max_abv_beer_Lager":"Bravo No. 4","max_abv_Lager":6.0,"best_beer_Stout":null,"best_beer_score_Stout":null,"most_popular_beer_Stout":null,"popularity_Stout":null,"n_beers_Stout":null,"avg_abv_Stout":null,"max_abv_beer_Stout":null,"max_abv_Stout":null,"best_beer_Pilsner":null,"best_beer_score_Pilsner":null,"most_popular_beer_Pilsner":null,"popularity_Pilsner":null,"n_beers_Pilsner":1.0,"avg_abv_Pilsner":8.5,"max_abv_beer_Pilsner":"Bravo No. 9","max_abv_Pilsner":8.5,"best_beer_Porter":null,"best_beer_score_Porter":null,"most_popular_beer_Porter":null,"popularity_Porter":null,"n_beers_Porter":null,"avg_abv_Porter":null,"max_abv_beer_Porter":null,"max_abv_Porter":null,"best_beer_Fruit":null,"best_beer_score_Fruit":null,"most_popular_beer_Fruit":null,"popularity_Fruit":null,"n_beers_Fruit":null,"avg_abv_Fruit":null,"max_abv_beer_Fruit":null,"max_abv_Fruit":null,"best_beer_Roggenbier":null,"best_beer_score_Roggenbier":null,"most_popular_beer_Roggenbier":null,"popularity_Roggenbier":null,"n_beers_Roggenbier":null,"avg_abv_Roggenbier":null,"max_abv_beer_Roggenbier":null,"max_abv_Roggenbier":null,"best_beer_Herb":null,"best_beer_score_Herb":null,"most_popular_beer_Herb":null,"popularity_Herb":null,"n_beers_Herb":null,"avg_abv_Herb":null,"max_abv_beer_Herb":null,"max_abv_Herb":null,"best_beer_Smoke":null,"best_beer_score_Smoke":null,"most_popular_beer_Smoke":null,"popularity_Smoke":null,"n_beers_Smoke":null,"avg_abv_Smoke":null,"max_abv_beer_Smoke":null,"max_abv_Smoke":null,"best_beer_Barleywine":null,"best_beer_score_Barleywine":null,"most_popular_beer_Barleywine":null,"popularity_Barleywine":null,"n_beers_Barleywine":null,"avg_abv_Barleywine":null,"max_abv_beer_Barleywine":null,"max_abv_Barleywine":null,"best_beer":null,"best_beer_score":null,"most_popular_beer":null,"popularity":null,"n_beers":4.0,"avg_abv":6.175,"max_abv_beer":"Bravo No. 9","max_abv":8.5},{"brewery":"Samarqand 1-Son Pivo Zavodi \u0093Pulsar\u0094","city":"Samarqand","lat":39.65417,"long":66.95972,"best_beer_IPA":null,"best_beer_score_IPA":null,"most_popular_beer_IPA":null,"popularity_IPA":null,"n_beers_IPA":null,"avg_abv_IPA":null,"max_abv_beer_IPA":null,"max_abv_IPA":null,"best_beer_Ale":null,"best_beer_score_Ale":null,"most_popular_beer_Ale":null,"popularity_Ale":null,"n_beers_Ale":null,"avg_abv_Ale":null,"max_abv_beer_Ale":null,"max_abv_Ale":null,"best_beer_Lager":"Gold Pulsar","best_beer_score_Lager":2.45,"most_popular_beer_Lager":"Gold Pulsar","popularity_Lager":1.0,"n_beers_Lager":2.0,"avg_abv_Lager":4.05,"max_abv_beer_Lager":"Gold Pulsar","max_abv_Lager":4.5,"best_beer_Stout":null,"best_beer_score_Stout":null,"most_popular_beer_Stout":null,"popularity_Stout":null,"n_beers_Stout":null,"avg_abv_Stout":null,"max_abv_beer_Stout":null,"max_abv_Stout":null,"best_beer_Pilsner":null,"best_beer_score_Pilsner":null,"most_popular_beer_Pilsner":null,"popularity_Pilsner":null,"n_beers_Pilsner":null,"avg_abv_Pilsner":null,"max_abv_beer_Pilsner":null,"max_abv_Pilsner":null,"best_beer_Porter":null,"best_beer_score_Porter":null,"most_popular_beer_Porter":null,"popularity_Porter":null,"n_beers_Porter":null,"avg_abv_Porter":null,"max_abv_beer_Porter":null,"max_abv_Porter":null,"best_beer_Fruit":null,"best_beer_score_Fruit":null,"most_popular_beer_Fruit":null,"popularity_Fruit":null,"n_beers_Fruit":null,"avg_abv_Fruit":null,"max_abv_beer_Fruit":null,"max_abv_Fruit":null,"best_beer_Roggenbier":null,"best_beer_score_Roggenbier":null,"most_popular_beer_Roggenbier":null,"popularity_Roggenbier":null,"n_beers_Roggenbier":null,"avg_abv_Roggenbier":null,"max_abv_beer_Roggenbier":null,"max_abv_Roggenbier":null,"best_beer_Herb":null,"best_beer_score_Herb":null,"most_popular_beer_Herb":null,"popularity_Herb":null,"n_beers_Herb":null,"avg_abv_Herb":null,"max_abv_beer_Herb":null,"max_abv_Herb":null,"best_beer_Smoke":null,"best_beer_score_Smoke":null,"most_popular_beer_Smoke":null,"popularity_Smoke":null,"n_beers_Smoke":null,"avg_abv_Smoke":null,"max_abv_beer_Smoke":null,"max_abv_Smoke":null,"best_beer_Barleywine":null,"best_beer_score_Barleywine":null,"most_popular_beer_Barleywine":null,"popularity_Barleywine":null,"n_beers_Barleywine":null,"avg_abv_Barleywine":null,"max_abv_beer_Barleywine":null,"max_abv_Barleywine":null,"best_beer":"Gold Pulsar","best_beer_score":2.45,"most_popular_beer":"Gold Pulsar","popularity":1.0,"n_beers":2.0,"avg_abv":4.05,"max_abv_beer":"Gold Pulsar","max_abv":4.5},{"brewery":"Pivzavod Tomin","city":"Samarkand","lat":39.65417,"long":66.95972,"best_beer_IPA":null,"best_beer_score_IPA":null,"most_popular_beer_IPA":null,"popularity_IPA":null,"n_beers_IPA":null,"avg_abv_IPA":null,"max_abv_beer_IPA":null,"max_abv_IPA":null,"best_beer_Ale":null,"best_beer_score_Ale":null,"most_popular_beer_Ale":null,"popularity_Ale":null,"n_beers_Ale":null,"avg_abv_Ale":null,"max_abv_beer_Ale":null,"max_abv_Ale":null,"best_beer_Lager":null,"best_beer_score_Lager":null,"most_popular_beer_Lager":null,"popularity_Lager":null,"n_beers_Lager":2.0,"avg_abv_Lager":4.55,"max_abv_beer_Lager":"Alt Stadt Temnoe","max_abv_Lager":4.7,"best_beer_Stout":null,"best_beer_score_Stout":null,"most_popular_beer_Stout":null,"popularity_Stout":null,"n_beers_Stout":null,"avg_abv_Stout":null,"max_abv_beer_Stout":null,"max_abv_Stout":null,"best_beer_Pilsner":null,"best_beer_score_Pilsner":null,"most_popular_beer_Pilsner":null,"popularity_Pilsner":null,"n_beers_Pilsner":null,"avg_abv_Pilsner":null,"max_abv_beer_Pilsner":null,"max_abv_Pilsner":null,"best_beer_Porter":null,"best_beer_score_Porter":null,"most_popular_beer_Porter":null,"popularity_Porter":null,"n_beers_Porter":null,"avg_abv_Porter":null,"max_abv_beer_Porter":null,"max_abv_Porter":null,"best_beer_Fruit":null,"best_beer_score_Fruit":null,"most_popular_beer_Fruit":null,"popularity_Fruit":null,"n_beers_Fruit":null,"avg_abv_Fruit":null,"max_abv_beer_Fruit":null,"max_abv_Fruit":null,"best_beer_Roggenbier":null,"best_beer_score_Roggenbier":null,"most_popular_beer_Roggenbier":null,"popularity_Roggenbier":null,"n_beers_Roggenbier":null,"avg_abv_Roggenbier":null,"max_abv_beer_Roggenbier":null,"max_abv_Roggenbier":null,"best_beer_Herb":null,"best_beer_score_Herb":null,"most_popular_beer_Herb":null,"popularity_Herb":null,"n_beers_Herb":null,"avg_abv_Herb":null,"max_abv_beer_Herb":null,"max_abv_Herb":null,"best_beer_Smoke":null,"best_beer_score_Smoke":null,"most_popular_beer_Smoke":null,"popularity_Smoke":null,"n_beers_Smoke":null,"avg_abv_Smoke":null,"max_abv_beer_Smoke":null,"max_abv_Smoke":null,"best_beer_Barleywine":null,"best_beer_score_Barleywine":null,"most_popular_beer_Barleywine":null,"popularity_Barleywine":null,"n_beers_Barleywine":null,"avg_abv_Barleywine":null,"max_abv_beer_Barleywine":null,"max_abv_Barleywine":null,"best_beer":null,"best_beer_score":null,"most_popular_beer":null,"popularity":null,"n_beers":2.0,"avg_abv":4.55,"max_abv_beer":"Alt Stadt Temnoe","max_abv":4.7},{"brewery":"Raupxon","city":"Tashkent","lat":41.26465,"long":69.21627,"best_beer_IPA":null,"best_beer_score_IPA":null,"most_popular_beer_IPA":null,"popularity_IPA":null,"n_beers_IPA":null,"avg_abv_IPA":null,"max_abv_beer_IPA":null,"max_abv_IPA":null,"best_beer_Ale":null,"best_beer_score_Ale":null,"most_popular_beer_Ale":null,"popularity_Ale":null,"n_beers_Ale":null,"avg_abv_Ale":null,"max_abv_beer_Ale":null,"max_abv_Ale":null,"best_beer_Lager":null,"best_beer_score_Lager":null,"most_popular_beer_Lager":null,"popularity_Lager":null,"n_beers_Lager":2.0,"avg_abv_Lager":4.9,"max_abv_beer_Lager":"Maxsus","max_abv_Lager":5.4,"best_beer_Stout":null,"best_beer_score_Stout":null,"most_popular_beer_Stout":null,"popularity_Stout":null,"n_beers_Stout":null,"avg_abv_Stout":null,"max_abv_beer_Stout":null,"max_abv_Stout":null,"best_beer_Pilsner":null,"best_beer_score_Pilsner":null,"most_popular_beer_Pilsner":null,"popularity_Pilsner":null,"n_beers_Pilsner":null,"avg_abv_Pilsner":null,"max_abv_beer_Pilsner":null,"max_abv_Pilsner":null,"best_beer_Porter":null,"best_beer_score_Porter":null,"most_popular_beer_Porter":null,"popularity_Porter":null,"n_beers_Porter":null,"avg_abv_Porter":null,"max_abv_beer_Porter":null,"max_abv_Porter":null,"best_beer_Fruit":null,"best_beer_score_Fruit":null,"most_popular_beer_Fruit":null,"popularity_Fruit":null,"n_beers_Fruit":null,"avg_abv_Fruit":null,"max_abv_beer_Fruit":null,"max_abv_Fruit":null,"best_beer_Roggenbier":null,"best_beer_score_Roggenbier":null,"most_popular_beer_Roggenbier":null,"popularity_Roggenbier":null,"n_beers_Roggenbier":null,"avg_abv_Roggenbier":null,"max_abv_beer_Roggenbier":null,"max_abv_Roggenbier":null,"best_beer_Herb":null,"best_beer_score_Herb":null,"most_popular_beer_Herb":null,"popularity_Herb":null,"n_beers_Herb":null,"avg_abv_Herb":null,"max_abv_beer_Herb":null,"max_abv_Herb":null,"best_beer_Smoke":null,"best_beer_score_Smoke":null,"most_popular_beer_Smoke":null,"popularity_Smoke":null,"n_beers_Smoke":null,"avg_abv_Smoke":null,"max_abv_beer_Smoke":null,"max_abv_Smoke":null,"best_beer_Barleywine":null,"best_beer_score_Barleywine":null,"most_popular_beer_Barleywine":null,"popularity_Barleywine":null,"n_beers_Barleywine":null,"avg_abv_Barleywine":null,"max_abv_beer_Barleywine":null,"max_abv_Barleywine":null,"best_beer":null,"best_beer_score":null,"most_popular_beer":null,"popularity":null,"n_beers":2.0,"avg_abv":4.9,"max_abv_beer":"Maxsus","max_abv":5.4},{"brewery":"Sarbast (UzCarlsberg, LLC)","city":"Tashkent","lat":41.26465,"long":69.21627,"best_beer_IPA":null,"best_beer_score_IPA":null,"most_popular_beer_IPA":null,"popularity_IPA":null,"n_beers_IPA":null,"avg_abv_IPA":null,"max_abv_beer_IPA":null,"max_abv_IPA":null,"best_beer_Ale":null,"best_beer_score_Ale":null,"most_popular_beer_Ale":null,"popularity_Ale":null,"n_beers_Ale":null,"avg_abv_Ale":null,"max_abv_beer_Ale":null,"max_abv_Ale":null,"best_beer_Lager":"Sarbast Special","best_beer_score_Lager":2.75,"most_popular_beer_Lager":"Sarbast Special","popularity_Lager":1.0,"n_beers_Lager":4.0,"avg_abv_Lager":4.55,"max_abv_beer_Lager":"Sarbast Extra","max_abv_Lager":5.6,"best_beer_Stout":null,"best_beer_score_Stout":null,"most_popular_beer_Stout":null,"popularity_Stout":null,"n_beers_Stout":null,"avg_abv_Stout":null,"max_abv_beer_Stout":null,"max_abv_Stout":null,"best_beer_Pilsner":null,"best_beer_score_Pilsner":null,"most_popular_beer_Pilsner":null,"popularity_Pilsner":null,"n_beers_Pilsner":null,"avg_abv_Pilsner":null,"max_abv_beer_Pilsner":null,"max_abv_Pilsner":null,"best_beer_Porter":null,"best_beer_score_Porter":null,"most_popular_beer_Porter":null,"popularity_Porter":null,"n_beers_Porter":null,"avg_abv_Porter":null,"max_abv_beer_Porter":null,"max_abv_Porter":null,"best_beer_Fruit":null,"best_beer_score_Fruit":null,"most_popular_beer_Fruit":null,"popularity_Fruit":null,"n_beers_Fruit":null,"avg_abv_Fruit":null,"max_abv_beer_Fruit":null,"max_abv_Fruit":null,"best_beer_Roggenbier":null,"best_beer_score_Roggenbier":null,"most_popular_beer_Roggenbier":null,"popularity_Roggenbier":null,"n_beers_Roggenbier":null,"avg_abv_Roggenbier":null,"max_abv_beer_Roggenbier":null,"max_abv_Roggenbier":null,"best_beer_Herb":null,"best_beer_score_Herb":null,"most_popular_beer_Herb":null,"popularity_Herb":null,"n_beers_Herb":null,"avg_abv_Herb":null,"max_abv_beer_Herb":null,"max_abv_Herb":null,"best_beer_Smoke":null,"best_beer_score_Smoke":null,"most_popular_beer_Smoke":null,"popularity_Smoke":null,"n_beers_Smoke":null,"avg_abv_Smoke":null,"max_abv_beer_Smoke":null,"max_abv_Smoke":null,"best_beer_Barleywine":null,"best_beer_score_Barleywine":null,"most_popular_beer_Barleywine":null,"popularity_Barleywine":null,"n_beers_Barleywine":null,"avg_abv_Barleywine":null,"max_abv_beer_Barleywine":null,"max_abv_Barleywine":null,"best_beer":"Sarbast Special","best_beer_score":2.75,"most_popular_beer":"Sarbast Special","popularity":1.0,"n_beers":4.0,"avg_abv":4.55,"max_abv_beer":"Sarbast Extra","max_abv":5.6},{"brewery":"Osterbrau","city":"Geofizika","lat":41.26465,"long":69.21627,"best_beer_IPA":null,"best_beer_score_IPA":null,"most_popular_beer_IPA":null,"popularity_IPA":null,"n_beers_IPA":null,"avg_abv_IPA":null,"max_abv_beer_IPA":null,"max_abv_IPA":null,"best_beer_Ale":null,"best_beer_score_Ale":null,"most_popular_beer_Ale":null,"popularity_Ale":null,"n_beers_Ale":null,"avg_abv_Ale":null,"max_abv_beer_Ale":null,"max_abv_Ale":null,"best_beer_Lager":null,"best_beer_score_Lager":null,"most_popular_beer_Lager":null,"popularity_Lager":null,"n_beers_Lager":3.0,"avg_abv_Lager":4.8,"max_abv_beer_Lager":"Pilsner Special","max_abv_Lager":5.0,"best_beer_Stout":null,"best_beer_score_Stout":null,"most_popular_beer_Stout":null,"popularity_Stout":null,"n_beers_Stout":null,"avg_abv_Stout":null,"max_abv_beer_Stout":null,"max_abv_Stout":null,"best_beer_Pilsner":null,"best_beer_score_Pilsner":null,"most_popular_beer_Pilsner":null,"popularity_Pilsner":null,"n_beers_Pilsner":1.0,"avg_abv_Pilsner":5.0,"max_abv_beer_Pilsner":"Pilsner Classic","max_abv_Pilsner":5.0,"best_beer_Porter":null,"best_beer_score_Porter":null,"most_popular_beer_Porter":null,"popularity_Porter":null,"n_beers_Porter":null,"avg_abv_Porter":null,"max_abv_beer_Porter":null,"max_abv_Porter":null,"best_beer_Fruit":null,"best_beer_score_Fruit":null,"most_popular_beer_Fruit":null,"popularity_Fruit":null,"n_beers_Fruit":null,"avg_abv_Fruit":null,"max_abv_beer_Fruit":null,"max_abv_Fruit":null,"best_beer_Roggenbier":null,"best_beer_score_Roggenbier":null,"most_popular_beer_Roggenbier":null,"popularity_Roggenbier":null,"n_beers_Roggenbier":null,"avg_abv_Roggenbier":null,"max_abv_beer_Roggenbier":null,"max_abv_Roggenbier":null,"best_beer_Herb":null,"best_beer_score_Herb":null,"most_popular_beer_Herb":null,"popularity_Herb":null,"n_beers_Herb":null,"avg_abv_Herb":null,"max_abv_beer_Herb":null,"max_abv_Herb":null,"best_beer_Smoke":null,"best_beer_score_Smoke":null,"most_popular_beer_Smoke":null,"popularity_Smoke":null,"n_beers_Smoke":null,"avg_abv_Smoke":null,"max_abv_beer_Smoke":null,"max_abv_Smoke":null,"best_beer_Barleywine":null,"best_beer_score_Barleywine":null,"most_popular_beer_Barleywine":null,"popularity_Barleywine":null,"n_beers_Barleywine":null,"avg_abv_Barleywine":null,"max_abv_beer_Barleywine":null,"max_abv_Barleywine":null,"best_beer":null,"best_beer_score":null,"most_popular_beer":null,"popularity":null,"n_beers":4.0,"avg_abv":4.85,"max_abv_beer":"Pilsner Special","max_abv":5.0},{"brewery":"Mehnat","city":"Qizg'aldok","lat":41.26465,"long":69.21627,"best_beer_IPA":null,"best_beer_score_IPA":null,"most_popular_beer_IPA":null,"popularity_IPA":null,"n_beers_IPA":null,"avg_abv_IPA":null,"max_abv_beer_IPA":null,"max_abv_IPA":null,"best_beer_Ale":null,"best_beer_score_Ale":null,"most_popular_beer_Ale":null,"popularity_Ale":null,"n_beers_Ale":null,"avg_abv_Ale":null,"max_abv_beer_Ale":null,"max_abv_Ale":null,"best_beer_Lager":null,"best_beer_score_Lager":null,"most_popular_beer_Lager":null,"popularity_Lager":null,"n_beers_Lager":6.0,"avg_abv_Lager":4.2166666667,"max_abv_beer_Lager":"Patriot 4","max_abv_Lager":4.8,"best_beer_Stout":null,"best_beer_score_Stout":null,"most_popular_beer_Stout":null,"popularity_Stout":null,"n_beers_Stout":null,"avg_abv_Stout":null,"max_abv_beer_Stout":null,"max_abv_Stout":null,"best_beer_Pilsner":null,"best_beer_score_Pilsner":null,"most_popular_beer_Pilsner":null,"popularity_Pilsner":null,"n_beers_Pilsner":null,"avg_abv_Pilsner":null,"max_abv_beer_Pilsner":null,"max_abv_Pilsner":null,"best_beer_Porter":null,"best_beer_score_Porter":null,"most_popular_beer_Porter":null,"popularity_Porter":null,"n_beers_Porter":null,"avg_abv_Porter":null,"max_abv_beer_Porter":null,"max_abv_Porter":null,"best_beer_Fruit":null,"best_beer_score_Fruit":null,"most_popular_beer_Fruit":null,"popularity_Fruit":null,"n_beers_Fruit":null,"avg_abv_Fruit":null,"max_abv_beer_Fruit":null,"max_abv_Fruit":null,"best_beer_Roggenbier":null,"best_beer_score_Roggenbier":null,"most_popular_beer_Roggenbier":null,"popularity_Roggenbier":null,"n_beers_Roggenbier":null,"avg_abv_Roggenbier":null,"max_abv_beer_Roggenbier":null,"max_abv_Roggenbier":null,"best_beer_Herb":null,"best_beer_score_Herb":null,"most_popular_beer_Herb":null,"popularity_Herb":null,"n_beers_Herb":null,"avg_abv_Herb":null,"max_abv_beer_Herb":null,"max_abv_Herb":null,"best_beer_Smoke":null,"best_beer_score_Smoke":null,"most_popular_beer_Smoke":null,"popularity_Smoke":null,"n_beers_Smoke":null,"avg_abv_Smoke":null,"max_abv_beer_Smoke":null,"max_abv_Smoke":null,"best_beer_Barleywine":null,"best_beer_score_Barleywine":null,"most_popular_beer_Barleywine":null,"popularity_Barleywine":null,"n_beers_Barleywine":null,"avg_abv_Barleywine":null,"max_abv_beer_Barleywine":null,"max_abv_Barleywine":null,"best_beer":null,"best_beer_score":null,"most_popular_beer":null,"popularity":null,"n_beers":6.0,"avg_abv":4.2166666667,"max_abv_beer":"Patriot 4","max_abv":4.8},{"brewery":"QK Inter-Rohat","city":"Salar","lat":41.37222,"long":69.38167,"best_beer_IPA":null,"best_beer_score_IPA":null,"most_popular_beer_IPA":null,"popularity_IPA":null,"n_beers_IPA":null,"avg_abv_IPA":null,"max_abv_beer_IPA":null,"max_abv_IPA":null,"best_beer_Ale":null,"best_beer_score_Ale":null,"most_popular_beer_Ale":null,"popularity_Ale":null,"n_beers_Ale":null,"avg_abv_Ale":null,"max_abv_beer_Ale":null,"max_abv_Ale":null,"best_beer_Lager":"Qibray 12","best_beer_score_Lager":2.6666666667,"most_popular_beer_Lager":"Qibray 12","popularity_Lager":1.0,"n_beers_Lager":2.0,"avg_abv_Lager":4.1,"max_abv_beer_Lager":"Qibray 12","max_abv_Lager":4.8,"best_beer_Stout":null,"best_beer_score_Stout":null,"most_popular_beer_Stout":null,"popularity_Stout":null,"n_beers_Stout":null,"avg_abv_Stout":null,"max_abv_beer_Stout":null,"max_abv_Stout":null,"best_beer_Pilsner":null,"best_beer_score_Pilsner":null,"most_popular_beer_Pilsner":null,"popularity_Pilsner":null,"n_beers_Pilsner":null,"avg_abv_Pilsner":null,"max_abv_beer_Pilsner":null,"max_abv_Pilsner":null,"best_beer_Porter":null,"best_beer_score_Porter":null,"most_popular_beer_Porter":null,"popularity_Porter":null,"n_beers_Porter":null,"avg_abv_Porter":null,"max_abv_beer_Porter":null,"max_abv_Porter":null,"best_beer_Fruit":null,"best_beer_score_Fruit":null,"most_popular_beer_Fruit":null,"popularity_Fruit":null,"n_beers_Fruit":null,"avg_abv_Fruit":null,"max_abv_beer_Fruit":null,"max_abv_Fruit":null,"best_beer_Roggenbier":null,"best_beer_score_Roggenbier":null,"most_popular_beer_Roggenbier":null,"popularity_Roggenbier":null,"n_beers_Roggenbier":null,"avg_abv_Roggenbier":null,"max_abv_beer_Roggenbier":null,"max_abv_Roggenbier":null,"best_beer_Herb":null,"best_beer_score_Herb":null,"most_popular_beer_Herb":null,"popularity_Herb":null,"n_beers_Herb":null,"avg_abv_Herb":null,"max_abv_beer_Herb":null,"max_abv_Herb":null,"best_beer_Smoke":null,"best_beer_score_Smoke":null,"most_popular_beer_Smoke":null,"popularity_Smoke":null,"n_beers_Smoke":null,"avg_abv_Smoke":null,"max_abv_beer_Smoke":null,"max_abv_Smoke":null,"best_beer_Barleywine":null,"best_beer_score_Barleywine":null,"most_popular_beer_Barleywine":null,"popularity_Barleywine":null,"n_beers_Barleywine":null,"avg_abv_Barleywine":null,"max_abv_beer_Barleywine":null,"max_abv_Barleywine":null,"best_beer":"Qibray 12","best_beer_score":2.6666666667,"most_popular_beer":"Qibray 12","popularity":1.0,"n_beers":2.0,"avg_abv":4.1,"max_abv_beer":"Qibray 12","max_abv":4.8},{"brewery":"Pivzavod Muliyon","city":"Samarqand","lat":39.65417,"long":66.95972,"best_beer_IPA":null,"best_beer_score_IPA":null,"most_popular_beer_IPA":null,"popularity_IPA":null,"n_beers_IPA":null,"avg_abv_IPA":null,"max_abv_beer_IPA":null,"max_abv_IPA":null,"best_beer_Ale":null,"best_beer_score_Ale":null,"most_popular_beer_Ale":null,"popularity_Ale":null,"n_beers_Ale":null,"avg_abv_Ale":null,"max_abv_beer_Ale":null,"max_abv_Ale":null,"best_beer_Lager":"Muliyon M\u00fcnchner Tyemnoye","best_beer_score_Lager":2.9833333333,"most_popular_beer_Lager":"Muliyon M\u00fcnchner Tyemnoye","popularity_Lager":1.0,"n_beers_Lager":1.0,"avg_abv_Lager":4.7,"max_abv_beer_Lager":"Muliyon M\u00fcnchner Tyemnoye","max_abv_Lager":4.7,"best_beer_Stout":null,"best_beer_score_Stout":null,"most_popular_beer_Stout":null,"popularity_Stout":null,"n_beers_Stout":null,"avg_abv_Stout":null,"max_abv_beer_Stout":null,"max_abv_Stout":null,"best_beer_Pilsner":"Muliyon Pilsner Hell","best_beer_score_Pilsner":3.03,"most_popular_beer_Pilsner":"Muliyon Pilsner Hell","popularity_Pilsner":1.0,"n_beers_Pilsner":1.0,"avg_abv_Pilsner":4.4,"max_abv_beer_Pilsner":"Muliyon Pilsner Hell","max_abv_Pilsner":4.4,"best_beer_Porter":null,"best_beer_score_Porter":null,"most_popular_beer_Porter":null,"popularity_Porter":null,"n_beers_Porter":null,"avg_abv_Porter":null,"max_abv_beer_Porter":null,"max_abv_Porter":null,"best_beer_Fruit":null,"best_beer_score_Fruit":null,"most_popular_beer_Fruit":null,"popularity_Fruit":null,"n_beers_Fruit":null,"avg_abv_Fruit":null,"max_abv_beer_Fruit":null,"max_abv_Fruit":null,"best_beer_Roggenbier":null,"best_beer_score_Roggenbier":null,"most_popular_beer_Roggenbier":null,"popularity_Roggenbier":null,"n_beers_Roggenbier":null,"avg_abv_Roggenbier":null,"max_abv_beer_Roggenbier":null,"max_abv_Roggenbier":null,"best_beer_Herb":null,"best_beer_score_Herb":null,"most_popular_beer_Herb":null,"popularity_Herb":null,"n_beers_Herb":null,"avg_abv_Herb":null,"max_abv_beer_Herb":null,"max_abv_Herb":null,"best_beer_Smoke":null,"best_beer_score_Smoke":null,"most_popular_beer_Smoke":null,"popularity_Smoke":null,"n_beers_Smoke":null,"avg_abv_Smoke":null,"max_abv_beer_Smoke":null,"max_abv_Smoke":null,"best_beer_Barleywine":null,"best_beer_score_Barleywine":null,"most_popular_beer_Barleywine":null,"popularity_Barleywine":null,"n_beers_Barleywine":null,"avg_abv_Barleywine":null,"max_abv_beer_Barleywine":null,"max_abv_Barleywine":null,"best_beer":"Muliyon Pilsner Hell","best_beer_score":3.03,"most_popular_beer":"Muliyon M\u00fcnchner Tyemnoye","popularity":1.0,"n_beers":2.0,"avg_abv":4.55,"max_abv_beer":"Muliyon M\u00fcnchner Tyemnoye","max_abv":4.7}]