[{"brewery":"Leatherback Brewing Company","city":"Frederiksted","lat":17.71,"long":-64.86,"best_beer_IPA":"Reef Life","best_beer_score_IPA":3.24,"most_popular_beer_IPA":"Reef Life","popularity_IPA":2.0,"n_beers_IPA":1.0,"avg_abv_IPA":6.5,"max_abv_beer_IPA":"Reef Life","max_abv_IPA":6.5,"best_beer_Ale":null,"best_beer_score_Ale":null,"most_popular_beer_Ale":null,"popularity_Ale":null,"n_beers_Ale":null,"avg_abv_Ale":null,"max_abv_beer_Ale":null,"max_abv_Ale":null,"best_beer_Lager":null,"best_beer_score_Lager":null,"most_popular_beer_Lager":null,"popularity_Lager":null,"n_beers_Lager":null,"avg_abv_Lager":null,"max_abv_beer_Lager":null,"max_abv_Lager":null,"best_beer_Stout":"Smooth Sailing","best_beer_score_Stout":3.0066666667,"most_popular_beer_Stout":"Smooth Sailing","popularity_Stout":1.0,"n_beers_Stout":1.0,"avg_abv_Stout":5.3,"max_abv_beer_Stout":"Smooth Sailing","max_abv_Stout":5.3,"best_beer_Pilsner":null,"best_beer_score_Pilsner":null,"most_popular_beer_Pilsner":null,"popularity_Pilsner":null,"n_beers_Pilsner":null,"avg_abv_Pilsner":null,"max_abv_beer_Pilsner":null,"max_abv_Pilsner":null,"best_beer_Porter":null,"best_beer_score_Porter":null,"most_popular_beer_Porter":null,"popularity_Porter":null,"n_beers_Porter":null,"avg_abv_Porter":null,"max_abv_beer_Porter":null,"max_abv_Porter":null,"best_beer_Fruit":null,"best_beer_score_Fruit":null,"most_popular_beer_Fruit":null,"popularity_Fruit":null,"n_beers_Fruit":null,"avg_abv_Fruit":null,"max_abv_beer_Fruit":null,"max_abv_Fruit":null,"best_beer_Roggenbier":null,"best_beer_score_Roggenbier":null,"most_popular_beer_Roggenbier":null,"popularity_Roggenbier":null,"n_beers_Roggenbier":null,"avg_abv_Roggenbier":null,"max_abv_beer_Roggenbier":null,"max_abv_Roggenbier":null,"best_beer_Herb":null,"best_beer_score_Herb":null,"most_popular_beer_Herb":null,"popularity_Herb":null,"n_beers_Herb":null,"avg_abv_Herb":null,"max_abv_beer_Herb":null,"max_abv_Herb":null,"best_beer_Smoke":null,"best_beer_score_Smoke":null,"most_popular_beer_Smoke":null,"popularity_Smoke":null,"n_beers_Smoke":null,"avg_abv_Smoke":null,"max_abv_beer_Smoke":null,"max_abv_Smoke":null,"best_beer_Barleywine":null,"best_beer_score_Barleywine":null,"most_popular_beer_Barleywine":null,"popularity_Barleywine":null,"n_beers_Barleywine":null,"avg_abv_Barleywine":null,"max_abv_beer_Barleywine":null,"max_abv_Barleywine":null,"best_beer":"Reef Life","best_beer_score":3.24,"most_popular_beer":"Reef Life","popularity":2.0,"n_beers":2.0,"avg_abv":5.9,"max_abv_beer":"Reef Life","max_abv":6.5},{"brewery":"Frenchtown Brewing","city":"St Thomas","lat":18.3419,"long":-64.9307,"best_beer_IPA":"Hop Alley IPA","best_beer_score_IPA":3.242,"most_popular_beer_IPA":"Hop Alley IPA","popularity_IPA":3.0,"n_beers_IPA":1.0,"avg_abv_IPA":7.2,"max_abv_beer_IPA":"Hop Alley IPA","max_abv_IPA":7.2,"best_beer_Ale":"86 & Sunny Pale Ale","best_beer_score_Ale":2.9166666667,"most_popular_beer_Ale":"86 & Sunny Pale Ale","popularity_Ale":1.0,"n_beers_Ale":2.0,"avg_abv_Ale":5.95,"max_abv_beer_Ale":"86 & Sunny Pale Ale","max_abv_Ale":6.4,"best_beer_Lager":null,"best_beer_score_Lager":null,"most_popular_beer_Lager":null,"popularity_Lager":null,"n_beers_Lager":null,"avg_abv_Lager":null,"max_abv_beer_Lager":null,"max_abv_Lager":null,"best_beer_Stout":null,"best_beer_score_Stout":null,"most_popular_beer_Stout":null,"popularity_Stout":null,"n_beers_Stout":null,"avg_abv_Stout":null,"max_abv_beer_Stout":null,"max_abv_Stout":null,"best_beer_Pilsner":null,"best_beer_score_Pilsner":null,"most_popular_beer_Pilsner":null,"popularity_Pilsner":null,"n_beers_Pilsner":null,"avg_abv_Pilsner":null,"max_abv_beer_Pilsner":null,"max_abv_Pilsner":null,"best_beer_Porter":null,"best_beer_score_Porter":null,"most_popular_beer_Porter":null,"popularity_Porter":null,"n_beers_Porter":null,"avg_abv_Porter":null,"max_abv_beer_Porter":null,"max_abv_Porter":null,"best_beer_Fruit":null,"best_beer_score_Fruit":null,"most_popular_beer_Fruit":null,"popularity_Fruit":null,"n_beers_Fruit":null,"avg_abv_Fruit":null,"max_abv_beer_Fruit":null,"max_abv_Fruit":null,"best_beer_Roggenbier":null,"best_beer_score_Roggenbier":null,"most_popular_beer_Roggenbier":null,"popularity_Roggenbier":null,"n_beers_Roggenbier":null,"avg_abv_Roggenbier":null,"max_abv_beer_Roggenbier":null,"max_abv_Roggenbier":null,"best_beer_Herb":null,"best_beer_score_Herb":null,"most_popular_beer_Herb":null,"popularity_Herb":null,"n_beers_Herb":null,"avg_abv_Herb":null,"max_abv_beer_Herb":null,"max_abv_Herb":null,"best_beer_Smoke":null,"best_beer_score_Smoke":null,"most_popular_beer_Smoke":null,"popularity_Smoke":null,"n_beers_Smoke":null,"avg_abv_Smoke":null,"max_abv_beer_Smoke":null,"max_abv_Smoke":null,"best_beer_Barleywine":null,"best_beer_score_Barleywine":null,"most_popular_beer_Barleywine":null,"popularity_Barleywine":null,"n_beers_Barleywine":null,"avg_abv_Barleywine":null,"max_abv_beer_Barleywine":null,"max_abv_Barleywine":null,"best_beer":"Hop Alley IPA","best_beer_score":3.242,"most_popular_beer":"Hop Alley IPA","popularity":3.0,"n_beers":4.0,"avg_abv":6.475,"max_abv_beer":"Hop Alley IPA","max_abv":7.2},{"brewery":"St. John Brewers","city":"St John","lat":18.33134,"long":-64.79375,"best_beer_IPA":"VI Massive Double IPA","best_beer_score_IPA":3.3672727273,"most_popular_beer_IPA":"Island Hoppin' IPA","popularity_IPA":104.0,"n_beers_IPA":3.0,"avg_abv_IPA":7.8666666667,"max_abv_beer_IPA":"VI Massive Double IPA","max_abv_IPA":8.8,"best_beer_Ale":"Amber Ale","best_beer_score_Ale":3.3214285714,"most_popular_beer_Ale":"Island Summer Ale","popularity_Ale":82.0,"n_beers_Ale":3.0,"avg_abv_Ale":5.4,"max_abv_beer_Ale":"Island Summer Ale","max_abv_Ale":6.2,"best_beer_Lager":null,"best_beer_score_Lager":null,"most_popular_beer_Lager":null,"popularity_Lager":null,"n_beers_Lager":null,"avg_abv_Lager":null,"max_abv_beer_Lager":null,"max_abv_Lager":null,"best_beer_Stout":"Coffee Stout","best_beer_score_Stout":3.6218181818,"most_popular_beer_Stout":"Coffee Stout","popularity_Stout":9.0,"n_beers_Stout":1.0,"avg_abv_Stout":9.0,"max_abv_beer_Stout":"Coffee Stout","max_abv_Stout":9.0,"best_beer_Pilsner":null,"best_beer_score_Pilsner":null,"most_popular_beer_Pilsner":null,"popularity_Pilsner":null,"n_beers_Pilsner":null,"avg_abv_Pilsner":null,"max_abv_beer_Pilsner":null,"max_abv_Pilsner":null,"best_beer_Porter":null,"best_beer_score_Porter":null,"most_popular_beer_Porter":null,"popularity_Porter":null,"n_beers_Porter":null,"avg_abv_Porter":null,"max_abv_beer_Porter":null,"max_abv_Porter":null,"best_beer_Fruit":"Tropical Mango Pale Ale","best_beer_score_Fruit":2.9198295455,"most_popular_beer_Fruit":"Tropical Mango Pale Ale","popularity_Fruit":174.0,"n_beers_Fruit":1.0,"avg_abv_Fruit":4.5,"max_abv_beer_Fruit":"Tropical Mango Pale Ale","max_abv_Fruit":4.5,"best_beer_Roggenbier":null,"best_beer_score_Roggenbier":null,"most_popular_beer_Roggenbier":null,"popularity_Roggenbier":null,"n_beers_Roggenbier":null,"avg_abv_Roggenbier":null,"max_abv_beer_Roggenbier":null,"max_abv_Roggenbier":null,"best_beer_Herb":null,"best_beer_score_Herb":null,"most_popular_beer_Herb":null,"popularity_Herb":null,"n_beers_Herb":null,"avg_abv_Herb":null,"max_abv_beer_Herb":null,"max_abv_Herb":null,"best_beer_Smoke":null,"best_beer_score_Smoke":null,"most_popular_beer_Smoke":null,"popularity_Smoke":null,"n_beers_Smoke":null,"avg_abv_Smoke":null,"max_abv_beer_Smoke":null,"max_abv_Smoke":null,"best_beer_Barleywine":null,"best_beer_score_Barleywine":null,"most_popular_beer_Barleywine":null,"popularity_Barleywine":null,"n_beers_Barleywine":null,"avg_abv_Barleywine":null,"max_abv_beer_Barleywine":null,"max_abv_Barleywine":null,"best_beer":"Coffee Stout","best_beer_score":3.6218181818,"most_popular_beer":"Tropical Mango Pale Ale","popularity":174.0,"n_beers":10.0,"avg_abv":6.58,"max_abv_beer":"Coffee Stout","max_abv":9.0},{"brewery":"Virgin Islands Brewing Co.","city":"St Thomas","lat":18.3419,"long":-64.9307,"best_beer_IPA":null,"best_beer_score_IPA":null,"most_popular_beer_IPA":null,"popularity_IPA":null,"n_beers_IPA":null,"avg_abv_IPA":null,"max_abv_beer_IPA":null,"max_abv_IPA":null,"best_beer_Ale":"Blackbeard Ale","best_beer_score_Ale":3.3561290323,"most_popular_beer_Ale":"Blackbeard Ale","popularity_Ale":60.0,"n_beers_Ale":1.0,"avg_abv_Ale":5.2,"max_abv_beer_Ale":"Blackbeard Ale","max_abv_Ale":5.2,"best_beer_Lager":null,"best_beer_score_Lager":null,"most_popular_beer_Lager":null,"popularity_Lager":null,"n_beers_Lager":null,"avg_abv_Lager":null,"max_abv_beer_Lager":null,"max_abv_Lager":null,"best_beer_Stout":null,"best_beer_score_Stout":null,"most_popular_beer_Stout":null,"popularity_Stout":null,"n_beers_Stout":null,"avg_abv_Stout":null,"max_abv_beer_Stout":null,"max_abv_Stout":null,"best_beer_Pilsner":null,"best_beer_score_Pilsner":null,"most_popular_beer_Pilsner":null,"popularity_Pilsner":null,"n_beers_Pilsner":null,"avg_abv_Pilsner":null,"max_abv_beer_Pilsner":null,"max_abv_Pilsner":null,"best_beer_Porter":null,"best_beer_score_Porter":null,"most_popular_beer_Porter":null,"popularity_Porter":null,"n_beers_Porter":null,"avg_abv_Porter":null,"max_abv_beer_Porter":null,"max_abv_Porter":null,"best_beer_Fruit":null,"best_beer_score_Fruit":null,"most_popular_beer_Fruit":null,"popularity_Fruit":null,"n_beers_Fruit":null,"avg_abv_Fruit":null,"max_abv_beer_Fruit":null,"max_abv_Fruit":null,"best_beer_Roggenbier":null,"best_beer_score_Roggenbier":null,"most_popular_beer_Roggenbier":null,"popularity_Roggenbier":null,"n_beers_Roggenbier":null,"avg_abv_Roggenbier":null,"max_abv_beer_Roggenbier":null,"max_abv_Roggenbier":null,"best_beer_Herb":null,"best_beer_score_Herb":null,"most_popular_beer_Herb":null,"popularity_Herb":null,"n_beers_Herb":null,"avg_abv_Herb":null,"max_abv_beer_Herb":null,"max_abv_Herb":null,"best_beer_Smoke":null,"best_beer_score_Smoke":null,"most_popular_beer_Smoke":null,"popularity_Smoke":null,"n_beers_Smoke":null,"avg_abv_Smoke":null,"max_abv_beer_Smoke":null,"max_abv_Smoke":null,"best_beer_Barleywine":null,"best_beer_score_Barleywine":null,"most_popular_beer_Barleywine":null,"popularity_Barleywine":null,"n_beers_Barleywine":null,"avg_abv_Barleywine":null,"max_abv_beer_Barleywine":null,"max_abv_Barleywine":null,"best_beer":"Blackbeard Ale","best_beer_score":3.3561290323,"most_popular_beer":"Blackbeard Ale","popularity":60.0,"n_beers":1.0,"avg_abv":5.2,"max_abv_beer":"Blackbeard Ale","max_abv":5.2},{"brewery":"Fort Christian Brew Pub","city":"Christiansted","lat":17.69,"long":-64.87,"best_beer_IPA":"Frigate Premium Ale","best_beer_score_IPA":3.0833333333,"most_popular_beer_IPA":"Frigate Premium Ale","popularity_IPA":1.0,"n_beers_IPA":1.0,"avg_abv_IPA":7.0,"max_abv_beer_IPA":"Frigate Premium Ale","max_abv_IPA":7.0,"best_beer_Ale":"Leatherback Brown Ale","best_beer_score_Ale":3.11,"most_popular_beer_Ale":"Hammerhead Pale Ale","popularity_Ale":1.0,"n_beers_Ale":3.0,"avg_abv_Ale":4.8333333333,"max_abv_beer_Ale":"Hammerhead Pale Ale","max_abv_Ale":5.0,"best_beer_Lager":null,"best_beer_score_Lager":null,"most_popular_beer_Lager":null,"popularity_Lager":null,"n_beers_Lager":null,"avg_abv_Lager":null,"max_abv_beer_Lager":null,"max_abv_Lager":null,"best_beer_Stout":"Jump Up Stout","best_beer_score_Stout":2.9166666667,"most_popular_beer_Stout":"Jump Up Stout","popularity_Stout":1.0,"n_beers_Stout":1.0,"avg_abv_Stout":5.2,"max_abv_beer_Stout":"Jump Up Stout","max_abv_Stout":5.2,"best_beer_Pilsner":null,"best_beer_score_Pilsner":null,"most_popular_beer_Pilsner":null,"popularity_Pilsner":null,"n_beers_Pilsner":null,"avg_abv_Pilsner":null,"max_abv_beer_Pilsner":null,"max_abv_Pilsner":null,"best_beer_Porter":null,"best_beer_score_Porter":null,"most_popular_beer_Porter":null,"popularity_Porter":null,"n_beers_Porter":null,"avg_abv_Porter":null,"max_abv_beer_Porter":null,"max_abv_Porter":null,"best_beer_Fruit":null,"best_beer_score_Fruit":null,"most_popular_beer_Fruit":null,"popularity_Fruit":null,"n_beers_Fruit":null,"avg_abv_Fruit":null,"max_abv_beer_Fruit":null,"max_abv_Fruit":null,"best_beer_Roggenbier":null,"best_beer_score_Roggenbier":null,"most_popular_beer_Roggenbier":null,"popularity_Roggenbier":null,"n_beers_Roggenbier":null,"avg_abv_Roggenbier":null,"max_abv_beer_Roggenbier":null,"max_abv_Roggenbier":null,"best_beer_Herb":null,"best_beer_score_Herb":null,"most_popular_beer_Herb":null,"popularity_Herb":null,"n_beers_Herb":null,"avg_abv_Herb":null,"max_abv_beer_Herb":null,"max_abv_Herb":null,"best_beer_Smoke":null,"best_beer_score_Smoke":null,"most_popular_beer_Smoke":null,"popularity_Smoke":null,"n_beers_Smoke":null,"avg_abv_Smoke":null,"max_abv_beer_Smoke":null,"max_abv_Smoke":null,"best_beer_Barleywine":null,"best_beer_score_Barleywine":null,"most_popular_beer_Barleywine":null,"popularity_Barleywine":null,"n_beers_Barleywine":null,"avg_abv_Barleywine":null,"max_abv_beer_Barleywine":null,"max_abv_Barleywine":null,"best_beer":"Leatherback Brown Ale","best_beer_score":3.11,"most_popular_beer":"Frigate Premium Ale","popularity":1.0,"n_beers":5.0,"avg_abv":5.34,"max_abv_beer":"Frigate Premium Ale","max_abv":7.0}]